year,province_code,batch_code,subject_track,college_code,group_code,major_code,min_score,min_rank,avg_score,avg_rank,max_score,max_rank,admitted_count,source_id
2024,AH,ordinary_undergraduate,history,1001,001,,492,32663,,,,,,src_collected_ah_2024_group_admission
2024,AH,ordinary_undergraduate,history,1003,001,,493,32100,,,,,,src_collected_ah_2024_group_admission
2024,AH,ordinary_undergraduate,history,1003,002,,491,32952,,,,,,src_collected_ah_2024_group_admission
2024,AH,ordinary_undergraduate,history,1003,003,,489,33627,,,,,,src_collected_ah_2024_group_admission
2024,AH,ordinary_undergraduate,history,1004,001,,516,23406,,,,,,src_collected_ah_2024_group_admission
2024,AH,ordinary_undergraduate,history,1004,002,,517,23013,,,,,,src_collected_ah_2024_group_admission
2024,AH,ordinary_undergraduate,history,1007,001,,492,32426,,,,,,src_collected_ah_2024_group_admission
2024,AH,ordinary_undergraduate,history,1007,002,,490,33605,,,,,,src_collected_ah_2024_group_admission
2024,AH,ordinary_undergraduate,history,1007,003,,500,29315,,,,,,src_collected_ah_2024_group_admission
2024,AH,ordinary_undergraduate,history,1010,001,,490,33370,,,,,,src_collected_ah_2024_group_admission
2024,AH,ordinary_undergraduate,history,1017,001,,490,33607,,,,,,src_collected_ah_2024_group_admission
2024,AH,ordinary_undergraduate,history,1020,001,,491,32847,,,,,,src_collected_ah_2024_group_admission
2024,AH,ordinary_undergraduate,history,1020,002,,503,28285,,,,,,src_collected_ah_2024_group_admission
2024,AH,ordinary_undergraduate,history,1020,003,,501,28916,,,,,,src_collected_ah_2024_group_admission
2024,AH,ordinary_undergraduate,history,1022,001,,510,25606,,,,,,src_collected_ah_2024_group_admission
2024,AH,ordinary_undergraduate,history,1022,002,,517,22892,,,,,,src_collected_ah_2024_group_admission
2024,AH,ordinary_undergraduate,history,1023,001,,570,8120,,,,,,src_collected_ah_2024_group_admission
2024,AH,ordinary_undergraduate,history,1024,001,,587,5237,,,,,,src_collected_ah_2024_group_admission
2024,AH,ordinary_undergraduate,history,1025,001,,462,45389,,,,,,src_collected_ah_2024_group_admission
2024,AH,ordinary_undergraduate,history,1026,001,,505,27660,,,,,,src_collected_ah_2024_group_admission
2024,AH,ordinary_undergraduate,history,1026,002,,519,22111,,,,,,src_collected_ah_2024_group_admission
2024,AH,ordinary_undergraduate,history,1027,001,,490,33524,,,,,,src_collected_ah_2024_group_admission
2024,AH,ordinary_undergraduate,history,1028,001,,500,29392,,,,,,src_collected_ah_2024_group_admission
2024,AH,ordinary_undergraduate,history,1029,006,,669,30,,,,,,src_collected_ah_2024_group_admission
2024,AH,ordinary_undergraduate,history,1030,001,,668,35,,,,,,src_collected_ah_2024_group_admission
2024,AH,ordinary_undergraduate,history,1031,001,,568,8552,,,,,,src_collected_ah_2024_group_admission
2024,AH,ordinary_undergraduate,history,1032,001,,602,3346,,,,,,src_collected_ah_2024_group_admission
2024,AH,ordinary_undergraduate,history,1032,002,,615,2012,,,,,,src_collected_ah_2024_group_admission
2024,AH,ordinary_undergraduate,history,1035,001,,517,23048,,,,,,src_collected_ah_2024_group_admission
2024,AH,ordinary_undergraduate,history,1036,001,,581,6195,,,,,,src_collected_ah_2024_group_admission
2024,AH,ordinary_undergraduate,history,1039,001,,637,698,,,,,,src_collected_ah_2024_group_admission
2024,AH,ordinary_undergraduate,history,1040,001,,602,3272,,,,,,src_collected_ah_2024_group_admission
2024,AH,ordinary_undergraduate,history,1042,001,,617,1859,,,,,,src_collected_ah_2024_group_admission
2024,AH,ordinary_undergraduate,history,1048,001,,609,2507,,,,,,src_collected_ah_2024_group_admission
2024,AH,ordinary_undergraduate,history,1049,001,,476,39271,,,,,,src_collected_ah_2024_group_admission
2024,AH,ordinary_undergraduate,history,1051,001,,631,945,,,,,,src_collected_ah_2024_group_admission
2024,AH,ordinary_undergraduate,history,1052,001,,538,15944,,,,,,src_collected_ah_2024_group_admission
2024,AH,ordinary_undergraduate,history,1052,002,,531,18011,,,,,,src_collected_ah_2024_group_admission
2024,AH,ordinary_undergraduate,history,1053,002,,605,2916,,,,,,src_collected_ah_2024_group_admission
2024,AH,ordinary_undergraduate,history,1053,003,,611,2389,,,,,,src_collected_ah_2024_group_admission
2024,AH,ordinary_undergraduate,history,1054,001,,514,23983,,,,,,src_collected_ah_2024_group_admission
2024,AH,ordinary_undergraduate,history,1057,003,,646,366,,,,,,src_collected_ah_2024_group_admission
2024,AH,ordinary_undergraduate,history,1060,001,,516,23529,,,,,,src_collected_ah_2024_group_admission
2024,AH,ordinary_undergraduate,history,1061,003,,591,4795,,,,,,src_collected_ah_2024_group_admission
2024,AH,ordinary_undergraduate,history,1061,004,,597,3972,,,,,,src_collected_ah_2024_group_admission
2024,AH,ordinary_undergraduate,history,1061,006,,594,4275,,,,,,src_collected_ah_2024_group_admission
2024,AH,ordinary_undergraduate,history,1062,004,,621,1566,,,,,,src_collected_ah_2024_group_admission
2024,AH,ordinary_undergraduate,history,1062,005,,623,1392,,,,,,src_collected_ah_2024_group_admission
2024,AH,ordinary_undergraduate,history,1064,001,,544,14249,,,,,,src_collected_ah_2024_group_admission
2024,AH,ordinary_undergraduate,history,1068,001,,548,13330,,,,,,src_collected_ah_2024_group_admission
2024,AH,ordinary_undergraduate,history,1069,001,,616,1947,,,,,,src_collected_ah_2024_group_admission
2024,AH,ordinary_undergraduate,history,1071,003,,590,4929,,,,,,src_collected_ah_2024_group_admission
2024,AH,ordinary_undergraduate,history,1071,004,,596,4010,,,,,,src_collected_ah_2024_group_admission
2024,AH,ordinary_undergraduate,history,1073,001,,608,2670,,,,,,src_collected_ah_2024_group_admission
2024,AH,ordinary_undergraduate,history,1074,001,,478,38539,,,,,,src_collected_ah_2024_group_admission
2024,AH,ordinary_undergraduate,history,1074,002,,464,44234,,,,,,src_collected_ah_2024_group_admission
2024,AH,ordinary_undergraduate,history,1080,001,,515,23924,,,,,,src_collected_ah_2024_group_admission
2024,AH,ordinary_undergraduate,history,1080,002,,505,27609,,,,,,src_collected_ah_2024_group_admission
2024,AH,ordinary_undergraduate,history,1080,003,,488,34159,,,,,,src_collected_ah_2024_group_admission
2024,AH,ordinary_undergraduate,history,1083,001,,501,29220,,,,,,src_collected_ah_2024_group_admission
2024,AH,ordinary_undergraduate,history,1085,001,,487,34619,,,,,,src_collected_ah_2024_group_admission
2024,AH,ordinary_undergraduate,history,1085,002,,492,32552,,,,,,src_collected_ah_2024_group_admission
2024,AH,ordinary_undergraduate,history,1086,001,,599,3754,,,,,,src_collected_ah_2024_group_admission
2024,AH,ordinary_undergraduate,history,1086,002,,605,3005,,,,,,src_collected_ah_2024_group_admission
2024,AH,ordinary_undergraduate,history,1089,001,,514,24189,,,,,,src_collected_ah_2024_group_admission
2024,AH,ordinary_undergraduate,history,1093,001,,501,29151,,,,,,src_collected_ah_2024_group_admission
2024,AH,ordinary_undergraduate,history,1094,001,,464,44566,,,,,,src_collected_ah_2024_group_admission
2024,AH,ordinary_undergraduate,history,1095,001,,462,45194,,,,,,src_collected_ah_2024_group_admission
2024,AH,ordinary_undergraduate,history,1098,001,,534,17162,,,,,,src_collected_ah_2024_group_admission
2024,AH,ordinary_undergraduate,history,1100,001,,482,36561,,,,,,src_collected_ah_2024_group_admission
2024,AH,ordinary_undergraduate,history,1101,001,,495,31233,,,,,,src_collected_ah_2024_group_admission
2024,AH,ordinary_undergraduate,history,1101,002,,499,29773,,,,,,src_collected_ah_2024_group_admission
2024,AH,ordinary_undergraduate,history,1106,001,,559,10428,,,,,,src_collected_ah_2024_group_admission
2024,AH,ordinary_undergraduate,history,1106,002,,565,9148,,,,,,src_collected_ah_2024_group_admission
2024,AH,ordinary_undergraduate,history,1107,001,,475,39817,,,,,,src_collected_ah_2024_group_admission
2024,AH,ordinary_undergraduate,history,1109,001,,522,20948,,,,,,src_collected_ah_2024_group_admission
2024,AH,ordinary_undergraduate,history,1114,001,,569,8401,,,,,,src_collected_ah_2024_group_admission
2024,AH,ordinary_undergraduate,history,1115,001,,487,34755,,,,,,src_collected_ah_2024_group_admission
2024,AH,ordinary_undergraduate,history,1119,001,,519,22288,,,,,,src_collected_ah_2024_group_admission
2024,AH,ordinary_undergraduate,history,1121,001,,528,19123,,,,,,src_collected_ah_2024_group_admission
2024,AH,ordinary_undergraduate,history,1121,002,,518,22587,,,,,,src_collected_ah_2024_group_admission
2024,AH,ordinary_undergraduate,history,1121,003,,521,21639,,,,,,src_collected_ah_2024_group_admission
2024,AH,ordinary_undergraduate,history,1124,002,,503,28251,,,,,,src_collected_ah_2024_group_admission
2024,AH,ordinary_undergraduate,history,1126,001,,527,19547,,,,,,src_collected_ah_2024_group_admission
2024,AH,ordinary_undergraduate,history,1127,001,,562,9835,,,,,,src_collected_ah_2024_group_admission
2024,AH,ordinary_undergraduate,history,1127,002,,563,9627,,,,,,src_collected_ah_2024_group_admission
2024,AH,ordinary_undergraduate,history,1128,001,,476,39195,,,,,,src_collected_ah_2024_group_admission
2024,AH,ordinary_undergraduate,history,1136,001,,545,14041,,,,,,src_collected_ah_2024_group_admission
2024,AH,ordinary_undergraduate,history,1136,003,,537,16338,,,,,,src_collected_ah_2024_group_admission
2024,AH,ordinary_undergraduate,history,1136,004,,506,27040,,,,,,src_collected_ah_2024_group_admission
2024,AH,ordinary_undergraduate,history,1137,001,,469,42305,,,,,,src_collected_ah_2024_group_admission
2024,AH,ordinary_undergraduate,history,1141,001,,489,33824,,,,,,src_collected_ah_2024_group_admission
2024,AH,ordinary_undergraduate,history,1141,002,,481,37143,,,,,,src_collected_ah_2024_group_admission
2024,AH,ordinary_undergraduate,history,1142,001,,583,5847,,,,,,src_collected_ah_2024_group_admission
2024,AH,ordinary_undergraduate,history,1142,002,,577,6955,,,,,,src_collected_ah_2024_group_admission
2024,AH,ordinary_undergraduate,history,1143,001,,479,38143,,,,,,src_collected_ah_2024_group_admission
2024,AH,ordinary_undergraduate,history,1145,001,,527,19313,,,,,,src_collected_ah_2024_group_admission
2024,AH,ordinary_undergraduate,history,1146,001,,485,35350,,,,,,src_collected_ah_2024_group_admission
2024,AH,ordinary_undergraduate,history,1147,001,,472,41056,,,,,,src_collected_ah_2024_group_admission
2024,AH,ordinary_undergraduate,history,1149,001,,540,15309,,,,,,src_collected_ah_2024_group_admission
2024,AH,ordinary_undergraduate,history,1149,002,,562,9711,,,,,,src_collected_ah_2024_group_admission
2024,AH,ordinary_undergraduate,history,1152,001,,469,42183,,,,,,src_collected_ah_2024_group_admission
2024,AH,ordinary_undergraduate,history,1153,001,,540,15284,,,,,,src_collected_ah_2024_group_admission
2024,AH,ordinary_undergraduate,history,1157,001,,505,27321,,,,,,src_collected_ah_2024_group_admission
2024,AH,ordinary_undergraduate,history,1163,003,,629,1055,,,,,,src_collected_ah_2024_group_admission
2024,AH,ordinary_undergraduate,history,1163,004,,631,956,,,,,,src_collected_ah_2024_group_admission
2024,AH,ordinary_undergraduate,history,1165,001,,500,29466,,,,,,src_collected_ah_2024_group_admission
2024,AH,ordinary_undergraduate,history,1169,001,,482,36995,,,,,,src_collected_ah_2024_group_admission
2024,AH,ordinary_undergraduate,history,1170,001,,488,34354,,,,,,src_collected_ah_2024_group_admission
2024,AH,ordinary_undergraduate,history,1172,001,,541,15210,,,,,,src_collected_ah_2024_group_admission
2024,AH,ordinary_undergraduate,history,1173,001,,478,38351,,,,,,src_collected_ah_2024_group_admission
2024,AH,ordinary_undergraduate,history,1182,001,,548,13221,,,,,,src_collected_ah_2024_group_admission
2024,AH,ordinary_undergraduate,history,1183,001,,522,21282,,,,,,src_collected_ah_2024_group_admission
2024,AH,ordinary_undergraduate,history,1185,001,,531,18231,,,,,,src_collected_ah_2024_group_admission
2024,AH,ordinary_undergraduate,history,1189,001,,487,34530,,,,,,src_collected_ah_2024_group_admission
2024,AH,ordinary_undergraduate,history,1189,002,,484,36051,,,,,,src_collected_ah_2024_group_admission
2024,AH,ordinary_undergraduate,history,1189,003,,466,43752,,,,,,src_collected_ah_2024_group_admission
2024,AH,ordinary_undergraduate,history,1194,001,,570,8228,,,,,,src_collected_ah_2024_group_admission
2024,AH,ordinary_undergraduate,history,1194,002,,538,16052,,,,,,src_collected_ah_2024_group_admission
2024,AH,ordinary_undergraduate,history,1197,001,,474,40279,,,,,,src_collected_ah_2024_group_admission
2024,AH,ordinary_undergraduate,history,1198,001,,502,28857,,,,,,src_collected_ah_2024_group_admission
2024,AH,ordinary_undergraduate,history,1203,001,,471,41354,,,,,,src_collected_ah_2024_group_admission
2024,AH,ordinary_undergraduate,history,1205,001,,576,7152,,,,,,src_collected_ah_2024_group_admission
2024,AH,ordinary_undergraduate,history,1205,002,,549,12992,,,,,,src_collected_ah_2024_group_admission
2024,AH,ordinary_undergraduate,history,1209,001,,484,35737,,,,,,src_collected_ah_2024_group_admission
2024,AH,ordinary_undergraduate,history,1209,002,,489,33854,,,,,,src_collected_ah_2024_group_admission
2024,AH,ordinary_undergraduate,history,1213,001,,525,20126,,,,,,src_collected_ah_2024_group_admission
2024,AH,ordinary_undergraduate,history,1215,001,,538,15921,,,,,,src_collected_ah_2024_group_admission
2024,AH,ordinary_undergraduate,history,1216,001,,472,40782,,,,,,src_collected_ah_2024_group_admission
2024,AH,ordinary_undergraduate,history,1219,001,,470,42011,,,,,,src_collected_ah_2024_group_admission
2024,AH,ordinary_undergraduate,history,1220,001,,605,2943,,,,,,src_collected_ah_2024_group_admission
2024,AH,ordinary_undergraduate,history,1220,003,,600,3600,,,,,,src_collected_ah_2024_group_admission
2024,AH,ordinary_undergraduate,history,1221,001,,505,27629,,,,,,src_collected_ah_2024_group_admission
2024,AH,ordinary_undergraduate,history,1223,001,,532,17926,,,,,,src_collected_ah_2024_group_admission
2024,AH,ordinary_undergraduate,history,1225,001,,612,2274,,,,,,src_collected_ah_2024_group_admission
2024,AH,ordinary_undergraduate,history,1227,001,,471,41568,,,,,,src_collected_ah_2024_group_admission
2024,AH,ordinary_undergraduate,history,1228,002,,518,22667,,,,,,src_collected_ah_2024_group_admission
2024,AH,ordinary_undergraduate,history,1230,001,,546,13858,,,,,,src_collected_ah_2024_group_admission
2024,AH,ordinary_undergraduate,history,1230,002,,547,13558,,,,,,src_collected_ah_2024_group_admission
2024,AH,ordinary_undergraduate,history,1230,003,,548,13305,,,,,,src_collected_ah_2024_group_admission
2024,AH,ordinary_undergraduate,history,1231,001,,562,9875,,,,,,src_collected_ah_2024_group_admission
2024,AH,ordinary_undergraduate,history,1232,001,,466,43674,,,,,,src_collected_ah_2024_group_admission
2024,AH,ordinary_undergraduate,history,1233,001,,465,44100,,,,,,src_collected_ah_2024_group_admission
2024,AH,ordinary_undergraduate,history,1236,001,,490,33541,,,,,,src_collected_ah_2024_group_admission
2024,AH,ordinary_undergraduate,history,1236,002,,489,33723,,,,,,src_collected_ah_2024_group_admission
2024,AH,ordinary_undergraduate,history,1245,001,,516,23331,,,,,,src_collected_ah_2024_group_admission
2024,AH,ordinary_undergraduate,history,1246,001,,479,38189,,,,,,src_collected_ah_2024_group_admission
2024,AH,ordinary_undergraduate,history,1247,001,,623,1409,,,,,,src_collected_ah_2024_group_admission
2024,AH,ordinary_undergraduate,history,1249,001,,478,38658,,,,,,src_collected_ah_2024_group_admission
2024,AH,ordinary_undergraduate,history,1250,001,,462,45215,,,,,,src_collected_ah_2024_group_admission
2024,AH,ordinary_undergraduate,history,1251,002,,594,4368,,,,,,src_collected_ah_2024_group_admission
2024,AH,ordinary_undergraduate,history,1252,001,,615,2056,,,,,,src_collected_ah_2024_group_admission
2024,AH,ordinary_undergraduate,history,1252,002,,620,1670,,,,,,src_collected_ah_2024_group_admission
2024,AH,ordinary_undergraduate,history,1253,001,,609,2554,,,,,,src_collected_ah_2024_group_admission
2024,AH,ordinary_undergraduate,history,1254,001,,514,24046,,,,,,src_collected_ah_2024_group_admission
2024,AH,ordinary_undergraduate,history,1254,002,,530,18303,,,,,,src_collected_ah_2024_group_admission
2024,AH,ordinary_undergraduate,history,1255,001,,584,5697,,,,,,src_collected_ah_2024_group_admission
2024,AH,ordinary_undergraduate,history,1255,002,,586,5498,,,,,,src_collected_ah_2024_group_admission
2024,AH,ordinary_undergraduate,history,1256,002,,584,5713,,,,,,src_collected_ah_2024_group_admission
2024,AH,ordinary_undergraduate,history,1256,003,,560,10227,,,,,,src_collected_ah_2024_group_admission
2024,AH,ordinary_undergraduate,history,1256,004,,552,12267,,,,,,src_collected_ah_2024_group_admission
2024,AH,ordinary_undergraduate,history,1257,007,,603,3145,,,,,,src_collected_ah_2024_group_admission
2024,AH,ordinary_undergraduate,history,1257,009,,614,2127,,,,,,src_collected_ah_2024_group_admission
2024,AH,ordinary_undergraduate,history,1258,001,,543,14536,,,,,,src_collected_ah_2024_group_admission
2024,AH,ordinary_undergraduate,history,1261,002,,605,2983,,,,,,src_collected_ah_2024_group_admission
2024,AH,ordinary_undergraduate,history,1262,001,,532,17781,,,,,,src_collected_ah_2024_group_admission
2024,AH,ordinary_undergraduate,history,1262,002,,528,19108,,,,,,src_collected_ah_2024_group_admission
2024,AH,ordinary_undergraduate,history,1263,002,,639,635,,,,,,src_collected_ah_2024_group_admission
2024,AH,ordinary_undergraduate,history,1265,001,,487,34582,,,,,,src_collected_ah_2024_group_admission
2024,AH,ordinary_undergraduate,history,1268,005,,627,1175,,,,,,src_collected_ah_2024_group_admission
2024,AH,ordinary_undergraduate,history,1268,006,,625,1315,,,,,,src_collected_ah_2024_group_admission
2024,AH,ordinary_undergraduate,history,1271,001,,493,32160,,,,,,src_collected_ah_2024_group_admission
2024,AH,ordinary_undergraduate,history,1272,001,,495,31565,,,,,,src_collected_ah_2024_group_admission
2024,AH,ordinary_undergraduate,history,1276,001,,491,33140,,,,,,src_collected_ah_2024_group_admission
2024,AH,ordinary_undergraduate,history,1277,001,,517,22889,,,,,,src_collected_ah_2024_group_admission
2024,AH,ordinary_undergraduate,history,1278,001,,521,21495,,,,,,src_collected_ah_2024_group_admission
2024,AH,ordinary_undergraduate,history,1281,001,,553,11869,,,,,,src_collected_ah_2024_group_admission
2024,AH,ordinary_undergraduate,history,1284,001,,498,30230,,,,,,src_collected_ah_2024_group_admission
2024,AH,ordinary_undergraduate,history,1286,002,,592,4528,,,,,,src_collected_ah_2024_group_admission
2024,AH,ordinary_undergraduate,history,1287,001,,479,37904,,,,,,src_collected_ah_2024_group_admission
2024,AH,ordinary_undergraduate,history,1287,003,,471,41533,,,,,,src_collected_ah_2024_group_admission
2024,AH,ordinary_undergraduate,history,1293,001,,526,19883,,,,,,src_collected_ah_2024_group_admission
2024,AH,ordinary_undergraduate,history,1295,001,,479,37897,,,,,,src_collected_ah_2024_group_admission
2024,AH,ordinary_undergraduate,history,1296,001,,462,45286,,,,,,src_collected_ah_2024_group_admission
2024,AH,ordinary_undergraduate,history,1298,001,,466,43557,,,,,,src_collected_ah_2024_group_admission
2024,AH,ordinary_undergraduate,history,1300,001,,463,45077,,,,,,src_collected_ah_2024_group_admission
2024,AH,ordinary_undergraduate,history,1306,003,,666,57,,,,,,src_collected_ah_2024_group_admission
2024,AH,ordinary_undergraduate,history,1306,004,,660,103,,,,,,src_collected_ah_2024_group_admission
2024,AH,ordinary_undergraduate,history,1314,001,,548,13333,,,,,,src_collected_ah_2024_group_admission
2024,AH,ordinary_undergraduate,history,1314,002,,556,11235,,,,,,src_collected_ah_2024_group_admission
2024,AH,ordinary_undergraduate,history,1316,001,,499,29884,,,,,,src_collected_ah_2024_group_admission
2024,AH,ordinary_undergraduate,history,1317,001,,498,30141,,,,,,src_collected_ah_2024_group_admission
2024,AH,ordinary_undergraduate,history,1318,001,,525,20110,,,,,,src_collected_ah_2024_group_admission
2024,AH,ordinary_undergraduate,history,1318,002,,504,27982,,,,,,src_collected_ah_2024_group_admission
2024,AH,ordinary_undergraduate,history,1318,003,,492,32571,,,,,,src_collected_ah_2024_group_admission
2024,AH,ordinary_undergraduate,history,1318,004,,529,18823,,,,,,src_collected_ah_2024_group_admission
2024,AH,ordinary_undergraduate,history,1318,005,,519,22189,,,,,,src_collected_ah_2024_group_admission
2024,AH,ordinary_undergraduate,history,1321,001,,506,27173,,,,,,src_collected_ah_2024_group_admission
2024,AH,ordinary_undergraduate,history,1321,002,,501,28955,,,,,,src_collected_ah_2024_group_admission
2024,AH,ordinary_undergraduate,history,1326,001,,462,45514,,,,,,src_collected_ah_2024_group_admission
2024,AH,ordinary_undergraduate,history,1328,001,,577,6865,,,,,,src_collected_ah_2024_group_admission
2024,AH,ordinary_undergraduate,history,1335,001,,462,45277,,,,,,src_collected_ah_2024_group_admission
2024,AH,ordinary_undergraduate,history,1336,003,,558,10716,,,,,,src_collected_ah_2024_group_admission
2024,AH,ordinary_undergraduate,history,1336,004,,566,8953,,,,,,src_collected_ah_2024_group_admission
2024,AH,ordinary_undergraduate,history,1340,001,,521,21592,,,,,,src_collected_ah_2024_group_admission
2024,AH,ordinary_undergraduate,history,1343,001,,537,16424,,,,,,src_collected_ah_2024_group_admission
2024,AH,ordinary_undergraduate,history,1345,001,,468,42895,,,,,,src_collected_ah_2024_group_admission
2024,AH,ordinary_undergraduate,history,1352,001,,464,44527,,,,,,src_collected_ah_2024_group_admission
2024,AH,ordinary_undergraduate,history,1354,002,,497,30579,,,,,,src_collected_ah_2024_group_admission
2024,AH,ordinary_undergraduate,history,1354,003,,504,28038,,,,,,src_collected_ah_2024_group_admission
2024,AH,ordinary_undergraduate,history,1359,001,,573,7552,,,,,,src_collected_ah_2024_group_admission
2024,AH,ordinary_undergraduate,history,1359,002,,586,5419,,,,,,src_collected_ah_2024_group_admission
2024,AH,ordinary_undergraduate,history,1360,001,,464,44368,,,,,,src_collected_ah_2024_group_admission
2024,AH,ordinary_undergraduate,history,1367,001,,517,22841,,,,,,src_collected_ah_2024_group_admission
2024,AH,ordinary_undergraduate,history,1372,001,,509,26170,,,,,,src_collected_ah_2024_group_admission
2024,AH,ordinary_undergraduate,history,1382,001,,510,25402,,,,,,src_collected_ah_2024_group_admission
2024,AH,ordinary_undergraduate,history,1382,002,,499,29765,,,,,,src_collected_ah_2024_group_admission
2024,AH,ordinary_undergraduate,history,1385,001,,503,28311,,,,,,src_collected_ah_2024_group_admission
2024,AH,ordinary_undergraduate,history,1385,002,,516,23368,,,,,,src_collected_ah_2024_group_admission
2024,AH,ordinary_undergraduate,history,1386,001,,471,41486,,,,,,src_collected_ah_2024_group_admission
2024,AH,ordinary_undergraduate,history,1388,001,,555,11411,,,,,,src_collected_ah_2024_group_admission
2024,AH,ordinary_undergraduate,history,1388,002,,560,10347,,,,,,src_collected_ah_2024_group_admission
2024,AH,ordinary_undergraduate,history,1391,001,,462,45344,,,,,,src_collected_ah_2024_group_admission
2024,AH,ordinary_undergraduate,history,1394,001,,478,38399,,,,,,src_collected_ah_2024_group_admission
2024,AH,ordinary_undergraduate,history,1394,002,,483,36216,,,,,,src_collected_ah_2024_group_admission
2024,AH,ordinary_undergraduate,history,1402,001,,462,45290,,,,,,src_collected_ah_2024_group_admission
2024,AH,ordinary_undergraduate,history,1403,001,,580,6418,,,,,,src_collected_ah_2024_group_admission
2024,AH,ordinary_undergraduate,history,1406,001,,462,45516,,,,,,src_collected_ah_2024_group_admission
2024,AH,ordinary_undergraduate,history,1409,001,,462,45345,,,,,,src_collected_ah_2024_group_admission
2024,AH,ordinary_undergraduate,history,1411,001,,462,45331,,,,,,src_collected_ah_2024_group_admission
2024,AH,ordinary_undergraduate,history,1418,001,,462,45526,,,,,,src_collected_ah_2024_group_admission
2024,AH,ordinary_undergraduate,history,1421,001,,465,44137,,,,,,src_collected_ah_2024_group_admission
2024,AH,ordinary_undergraduate,history,1426,001,,462,45139,,,,,,src_collected_ah_2024_group_admission
2024,AH,ordinary_undergraduate,history,1428,001,,462,45317,,,,,,src_collected_ah_2024_group_admission
2024,AH,ordinary_undergraduate,history,1429,001,,572,7741,,,,,,src_collected_ah_2024_group_admission
2024,AH,ordinary_undergraduate,history,1429,002,,560,10133,,,,,,src_collected_ah_2024_group_admission
2024,AH,ordinary_undergraduate,history,1433,001,,518,22417,,,,,,src_collected_ah_2024_group_admission
2024,AH,ordinary_undergraduate,history,1433,002,,503,28381,,,,,,src_collected_ah_2024_group_admission
2024,AH,ordinary_undergraduate,history,1434,003,,585,5639,,,,,,src_collected_ah_2024_group_admission
2024,AH,ordinary_undergraduate,history,1434,004,,592,4608,,,,,,src_collected_ah_2024_group_admission
2024,AH,ordinary_undergraduate,history,1436,001,,486,35177,,,,,,src_collected_ah_2024_group_admission
2024,AH,ordinary_undergraduate,history,1436,002,,487,34483,,,,,,src_collected_ah_2024_group_admission
2024,AH,ordinary_undergraduate,history,1443,001,,481,37023,,,,,,src_collected_ah_2024_group_admission
2024,AH,ordinary_undergraduate,history,1445,001,,489,33831,,,,,,src_collected_ah_2024_group_admission
2024,AH,ordinary_undergraduate,history,1447,001,,499,29803,,,,,,src_collected_ah_2024_group_admission
2024,AH,ordinary_undergraduate,history,1447,002,,490,33387,,,,,,src_collected_ah_2024_group_admission
2024,AH,ordinary_undergraduate,history,1447,003,,500,29617,,,,,,src_collected_ah_2024_group_admission
2024,AH,ordinary_undergraduate,history,1447,004,,501,29272,,,,,,src_collected_ah_2024_group_admission
2024,AH,ordinary_undergraduate,history,1451,001,,528,19181,,,,,,src_collected_ah_2024_group_admission
2024,AH,ordinary_undergraduate,history,1452,001,,490,33513,,,,,,src_collected_ah_2024_group_admission
2024,AH,ordinary_undergraduate,history,1453,001,,495,31394,,,,,,src_collected_ah_2024_group_admission
2024,AH,ordinary_undergraduate,history,1454,001,,488,34065,,,,,,src_collected_ah_2024_group_admission
2024,AH,ordinary_undergraduate,history,1458,001,,466,43519,,,,,,src_collected_ah_2024_group_admission
2024,AH,ordinary_undergraduate,history,1459,001,,477,38802,,,,,,src_collected_ah_2024_group_admission
2024,AH,ordinary_undergraduate,history,1460,001,,510,25427,,,,,,src_collected_ah_2024_group_admission
2024,AH,ordinary_undergraduate,history,1465,001,,595,4212,,,,,,src_collected_ah_2024_group_admission
2024,AH,ordinary_undergraduate,history,1465,002,,604,3074,,,,,,src_collected_ah_2024_group_admission
2024,AH,ordinary_undergraduate,history,1466,001,,628,1092,,,,,,src_collected_ah_2024_group_admission
2024,AH,ordinary_undergraduate,history,1467,001,,628,1121,,,,,,src_collected_ah_2024_group_admission
2024,AH,ordinary_undergraduate,history,1468,001,,623,1397,,,,,,src_collected_ah_2024_group_admission
2024,AH,ordinary_undergraduate,history,1471,001,,462,45229,,,,,,src_collected_ah_2024_group_admission
2024,AH,ordinary_undergraduate,history,1472,001,,489,33912,,,,,,src_collected_ah_2024_group_admission
2024,AH,ordinary_undergraduate,history,1475,001,,511,25145,,,,,,src_collected_ah_2024_group_admission
2024,AH,ordinary_undergraduate,history,1476,001,,507,26832,,,,,,src_collected_ah_2024_group_admission
2024,AH,ordinary_undergraduate,history,1476,002,,521,21637,,,,,,src_collected_ah_2024_group_admission
2024,AH,ordinary_undergraduate,history,1478,001,,485,35421,,,,,,src_collected_ah_2024_group_admission
2024,AH,ordinary_undergraduate,history,1480,001,,504,28066,,,,,,src_collected_ah_2024_group_admission
2024,AH,ordinary_undergraduate,history,1480,002,,495,31591,,,,,,src_collected_ah_2024_group_admission
2024,AH,ordinary_undergraduate,history,1480,003,,509,26042,,,,,,src_collected_ah_2024_group_admission
2024,AH,ordinary_undergraduate,history,1480,004,,503,28445,,,,,,src_collected_ah_2024_group_admission
2024,AH,ordinary_undergraduate,history,1481,001,,549,13003,,,,,,src_collected_ah_2024_group_admission
2024,AH,ordinary_undergraduate,history,1481,002,,560,10208,,,,,,src_collected_ah_2024_group_admission
2024,AH,ordinary_undergraduate,history,1484,001,,478,38383,,,,,,src_collected_ah_2024_group_admission
2024,AH,ordinary_undergraduate,history,1488,001,,581,6257,,,,,,src_collected_ah_2024_group_admission
2024,AH,ordinary_undergraduate,history,1488,002,,585,5519,,,,,,src_collected_ah_2024_group_admission
2024,AH,ordinary_undergraduate,history,1488,004,,595,4182,,,,,,src_collected_ah_2024_group_admission
2024,AH,ordinary_undergraduate,history,1488,005,,586,5435,,,,,,src_collected_ah_2024_group_admission
2024,AH,ordinary_undergraduate,history,1493,001,,462,45431,,,,,,src_collected_ah_2024_group_admission
2024,AH,ordinary_undergraduate,history,1494,001,,489,33786,,,,,,src_collected_ah_2024_group_admission
2024,AH,ordinary_undergraduate,history,1494,004,,493,32085,,,,,,src_collected_ah_2024_group_admission
2024,AH,ordinary_undergraduate,history,1496,001,,544,14307,,,,,,src_collected_ah_2024_group_admission
2024,AH,ordinary_undergraduate,history,1496,002,,483,36386,,,,,,src_collected_ah_2024_group_admission
2024,AH,ordinary_undergraduate,history,1496,004,,556,11296,,,,,,src_collected_ah_2024_group_admission
2024,AH,ordinary_undergraduate,history,1496,005,,555,11503,,,,,,src_collected_ah_2024_group_admission
2024,AH,ordinary_undergraduate,history,1499,001,,510,25454,,,,,,src_collected_ah_2024_group_admission
2024,AH,ordinary_undergraduate,history,1502,001,,508,26270,,,,,,src_collected_ah_2024_group_admission
2024,AH,ordinary_undergraduate,history,1505,001,,513,24552,,,,,,src_collected_ah_2024_group_admission
2024,AH,ordinary_undergraduate,history,1506,001,,486,34923,,,,,,src_collected_ah_2024_group_admission
2024,AH,ordinary_undergraduate,history,1508,001,,577,6867,,,,,,src_collected_ah_2024_group_admission
2024,AH,ordinary_undergraduate,history,1511,001,,577,6992,,,,,,src_collected_ah_2024_group_admission
2024,AH,ordinary_undergraduate,history,1515,001,,598,3875,,,,,,src_collected_ah_2024_group_admission
2024,AH,ordinary_undergraduate,history,1515,002,,607,2769,,,,,,src_collected_ah_2024_group_admission
2024,AH,ordinary_undergraduate,history,1516,001,,591,4732,,,,,,src_collected_ah_2024_group_admission
2024,AH,ordinary_undergraduate,history,1516,002,,589,5022,,,,,,src_collected_ah_2024_group_admission
2024,AH,ordinary_undergraduate,history,1522,001,,507,26581,,,,,,src_collected_ah_2024_group_admission
2024,AH,ordinary_undergraduate,history,1523,001,,483,36371,,,,,,src_collected_ah_2024_group_admission
2024,AH,ordinary_undergraduate,history,1523,002,,478,38266,,,,,,src_collected_ah_2024_group_admission
2024,AH,ordinary_undergraduate,history,1524,001,,473,40419,,,,,,src_collected_ah_2024_group_admission
2024,AH,ordinary_undergraduate,history,1524,002,,473,40392,,,,,,src_collected_ah_2024_group_admission
2024,AH,ordinary_undergraduate,history,1527,001,,482,36614,,,,,,src_collected_ah_2024_group_admission
2024,AH,ordinary_undergraduate,history,1534,001,,488,34282,,,,,,src_collected_ah_2024_group_admission
2024,AH,ordinary_undergraduate,history,1537,001,,487,34464,,,,,,src_collected_ah_2024_group_admission
2024,AH,ordinary_undergraduate,history,1539,001,,489,33751,,,,,,src_collected_ah_2024_group_admission
2024,AH,ordinary_undergraduate,history,1540,001,,523,20759,,,,,,src_collected_ah_2024_group_admission
2024,AH,ordinary_undergraduate,history,1542,001,,487,34639,,,,,,src_collected_ah_2024_group_admission
2024,AH,ordinary_undergraduate,history,1544,001,,473,40371,,,,,,src_collected_ah_2024_group_admission
2024,AH,ordinary_undergraduate,history,1544,002,,471,41377,,,,,,src_collected_ah_2024_group_admission
2024,AH,ordinary_undergraduate,history,1551,001,,549,13097,,,,,,src_collected_ah_2024_group_admission
2024,AH,ordinary_undergraduate,history,1551,002,,573,7649,,,,,,src_collected_ah_2024_group_admission
2024,AH,ordinary_undergraduate,history,1551,003,,564,9351,,,,,,src_collected_ah_2024_group_admission
2024,AH,ordinary_undergraduate,history,1556,001,,463,44978,,,,,,src_collected_ah_2024_group_admission
2024,AH,ordinary_undergraduate,history,1561,001,,486,34862,,,,,,src_collected_ah_2024_group_admission
2024,AH,ordinary_undergraduate,history,1562,003,,607,2704,,,,,,src_collected_ah_2024_group_admission
2024,AH,ordinary_undergraduate,history,1562,004,,617,1882,,,,,,src_collected_ah_2024_group_admission
2024,AH,ordinary_undergraduate,history,1563,001,,561,10005,,,,,,src_collected_ah_2024_group_admission
2024,AH,ordinary_undergraduate,history,1564,001,,499,29953,,,,,,src_collected_ah_2024_group_admission
2024,AH,ordinary_undergraduate,history,1566,001,,487,34794,,,,,,src_collected_ah_2024_group_admission
2024,AH,ordinary_undergraduate,history,1567,001,,581,6250,,,,,,src_collected_ah_2024_group_admission
2024,AH,ordinary_undergraduate,history,1567,003,,589,5032,,,,,,src_collected_ah_2024_group_admission
2024,AH,ordinary_undergraduate,history,1567,004,,586,5386,,,,,,src_collected_ah_2024_group_admission
2024,AH,ordinary_undergraduate,history,1568,001,,497,30514,,,,,,src_collected_ah_2024_group_admission
2024,AH,ordinary_undergraduate,history,1570,001,,540,15506,,,,,,src_collected_ah_2024_group_admission
2024,AH,ordinary_undergraduate,history,1575,001,,473,40527,,,,,,src_collected_ah_2024_group_admission
2024,AH,ordinary_undergraduate,history,1576,001,,539,15798,,,,,,src_collected_ah_2024_group_admission
2024,AH,ordinary_undergraduate,history,1577,001,,509,26095,,,,,,src_collected_ah_2024_group_admission
2024,AH,ordinary_undergraduate,history,1578,001,,538,16110,,,,,,src_collected_ah_2024_group_admission
2024,AH,ordinary_undergraduate,history,1579,001,,489,33650,,,,,,src_collected_ah_2024_group_admission
2024,AH,ordinary_undergraduate,history,1579,002,,486,35173,,,,,,src_collected_ah_2024_group_admission
2024,AH,ordinary_undergraduate,history,1580,001,,523,20766,,,,,,src_collected_ah_2024_group_admission
2024,AH,ordinary_undergraduate,history,1583,001,,488,34247,,,,,,src_collected_ah_2024_group_admission
2024,AH,ordinary_undergraduate,history,1583,002,,558,10811,,,,,,src_collected_ah_2024_group_admission
2024,AH,ordinary_undergraduate,history,1590,001,,521,21582,,,,,,src_collected_ah_2024_group_admission
2024,AH,ordinary_undergraduate,history,1590,002,,539,15583,,,,,,src_collected_ah_2024_group_admission
2024,AH,ordinary_undergraduate,history,1591,001,,490,33456,,,,,,src_collected_ah_2024_group_admission
2024,AH,ordinary_undergraduate,history,1594,001,,513,24424,,,,,,src_collected_ah_2024_group_admission
2024,AH,ordinary_undergraduate,history,1599,001,,490,33444,,,,,,src_collected_ah_2024_group_admission
2024,AH,ordinary_undergraduate,history,1600,001,,493,32379,,,,,,src_collected_ah_2024_group_admission
2024,AH,ordinary_undergraduate,history,1600,002,,490,33552,,,,,,src_collected_ah_2024_group_admission
2024,AH,ordinary_undergraduate,history,1603,004,,572,7845,,,,,,src_collected_ah_2024_group_admission
2024,AH,ordinary_undergraduate,history,1605,001,,490,33272,,,,,,src_collected_ah_2024_group_admission
2024,AH,ordinary_undergraduate,history,1606,001,,463,44742,,,,,,src_collected_ah_2024_group_admission
2024,AH,ordinary_undergraduate,history,1607,001,,486,34959,,,,,,src_collected_ah_2024_group_admission
2024,AH,ordinary_undergraduate,history,1607,002,,488,34039,,,,,,src_collected_ah_2024_group_admission
2024,AH,ordinary_undergraduate,history,1611,001,,502,28796,,,,,,src_collected_ah_2024_group_admission
2024,AH,ordinary_undergraduate,history,1611,002,,515,23875,,,,,,src_collected_ah_2024_group_admission
2024,AH,ordinary_undergraduate,history,1623,001,,463,45058,,,,,,src_collected_ah_2024_group_admission
2024,AH,ordinary_undergraduate,history,1627,001,,504,27966,,,,,,src_collected_ah_2024_group_admission
2024,AH,ordinary_undergraduate,history,1628,001,,491,32993,,,,,,src_collected_ah_2024_group_admission
2024,AH,ordinary_undergraduate,history,1628,002,,494,31821,,,,,,src_collected_ah_2024_group_admission
2024,AH,ordinary_undergraduate,history,1630,001,,522,21024,,,,,,src_collected_ah_2024_group_admission
2024,AH,ordinary_undergraduate,history,1630,002,,527,19376,,,,,,src_collected_ah_2024_group_admission
2024,AH,ordinary_undergraduate,history,1631,001,,478,38548,,,,,,src_collected_ah_2024_group_admission
2024,AH,ordinary_undergraduate,history,1631,002,,505,27410,,,,,,src_collected_ah_2024_group_admission
2024,AH,ordinary_undergraduate,history,1632,001,,491,33103,,,,,,src_collected_ah_2024_group_admission
2024,AH,ordinary_undergraduate,history,1633,001,,485,35703,,,,,,src_collected_ah_2024_group_admission
2024,AH,ordinary_undergraduate,history,1635,001,,576,7162,,,,,,src_collected_ah_2024_group_admission
2024,AH,ordinary_undergraduate,history,1635,002,,583,5907,,,,,,src_collected_ah_2024_group_admission
2024,AH,ordinary_undergraduate,history,1635,004,,581,6325,,,,,,src_collected_ah_2024_group_admission
2024,AH,ordinary_undergraduate,history,1636,001,,496,31107,,,,,,src_collected_ah_2024_group_admission
2024,AH,ordinary_undergraduate,history,1637,001,,517,22895,,,,,,src_collected_ah_2024_group_admission
2024,AH,ordinary_undergraduate,history,1637,002,,519,22052,,,,,,src_collected_ah_2024_group_admission
2024,AH,ordinary_undergraduate,history,1640,001,,483,36380,,,,,,src_collected_ah_2024_group_admission
2024,AH,ordinary_undergraduate,history,1642,001,,563,9509,,,,,,src_collected_ah_2024_group_admission
2024,AH,ordinary_undergraduate,history,1643,001,,475,39501,,,,,,src_collected_ah_2024_group_admission
2024,AH,ordinary_undergraduate,history,1648,001,,524,20573,,,,,,src_collected_ah_2024_group_admission
2024,AH,ordinary_undergraduate,history,1649,001,,468,42576,,,,,,src_collected_ah_2024_group_admission
2024,AH,ordinary_undergraduate,history,1650,001,,524,20406,,,,,,src_collected_ah_2024_group_admission
2024,AH,ordinary_undergraduate,history,1652,001,,508,26342,,,,,,src_collected_ah_2024_group_admission
2024,AH,ordinary_undergraduate,history,1654,001,,497,30609,,,,,,src_collected_ah_2024_group_admission
2024,AH,ordinary_undergraduate,history,1655,001,,515,23582,,,,,,src_collected_ah_2024_group_admission
2024,AH,ordinary_undergraduate,history,1656,001,,517,23108,,,,,,src_collected_ah_2024_group_admission
2024,AH,ordinary_undergraduate,history,1656,002,,511,25154,,,,,,src_collected_ah_2024_group_admission
2024,AH,ordinary_undergraduate,history,1662,001,,541,15212,,,,,,src_collected_ah_2024_group_admission
2024,AH,ordinary_undergraduate,history,1662,002,,553,11949,,,,,,src_collected_ah_2024_group_admission
2024,AH,ordinary_undergraduate,history,1663,001,,512,24962,,,,,,src_collected_ah_2024_group_admission
2024,AH,ordinary_undergraduate,history,1667,001,,505,27353,,,,,,src_collected_ah_2024_group_admission
2024,AH,ordinary_undergraduate,history,1667,002,,488,34140,,,,,,src_collected_ah_2024_group_admission
2024,AH,ordinary_undergraduate,history,1668,001,,502,28609,,,,,,src_collected_ah_2024_group_admission
2024,AH,ordinary_undergraduate,history,1669,001,,504,28070,,,,,,src_collected_ah_2024_group_admission
2024,AH,ordinary_undergraduate,history,1674,001,,522,21205,,,,,,src_collected_ah_2024_group_admission
2024,AH,ordinary_undergraduate,history,1678,001,,514,23939,,,,,,src_collected_ah_2024_group_admission
2024,AH,ordinary_undergraduate,history,1680,001,,496,30981,,,,,,src_collected_ah_2024_group_admission
2024,AH,ordinary_undergraduate,history,1681,002,,627,1189,,,,,,src_collected_ah_2024_group_admission
2024,AH,ordinary_undergraduate,history,1686,001,,502,28701,,,,,,src_collected_ah_2024_group_admission
2024,AH,ordinary_undergraduate,history,1687,001,,474,40272,,,,,,src_collected_ah_2024_group_admission
2024,AH,ordinary_undergraduate,history,1689,001,,558,10670,,,,,,src_collected_ah_2024_group_admission
2024,AH,ordinary_undergraduate,history,1689,002,,557,11019,,,,,,src_collected_ah_2024_group_admission
2024,AH,ordinary_undergraduate,history,1690,001,,503,28215,,,,,,src_collected_ah_2024_group_admission
2024,AH,ordinary_undergraduate,history,1691,001,,542,14706,,,,,,src_collected_ah_2024_group_admission
2024,AH,ordinary_undergraduate,history,1700,001,,552,12075,,,,,,src_collected_ah_2024_group_admission
2024,AH,ordinary_undergraduate,history,1700,002,,569,8404,,,,,,src_collected_ah_2024_group_admission
2024,AH,ordinary_undergraduate,history,1701,001,,487,34436,,,,,,src_collected_ah_2024_group_admission
2024,AH,ordinary_undergraduate,history,1702,001,,508,26396,,,,,,src_collected_ah_2024_group_admission
2024,AH,ordinary_undergraduate,history,1706,001,,494,32015,,,,,,src_collected_ah_2024_group_admission
2024,AH,ordinary_undergraduate,history,1707,001,,522,21116,,,,,,src_collected_ah_2024_group_admission
2024,AH,ordinary_undergraduate,history,1709,001,,489,33977,,,,,,src_collected_ah_2024_group_admission
2024,AH,ordinary_undergraduate,history,1715,001,,463,45056,,,,,,src_collected_ah_2024_group_admission
2024,AH,ordinary_undergraduate,history,1717,001,,597,3908,,,,,,src_collected_ah_2024_group_admission
2024,AH,ordinary_undergraduate,history,1717,002,,595,4160,,,,,,src_collected_ah_2024_group_admission
2024,AH,ordinary_undergraduate,history,1717,003,,607,2707,,,,,,src_collected_ah_2024_group_admission
2024,AH,ordinary_undergraduate,history,1717,004,,603,3231,,,,,,src_collected_ah_2024_group_admission
2024,AH,ordinary_undergraduate,history,1725,001,,505,27338,,,,,,src_collected_ah_2024_group_admission
2024,AH,ordinary_undergraduate,history,1726,001,,483,36241,,,,,,src_collected_ah_2024_group_admission
2024,AH,ordinary_undergraduate,history,1729,001,,471,41253,,,,,,src_collected_ah_2024_group_admission
2024,AH,ordinary_undergraduate,history,1729,002,,471,41472,,,,,,src_collected_ah_2024_group_admission
2024,AH,ordinary_undergraduate,history,1729,003,,471,41222,,,,,,src_collected_ah_2024_group_admission
2024,AH,ordinary_undergraduate,history,1729,004,,470,42022,,,,,,src_collected_ah_2024_group_admission
2024,AH,ordinary_undergraduate,history,1732,001,,520,21800,,,,,,src_collected_ah_2024_group_admission
2024,AH,ordinary_undergraduate,history,1734,001,,537,16170,,,,,,src_collected_ah_2024_group_admission
2024,AH,ordinary_undergraduate,history,1735,001,,510,25759,,,,,,src_collected_ah_2024_group_admission
2024,AH,ordinary_undergraduate,history,1737,001,,594,4285,,,,,,src_collected_ah_2024_group_admission
2024,AH,ordinary_undergraduate,history,1738,002,,604,3129,,,,,,src_collected_ah_2024_group_admission
2024,AH,ordinary_undergraduate,history,1739,001,,492,32678,,,,,,src_collected_ah_2024_group_admission
2024,AH,ordinary_undergraduate,history,1740,001,,534,17117,,,,,,src_collected_ah_2024_group_admission
2024,AH,ordinary_undergraduate,history,1741,001,,525,20014,,,,,,src_collected_ah_2024_group_admission
2024,AH,ordinary_undergraduate,history,1743,001,,557,11058,,,,,,src_collected_ah_2024_group_admission
2024,AH,ordinary_undergraduate,history,1743,002,,553,11948,,,,,,src_collected_ah_2024_group_admission
2024,AH,ordinary_undergraduate,history,1743,003,,535,16851,,,,,,src_collected_ah_2024_group_admission
2024,AH,ordinary_undergraduate,history,1744,002,,602,3315,,,,,,src_collected_ah_2024_group_admission
2024,AH,ordinary_undergraduate,history,1745,008,,637,686,,,,,,src_collected_ah_2024_group_admission
2024,AH,ordinary_undergraduate,history,1745,009,,635,779,,,,,,src_collected_ah_2024_group_admission
2024,AH,ordinary_undergraduate,history,1745,051,,629,1076,,,,,,src_collected_ah_2024_group_admission
2024,AH,ordinary_undergraduate,history,1746,003,,614,2099,,,,,,src_collected_ah_2024_group_admission
2024,AH,ordinary_undergraduate,history,1747,001,,622,1469,,,,,,src_collected_ah_2024_group_admission
2024,AH,ordinary_undergraduate,history,1749,001,,603,3193,,,,,,src_collected_ah_2024_group_admission
2024,AH,ordinary_undergraduate,history,1749,002,,612,2302,,,,,,src_collected_ah_2024_group_admission
2024,AH,ordinary_undergraduate,history,1750,002,,569,8405,,,,,,src_collected_ah_2024_group_admission
2024,AH,ordinary_undergraduate,history,1750,003,,575,7225,,,,,,src_collected_ah_2024_group_admission
2024,AH,ordinary_undergraduate,history,1751,001,,631,960,,,,,,src_collected_ah_2024_group_admission
2024,AH,ordinary_undergraduate,history,1752,001,,591,4690,,,,,,src_collected_ah_2024_group_admission
2024,AH,ordinary_undergraduate,history,1753,008,,615,2021,,,,,,src_collected_ah_2024_group_admission
2024,AH,ordinary_undergraduate,history,1753,009,,622,1460,,,,,,src_collected_ah_2024_group_admission
2024,AH,ordinary_undergraduate,history,1756,001,,530,18489,,,,,,src_collected_ah_2024_group_admission
2024,AH,ordinary_undergraduate,history,1758,001,,518,22686,,,,,,src_collected_ah_2024_group_admission
2024,AH,ordinary_undergraduate,history,1758,002,,518,22527,,,,,,src_collected_ah_2024_group_admission
2024,AH,ordinary_undergraduate,history,1760,001,,475,39857,,,,,,src_collected_ah_2024_group_admission
2024,AH,ordinary_undergraduate,history,1762,001,,496,31101,,,,,,src_collected_ah_2024_group_admission
2024,AH,ordinary_undergraduate,history,1762,002,,497,30766,,,,,,src_collected_ah_2024_group_admission
2024,AH,ordinary_undergraduate,history,1770,001,,515,23696,,,,,,src_collected_ah_2024_group_admission
2024,AH,ordinary_undergraduate,history,1771,005,,623,1379,,,,,,src_collected_ah_2024_group_admission
2024,AH,ordinary_undergraduate,history,1771,006,,641,529,,,,,,src_collected_ah_2024_group_admission
2024,AH,ordinary_undergraduate,history,1771,007,,623,1442,,,,,,src_collected_ah_2024_group_admission
2024,AH,ordinary_undergraduate,history,1774,001,,484,35971,,,,,,src_collected_ah_2024_group_admission
2024,AH,ordinary_undergraduate,history,1775,001,,490,33525,,,,,,src_collected_ah_2024_group_admission
2024,AH,ordinary_undergraduate,history,1778,001,,499,29891,,,,,,src_collected_ah_2024_group_admission
2024,AH,ordinary_undergraduate,history,1780,001,,509,25980,,,,,,src_collected_ah_2024_group_admission
2024,AH,ordinary_undergraduate,history,1781,001,,500,29349,,,,,,src_collected_ah_2024_group_admission
2024,AH,ordinary_undergraduate,history,1782,001,,486,34934,,,,,,src_collected_ah_2024_group_admission
2024,AH,ordinary_undergraduate,history,1783,001,,515,23860,,,,,,src_collected_ah_2024_group_admission
2024,AH,ordinary_undergraduate,history,1783,002,,508,26545,,,,,,src_collected_ah_2024_group_admission
2024,AH,ordinary_undergraduate,history,1783,003,,492,32473,,,,,,src_collected_ah_2024_group_admission
2024,AH,ordinary_undergraduate,history,1783,004,,492,32415,,,,,,src_collected_ah_2024_group_admission
2024,AH,ordinary_undergraduate,history,1784,001,,462,45522,,,,,,src_collected_ah_2024_group_admission
2024,AH,ordinary_undergraduate,history,1784,002,,482,36573,,,,,,src_collected_ah_2024_group_admission
2024,AH,ordinary_undergraduate,history,1790,001,,487,34471,,,,,,src_collected_ah_2024_group_admission
2024,AH,ordinary_undergraduate,history,1790,002,,496,31184,,,,,,src_collected_ah_2024_group_admission
2024,AH,ordinary_undergraduate,history,1791,001,,478,38614,,,,,,src_collected_ah_2024_group_admission
2024,AH,ordinary_undergraduate,history,1791,002,,485,35536,,,,,,src_collected_ah_2024_group_admission
2024,AH,ordinary_undergraduate,history,1791,003,,462,45300,,,,,,src_collected_ah_2024_group_admission
2024,AH,ordinary_undergraduate,history,1792,001,,516,23172,,,,,,src_collected_ah_2024_group_admission
2024,AH,ordinary_undergraduate,history,1792,002,,521,21341,,,,,,src_collected_ah_2024_group_admission
2024,AH,ordinary_undergraduate,history,1793,001,,574,7476,,,,,,src_collected_ah_2024_group_admission
2024,AH,ordinary_undergraduate,history,1794,001,,485,35383,,,,,,src_collected_ah_2024_group_admission
2024,AH,ordinary_undergraduate,history,1795,004,,567,8663,,,,,,src_collected_ah_2024_group_admission
2024,AH,ordinary_undergraduate,history,1795,005,,564,9291,,,,,,src_collected_ah_2024_group_admission
2024,AH,ordinary_undergraduate,history,1795,006,,552,12178,,,,,,src_collected_ah_2024_group_admission
2024,AH,ordinary_undergraduate,history,1795,007,,553,11966,,,,,,src_collected_ah_2024_group_admission
2024,AH,ordinary_undergraduate,history,1795,008,,566,8959,,,,,,src_collected_ah_2024_group_admission
2024,AH,ordinary_undergraduate,history,1795,009,,571,8030,,,,,,src_collected_ah_2024_group_admission
2024,AH,ordinary_undergraduate,history,1799,001,,491,32926,,,,,,src_collected_ah_2024_group_admission
2024,AH,ordinary_undergraduate,history,1799,002,,489,33672,,,,,,src_collected_ah_2024_group_admission
2024,AH,ordinary_undergraduate,history,1803,002,,606,2800,,,,,,src_collected_ah_2024_group_admission
2024,AH,ordinary_undergraduate,history,1803,003,,604,3082,,,,,,src_collected_ah_2024_group_admission
2024,AH,ordinary_undergraduate,history,1807,001,,541,15213,,,,,,src_collected_ah_2024_group_admission
2024,AH,ordinary_undergraduate,history,1808,001,,529,18864,,,,,,src_collected_ah_2024_group_admission
2024,AH,ordinary_undergraduate,history,1811,001,,498,30327,,,,,,src_collected_ah_2024_group_admission
2024,AH,ordinary_undergraduate,history,1811,002,,484,35794,,,,,,src_collected_ah_2024_group_admission
2024,AH,ordinary_undergraduate,history,1811,003,,496,31038,,,,,,src_collected_ah_2024_group_admission
2024,AH,ordinary_undergraduate,history,1814,001,,560,10284,,,,,,src_collected_ah_2024_group_admission
2024,AH,ordinary_undergraduate,history,1817,001,,611,2380,,,,,,src_collected_ah_2024_group_admission
2024,AH,ordinary_undergraduate,history,1817,002,,615,2025,,,,,,src_collected_ah_2024_group_admission
2024,AH,ordinary_undergraduate,history,1817,004,,612,2270,,,,,,src_collected_ah_2024_group_admission
2024,AH,ordinary_undergraduate,history,1817,006,,614,2129,,,,,,src_collected_ah_2024_group_admission
2024,AH,ordinary_undergraduate,history,1824,001,,585,5524,,,,,,src_collected_ah_2024_group_admission
2024,AH,ordinary_undergraduate,history,1825,001,,503,28239,,,,,,src_collected_ah_2024_group_admission
2024,AH,ordinary_undergraduate,history,1825,002,,565,9258,,,,,,src_collected_ah_2024_group_admission
2024,AH,ordinary_undergraduate,history,1830,001,,558,10763,,,,,,src_collected_ah_2024_group_admission
2024,AH,ordinary_undergraduate,history,1836,001,,561,9992,,,,,,src_collected_ah_2024_group_admission
2024,AH,ordinary_undergraduate,history,1836,002,,567,8670,,,,,,src_collected_ah_2024_group_admission
2024,AH,ordinary_undergraduate,history,1837,001,,519,22226,,,,,,src_collected_ah_2024_group_admission
2024,AH,ordinary_undergraduate,history,1838,001,,519,22165,,,,,,src_collected_ah_2024_group_admission
2024,AH,ordinary_undergraduate,history,1843,001,,576,7112,,,,,,src_collected_ah_2024_group_admission
2024,AH,ordinary_undergraduate,history,1844,001,,489,33842,,,,,,src_collected_ah_2024_group_admission
2024,AH,ordinary_undergraduate,history,1844,002,,554,11769,,,,,,src_collected_ah_2024_group_admission
2024,AH,ordinary_undergraduate,history,1844,003,,493,32174,,,,,,src_collected_ah_2024_group_admission
2024,AH,ordinary_undergraduate,history,1844,004,,486,35212,,,,,,src_collected_ah_2024_group_admission
2024,AH,ordinary_undergraduate,history,1849,001,,594,4299,,,,,,src_collected_ah_2024_group_admission
2024,AH,ordinary_undergraduate,history,1849,002,,583,5843,,,,,,src_collected_ah_2024_group_admission
2024,AH,ordinary_undergraduate,history,1849,003,,582,6038,,,,,,src_collected_ah_2024_group_admission
2024,AH,ordinary_undergraduate,history,1849,004,,575,7219,,,,,,src_collected_ah_2024_group_admission
2024,AH,ordinary_undergraduate,history,1849,005,,580,6439,,,,,,src_collected_ah_2024_group_admission
2024,AH,ordinary_undergraduate,history,1850,001,,485,35403,,,,,,src_collected_ah_2024_group_admission
2024,AH,ordinary_undergraduate,history,1850,002,,478,38517,,,,,,src_collected_ah_2024_group_admission
2024,AH,ordinary_undergraduate,history,1854,001,,483,36272,,,,,,src_collected_ah_2024_group_admission
2024,AH,ordinary_undergraduate,history,1856,001,,462,45236,,,,,,src_collected_ah_2024_group_admission
2024,AH,ordinary_undergraduate,history,1857,001,,470,41969,,,,,,src_collected_ah_2024_group_admission
2024,AH,ordinary_undergraduate,history,1869,001,,522,21147,,,,,,src_collected_ah_2024_group_admission
2024,AH,ordinary_undergraduate,history,1870,001,,519,22348,,,,,,src_collected_ah_2024_group_admission
2024,AH,ordinary_undergraduate,history,1871,001,,474,40236,,,,,,src_collected_ah_2024_group_admission
2024,AH,ordinary_undergraduate,history,1873,001,,539,15754,,,,,,src_collected_ah_2024_group_admission
2024,AH,ordinary_undergraduate,history,1875,001,,551,12508,,,,,,src_collected_ah_2024_group_admission
2024,AH,ordinary_undergraduate,history,1875,002,,564,9404,,,,,,src_collected_ah_2024_group_admission
2024,AH,ordinary_undergraduate,history,1876,001,,481,37074,,,,,,src_collected_ah_2024_group_admission
2024,AH,ordinary_undergraduate,history,1880,002,,562,9877,,,,,,src_collected_ah_2024_group_admission
2024,AH,ordinary_undergraduate,history,1880,003,,497,30507,,,,,,src_collected_ah_2024_group_admission
2024,AH,ordinary_undergraduate,history,1880,004,,571,7907,,,,,,src_collected_ah_2024_group_admission
2024,AH,ordinary_undergraduate,history,1880,005,,569,8440,,,,,,src_collected_ah_2024_group_admission
2024,AH,ordinary_undergraduate,history,1881,001,,488,34255,,,,,,src_collected_ah_2024_group_admission
2024,AH,ordinary_undergraduate,history,1895,001,,462,45469,,,,,,src_collected_ah_2024_group_admission
2024,AH,ordinary_undergraduate,history,1899,001,,515,23572,,,,,,src_collected_ah_2024_group_admission
2024,AH,ordinary_undergraduate,history,1899,002,,517,22806,,,,,,src_collected_ah_2024_group_admission
2024,AH,ordinary_undergraduate,history,1908,001,,529,18830,,,,,,src_collected_ah_2024_group_admission
2024,AH,ordinary_undergraduate,history,1911,001,,497,30603,,,,,,src_collected_ah_2024_group_admission
2024,AH,ordinary_undergraduate,history,1913,001,,477,38914,,,,,,src_collected_ah_2024_group_admission
2024,AH,ordinary_undergraduate,history,1914,001,,501,28957,,,,,,src_collected_ah_2024_group_admission
2024,AH,ordinary_undergraduate,history,1914,002,,499,29665,,,,,,src_collected_ah_2024_group_admission
2024,AH,ordinary_undergraduate,history,1915,001,,494,31950,,,,,,src_collected_ah_2024_group_admission
2024,AH,ordinary_undergraduate,history,1919,001,,511,25262,,,,,,src_collected_ah_2024_group_admission
2024,AH,ordinary_undergraduate,history,1920,001,,525,20077,,,,,,src_collected_ah_2024_group_admission
2024,AH,ordinary_undergraduate,history,1920,002,,528,19106,,,,,,src_collected_ah_2024_group_admission
2024,AH,ordinary_undergraduate,history,1920,003,,517,22855,,,,,,src_collected_ah_2024_group_admission
2024,AH,ordinary_undergraduate,history,1922,001,,514,23936,,,,,,src_collected_ah_2024_group_admission
2024,AH,ordinary_undergraduate,history,1923,002,,481,37186,,,,,,src_collected_ah_2024_group_admission
2024,AH,ordinary_undergraduate,history,1925,001,,492,32409,,,,,,src_collected_ah_2024_group_admission
2024,AH,ordinary_undergraduate,history,1925,002,,504,27878,,,,,,src_collected_ah_2024_group_admission
2024,AH,ordinary_undergraduate,history,1929,001,,491,33086,,,,,,src_collected_ah_2024_group_admission
2024,AH,ordinary_undergraduate,history,1929,002,,491,33089,,,,,,src_collected_ah_2024_group_admission
2024,AH,ordinary_undergraduate,history,1938,001,,469,42288,,,,,,src_collected_ah_2024_group_admission
2024,AH,ordinary_undergraduate,history,1940,001,,478,38459,,,,,,src_collected_ah_2024_group_admission
2024,AH,ordinary_undergraduate,history,1941,001,,490,33277,,,,,,src_collected_ah_2024_group_admission
2024,AH,ordinary_undergraduate,history,1941,002,,516,23225,,,,,,src_collected_ah_2024_group_admission
2024,AH,ordinary_undergraduate,history,1941,003,,497,30767,,,,,,src_collected_ah_2024_group_admission
2024,AH,ordinary_undergraduate,history,1941,004,,508,26210,,,,,,src_collected_ah_2024_group_admission
2024,AH,ordinary_undergraduate,history,1944,001,,478,38665,,,,,,src_collected_ah_2024_group_admission
2024,AH,ordinary_undergraduate,history,1951,001,,504,27771,,,,,,src_collected_ah_2024_group_admission
2024,AH,ordinary_undergraduate,history,1952,001,,489,33781,,,,,,src_collected_ah_2024_group_admission
2024,AH,ordinary_undergraduate,history,1952,002,,489,33943,,,,,,src_collected_ah_2024_group_admission
2024,AH,ordinary_undergraduate,history,1953,002,,615,1974,,,,,,src_collected_ah_2024_group_admission
2024,AH,ordinary_undergraduate,history,1953,003,,618,1764,,,,,,src_collected_ah_2024_group_admission
2024,AH,ordinary_undergraduate,history,1954,001,,467,43270,,,,,,src_collected_ah_2024_group_admission
2024,AH,ordinary_undergraduate,history,1954,002,,475,39862,,,,,,src_collected_ah_2024_group_admission
2024,AH,ordinary_undergraduate,history,1956,001,,525,20085,,,,,,src_collected_ah_2024_group_admission
2024,AH,ordinary_undergraduate,history,1957,001,,526,19631,,,,,,src_collected_ah_2024_group_admission
2024,AH,ordinary_undergraduate,history,1959,001,,491,33068,,,,,,src_collected_ah_2024_group_admission
2024,AH,ordinary_undergraduate,history,1962,001,,491,32935,,,,,,src_collected_ah_2024_group_admission
2024,AH,ordinary_undergraduate,history,1962,002,,504,27901,,,,,,src_collected_ah_2024_group_admission
2024,AH,ordinary_undergraduate,history,1964,001,,489,33788,,,,,,src_collected_ah_2024_group_admission
2024,AH,ordinary_undergraduate,history,1965,001,,462,45499,,,,,,src_collected_ah_2024_group_admission
2024,AH,ordinary_undergraduate,history,1966,001,,518,22508,,,,,,src_collected_ah_2024_group_admission
2024,AH,ordinary_undergraduate,history,1970,001,,491,32970,,,,,,src_collected_ah_2024_group_admission
2024,AH,ordinary_undergraduate,history,1971,001,,462,45189,,,,,,src_collected_ah_2024_group_admission
2024,AH,ordinary_undergraduate,history,1972,001,,462,45404,,,,,,src_collected_ah_2024_group_admission
2024,AH,ordinary_undergraduate,history,1973,002,,595,4155,,,,,,src_collected_ah_2024_group_admission
2024,AH,ordinary_undergraduate,history,1973,003,,572,7837,,,,,,src_collected_ah_2024_group_admission
2024,AH,ordinary_undergraduate,history,1973,004,,581,6280,,,,,,src_collected_ah_2024_group_admission
2024,AH,ordinary_undergraduate,history,1973,005,,577,6989,,,,,,src_collected_ah_2024_group_admission
2024,AH,ordinary_undergraduate,history,1973,007,,586,5460,,,,,,src_collected_ah_2024_group_admission
2024,AH,ordinary_undergraduate,history,1973,008,,595,4129,,,,,,src_collected_ah_2024_group_admission
2024,AH,ordinary_undergraduate,history,1975,001,,467,43040,,,,,,src_collected_ah_2024_group_admission
2024,AH,ordinary_undergraduate,history,1976,001,,524,20424,,,,,,src_collected_ah_2024_group_admission
2024,AH,ordinary_undergraduate,history,1978,001,,508,26221,,,,,,src_collected_ah_2024_group_admission
2024,AH,ordinary_undergraduate,history,1988,001,,467,43309,,,,,,src_collected_ah_2024_group_admission
2024,AH,ordinary_undergraduate,history,1995,001,,547,13406,,,,,,src_collected_ah_2024_group_admission
2024,AH,ordinary_undergraduate,history,1996,001,,467,42984,,,,,,src_collected_ah_2024_group_admission
2024,AH,ordinary_undergraduate,history,1996,002,,484,35754,,,,,,src_collected_ah_2024_group_admission
2024,AH,ordinary_undergraduate,history,2005,001,,509,25836,,,,,,src_collected_ah_2024_group_admission
2024,AH,ordinary_undergraduate,history,2005,002,,521,21542,,,,,,src_collected_ah_2024_group_admission
2024,AH,ordinary_undergraduate,history,2005,003,,501,29264,,,,,,src_collected_ah_2024_group_admission
2024,AH,ordinary_undergraduate,history,2010,001,,538,15971,,,,,,src_collected_ah_2024_group_admission
2024,AH,ordinary_undergraduate,history,2011,001,,479,38249,,,,,,src_collected_ah_2024_group_admission
2024,AH,ordinary_undergraduate,history,2014,001,,532,17899,,,,,,src_collected_ah_2024_group_admission
2024,AH,ordinary_undergraduate,history,2014,002,,541,15183,,,,,,src_collected_ah_2024_group_admission
2024,AH,ordinary_undergraduate,history,2017,001,,495,31531,,,,,,src_collected_ah_2024_group_admission
2024,AH,ordinary_undergraduate,history,2017,003,,514,24148,,,,,,src_collected_ah_2024_group_admission
2024,AH,ordinary_undergraduate,history,2018,001,,462,45128,,,,,,src_collected_ah_2024_group_admission
2024,AH,ordinary_undergraduate,history,2021,001,,491,33171,,,,,,src_collected_ah_2024_group_admission
2024,AH,ordinary_undergraduate,history,2023,001,,490,33296,,,,,,src_collected_ah_2024_group_admission
2024,AH,ordinary_undergraduate,history,2023,002,,491,33087,,,,,,src_collected_ah_2024_group_admission
2024,AH,ordinary_undergraduate,history,2023,003,,469,42105,,,,,,src_collected_ah_2024_group_admission
2024,AH,ordinary_undergraduate,history,2023,004,,489,33747,,,,,,src_collected_ah_2024_group_admission
2024,AH,ordinary_undergraduate,history,2027,001,,525,20127,,,,,,src_collected_ah_2024_group_admission
2024,AH,ordinary_undergraduate,history,2030,001,,500,29423,,,,,,src_collected_ah_2024_group_admission
2024,AH,ordinary_undergraduate,history,2031,001,,504,27756,,,,,,src_collected_ah_2024_group_admission
2024,AH,ordinary_undergraduate,history,2031,002,,486,34941,,,,,,src_collected_ah_2024_group_admission
2024,AH,ordinary_undergraduate,history,2031,003,,487,34482,,,,,,src_collected_ah_2024_group_admission
2024,AH,ordinary_undergraduate,history,2035,001,,499,29712,,,,,,src_collected_ah_2024_group_admission
2024,AH,ordinary_undergraduate,history,2035,002,,498,30099,,,,,,src_collected_ah_2024_group_admission
2024,AH,ordinary_undergraduate,history,2035,003,,497,30559,,,,,,src_collected_ah_2024_group_admission
2024,AH,ordinary_undergraduate,history,2040,001,,473,40575,,,,,,src_collected_ah_2024_group_admission
2024,AH,ordinary_undergraduate,history,2042,001,,509,25993,,,,,,src_collected_ah_2024_group_admission
2024,AH,ordinary_undergraduate,history,2044,001,,495,31405,,,,,,src_collected_ah_2024_group_admission
2024,AH,ordinary_undergraduate,history,2047,001,,542,14884,,,,,,src_collected_ah_2024_group_admission
2024,AH,ordinary_undergraduate,history,2048,001,,462,45480,,,,,,src_collected_ah_2024_group_admission
2024,AH,ordinary_undergraduate,history,2050,002,,518,22618,,,,,,src_collected_ah_2024_group_admission
2024,AH,ordinary_undergraduate,history,2054,001,,491,32980,,,,,,src_collected_ah_2024_group_admission
2024,AH,ordinary_undergraduate,history,2056,001,,595,4225,,,,,,src_collected_ah_2024_group_admission
2024,AH,ordinary_undergraduate,history,2057,001,,497,30723,,,,,,src_collected_ah_2024_group_admission
2024,AH,ordinary_undergraduate,history,2058,001,,505,27619,,,,,,src_collected_ah_2024_group_admission
2024,AH,ordinary_undergraduate,history,2059,001,,477,38968,,,,,,src_collected_ah_2024_group_admission
2024,AH,ordinary_undergraduate,history,2059,002,,463,45076,,,,,,src_collected_ah_2024_group_admission
2024,AH,ordinary_undergraduate,history,2060,001,,547,13466,,,,,,src_collected_ah_2024_group_admission
2024,AH,ordinary_undergraduate,history,2060,002,,534,17161,,,,,,src_collected_ah_2024_group_admission
2024,AH,ordinary_undergraduate,history,2061,001,,481,37180,,,,,,src_collected_ah_2024_group_admission
2024,AH,ordinary_undergraduate,history,2063,001,,474,40087,,,,,,src_collected_ah_2024_group_admission
2024,AH,ordinary_undergraduate,history,2064,001,,512,25020,,,,,,src_collected_ah_2024_group_admission
2024,AH,ordinary_undergraduate,history,2064,002,,525,20090,,,,,,src_collected_ah_2024_group_admission
2024,AH,ordinary_undergraduate,history,2065,001,,477,38707,,,,,,src_collected_ah_2024_group_admission
2024,AH,ordinary_undergraduate,history,2065,002,,502,28737,,,,,,src_collected_ah_2024_group_admission
2024,AH,ordinary_undergraduate,history,2068,001,,463,44837,,,,,,src_collected_ah_2024_group_admission
2024,AH,ordinary_undergraduate,history,2073,001,,571,8015,,,,,,src_collected_ah_2024_group_admission
2024,AH,ordinary_undergraduate,history,2074,001,,557,10939,,,,,,src_collected_ah_2024_group_admission
2024,AH,ordinary_undergraduate,history,2075,001,,489,33715,,,,,,src_collected_ah_2024_group_admission
2024,AH,ordinary_undergraduate,history,2076,001,,581,6183,,,,,,src_collected_ah_2024_group_admission
2024,AH,ordinary_undergraduate,history,2077,001,,484,35800,,,,,,src_collected_ah_2024_group_admission
2024,AH,ordinary_undergraduate,history,2079,001,,482,36720,,,,,,src_collected_ah_2024_group_admission
2024,AH,ordinary_undergraduate,history,2080,002,,655,177,,,,,,src_collected_ah_2024_group_admission
2024,AH,ordinary_undergraduate,history,2081,001,,557,10899,,,,,,src_collected_ah_2024_group_admission
2024,AH,ordinary_undergraduate,history,2082,001,,576,7164,,,,,,src_collected_ah_2024_group_admission
2024,AH,ordinary_undergraduate,history,2083,001,,489,33899,,,,,,src_collected_ah_2024_group_admission
2024,AH,ordinary_undergraduate,history,2083,002,,482,36982,,,,,,src_collected_ah_2024_group_admission
2024,AH,ordinary_undergraduate,history,2084,001,,516,23385,,,,,,src_collected_ah_2024_group_admission
2024,AH,ordinary_undergraduate,history,2085,001,,610,2431,,,,,,src_collected_ah_2024_group_admission
2024,AH,ordinary_undergraduate,history,2086,001,,482,36748,,,,,,src_collected_ah_2024_group_admission
2024,AH,ordinary_undergraduate,history,2086,002,,471,41514,,,,,,src_collected_ah_2024_group_admission
2024,AH,ordinary_undergraduate,history,2086,003,,487,34763,,,,,,src_collected_ah_2024_group_admission
2024,AH,ordinary_undergraduate,history,2091,001,,604,3089,,,,,,src_collected_ah_2024_group_admission
2024,AH,ordinary_undergraduate,history,2091,002,,612,2259,,,,,,src_collected_ah_2024_group_admission
2024,AH,ordinary_undergraduate,history,2093,001,,501,29152,,,,,,src_collected_ah_2024_group_admission
2024,AH,ordinary_undergraduate,history,2094,001,,586,5391,,,,,,src_collected_ah_2024_group_admission
2024,AH,ordinary_undergraduate,history,2096,001,,597,3946,,,,,,src_collected_ah_2024_group_admission
2024,AH,ordinary_undergraduate,history,2097,002,,598,3795,,,,,,src_collected_ah_2024_group_admission
2024,AH,ordinary_undergraduate,history,2098,001,,490,33371,,,,,,src_collected_ah_2024_group_admission
2024,AH,ordinary_undergraduate,history,2099,005,,616,1968,,,,,,src_collected_ah_2024_group_admission
2024,AH,ordinary_undergraduate,history,2099,006,,626,1242,,,,,,src_collected_ah_2024_group_admission
2024,AH,ordinary_undergraduate,history,2100,001,,494,31790,,,,,,src_collected_ah_2024_group_admission
2024,AH,ordinary_undergraduate,history,2101,001,,484,36103,,,,,,src_collected_ah_2024_group_admission
2024,AH,ordinary_undergraduate,history,2103,001,,519,22336,,,,,,src_collected_ah_2024_group_admission
2024,AH,ordinary_undergraduate,history,2104,001,,515,23692,,,,,,src_collected_ah_2024_group_admission
2024,AH,ordinary_undergraduate,history,2106,001,,562,9873,,,,,,src_collected_ah_2024_group_admission
2024,AH,ordinary_undergraduate,history,2106,003,,571,7955,,,,,,src_collected_ah_2024_group_admission
2024,AH,ordinary_undergraduate,history,2107,001,,593,4466,,,,,,src_collected_ah_2024_group_admission
2024,AH,ordinary_undergraduate,history,2109,001,,596,4081,,,,,,src_collected_ah_2024_group_admission
2024,AH,ordinary_undergraduate,history,2110,001,,539,15750,,,,,,src_collected_ah_2024_group_admission
2024,AH,ordinary_undergraduate,history,2111,001,,538,16118,,,,,,src_collected_ah_2024_group_admission
2024,AH,ordinary_undergraduate,history,2115,004,,643,457,,,,,,src_collected_ah_2024_group_admission
2024,AH,ordinary_undergraduate,history,2117,001,,516,23274,,,,,,src_collected_ah_2024_group_admission
2024,AH,ordinary_undergraduate,history,2117,002,,540,15313,,,,,,src_collected_ah_2024_group_admission
2024,AH,ordinary_undergraduate,history,2118,001,,467,43223,,,,,,src_collected_ah_2024_group_admission
2024,AH,ordinary_undergraduate,history,2119,002,,579,6635,,,,,,src_collected_ah_2024_group_admission
2024,AH,ordinary_undergraduate,history,2120,001,,480,37646,,,,,,src_collected_ah_2024_group_admission
2024,AH,ordinary_undergraduate,history,2122,001,,470,41760,,,,,,src_collected_ah_2024_group_admission
2024,AH,ordinary_undergraduate,history,2125,001,,496,30954,,,,,,src_collected_ah_2024_group_admission
2024,AH,ordinary_undergraduate,history,2125,002,,493,32386,,,,,,src_collected_ah_2024_group_admission
2024,AH,ordinary_undergraduate,history,2125,003,,496,31036,,,,,,src_collected_ah_2024_group_admission
2024,AH,ordinary_undergraduate,history,2125,004,,495,31249,,,,,,src_collected_ah_2024_group_admission
2024,AH,ordinary_undergraduate,history,2125,005,,472,40875,,,,,,src_collected_ah_2024_group_admission
2024,AH,ordinary_undergraduate,history,2127,001,,511,25362,,,,,,src_collected_ah_2024_group_admission
2024,AH,ordinary_undergraduate,history,2127,003,,512,24934,,,,,,src_collected_ah_2024_group_admission
2024,AH,ordinary_undergraduate,history,2130,001,,512,24704,,,,,,src_collected_ah_2024_group_admission
2024,AH,ordinary_undergraduate,history,2130,002,,511,25232,,,,,,src_collected_ah_2024_group_admission
2024,AH,ordinary_undergraduate,history,2130,003,,510,25470,,,,,,src_collected_ah_2024_group_admission
2024,AH,ordinary_undergraduate,history,2132,001,,577,6983,,,,,,src_collected_ah_2024_group_admission
2024,AH,ordinary_undergraduate,history,2136,001,,489,33752,,,,,,src_collected_ah_2024_group_admission
2024,AH,ordinary_undergraduate,history,2136,002,,491,32868,,,,,,src_collected_ah_2024_group_admission
2024,AH,ordinary_undergraduate,history,2137,001,,491,33185,,,,,,src_collected_ah_2024_group_admission
2024,AH,ordinary_undergraduate,history,2137,002,,506,27147,,,,,,src_collected_ah_2024_group_admission
2024,AH,ordinary_undergraduate,history,2137,004,,493,32279,,,,,,src_collected_ah_2024_group_admission
2024,AH,ordinary_undergraduate,history,2139,001,,503,28319,,,,,,src_collected_ah_2024_group_admission
2024,AH,ordinary_undergraduate,history,2139,002,,502,28549,,,,,,src_collected_ah_2024_group_admission
2024,AH,ordinary_undergraduate,history,2139,003,,506,27195,,,,,,src_collected_ah_2024_group_admission
2024,AH,ordinary_undergraduate,history,2140,001,,499,29935,,,,,,src_collected_ah_2024_group_admission
2024,AH,ordinary_undergraduate,history,2141,001,,528,19044,,,,,,src_collected_ah_2024_group_admission
2024,AH,ordinary_undergraduate,history,2141,002,,479,37920,,,,,,src_collected_ah_2024_group_admission
2024,AH,ordinary_undergraduate,history,2141,003,,513,24484,,,,,,src_collected_ah_2024_group_admission
2024,AH,ordinary_undergraduate,history,2144,001,,470,41900,,,,,,src_collected_ah_2024_group_admission
2024,AH,ordinary_undergraduate,history,2146,001,,594,4259,,,,,,src_collected_ah_2024_group_admission
2024,AH,ordinary_undergraduate,history,2146,051,,592,4647,,,,,,src_collected_ah_2024_group_admission
2024,AH,ordinary_undergraduate,history,2147,001,,501,28915,,,,,,src_collected_ah_2024_group_admission
2024,AH,ordinary_undergraduate,history,2148,001,,523,20799,,,,,,src_collected_ah_2024_group_admission
2024,AH,ordinary_undergraduate,history,2152,001,,492,32712,,,,,,src_collected_ah_2024_group_admission
2024,AH,ordinary_undergraduate,history,2154,001,,579,6596,,,,,,src_collected_ah_2024_group_admission
2024,AH,ordinary_undergraduate,history,2157,002,,503,28370,,,,,,src_collected_ah_2024_group_admission
2024,AH,ordinary_undergraduate,history,2157,003,,500,29374,,,,,,src_collected_ah_2024_group_admission
2024,AH,ordinary_undergraduate,history,2162,001,,509,26085,,,,,,src_collected_ah_2024_group_admission
2024,AH,ordinary_undergraduate,history,2165,001,,487,34648,,,,,,src_collected_ah_2024_group_admission
2024,AH,ordinary_undergraduate,history,2167,001,,490,33526,,,,,,src_collected_ah_2024_group_admission
2024,AH,ordinary_undergraduate,history,2168,001,,504,27925,,,,,,src_collected_ah_2024_group_admission
2024,AH,ordinary_undergraduate,history,2171,001,,541,15250,,,,,,src_collected_ah_2024_group_admission
2024,AH,ordinary_undergraduate,history,2172,001,,466,43391,,,,,,src_collected_ah_2024_group_admission
2024,AH,ordinary_undergraduate,history,2173,001,,519,22190,,,,,,src_collected_ah_2024_group_admission
2024,AH,ordinary_undergraduate,history,2174,001,,470,41876,,,,,,src_collected_ah_2024_group_admission
2024,AH,ordinary_undergraduate,history,2177,001,,488,34300,,,,,,src_collected_ah_2024_group_admission
2024,AH,ordinary_undergraduate,history,2182,001,,463,44668,,,,,,src_collected_ah_2024_group_admission
2024,AH,ordinary_undergraduate,history,2182,002,,464,44448,,,,,,src_collected_ah_2024_group_admission
2024,AH,ordinary_undergraduate,history,2182,003,,463,44860,,,,,,src_collected_ah_2024_group_admission
2024,AH,ordinary_undergraduate,history,2183,003,,468,42553,,,,,,src_collected_ah_2024_group_admission
2024,AH,ordinary_undergraduate,history,2184,001,,570,8142,,,,,,src_collected_ah_2024_group_admission
2024,AH,ordinary_undergraduate,history,2186,001,,468,42889,,,,,,src_collected_ah_2024_group_admission
2024,AH,ordinary_undergraduate,history,2188,001,,462,45348,,,,,,src_collected_ah_2024_group_admission
2024,AH,ordinary_undergraduate,history,2188,003,,462,45305,,,,,,src_collected_ah_2024_group_admission
2024,AH,ordinary_undergraduate,history,2189,001,,463,44645,,,,,,src_collected_ah_2024_group_admission
2024,AH,ordinary_undergraduate,history,2192,001,,547,13479,,,,,,src_collected_ah_2024_group_admission
2024,AH,ordinary_undergraduate,history,2194,001,,475,39723,,,,,,src_collected_ah_2024_group_admission
2024,AH,ordinary_undergraduate,history,2198,001,,493,32344,,,,,,src_collected_ah_2024_group_admission
2024,AH,ordinary_undergraduate,history,2198,002,,514,24164,,,,,,src_collected_ah_2024_group_admission
2024,AH,ordinary_undergraduate,history,2199,001,,512,24948,,,,,,src_collected_ah_2024_group_admission
2024,AH,ordinary_undergraduate,history,2199,002,,519,22096,,,,,,src_collected_ah_2024_group_admission
2024,AH,ordinary_undergraduate,history,2200,004,,673,19,,,,,,src_collected_ah_2024_group_admission
2024,AH,ordinary_undergraduate,history,2202,001,,491,32978,,,,,,src_collected_ah_2024_group_admission
2024,AH,ordinary_undergraduate,history,2202,002,,483,36248,,,,,,src_collected_ah_2024_group_admission
2024,AH,ordinary_undergraduate,history,2202,003,,496,30831,,,,,,src_collected_ah_2024_group_admission
2024,AH,ordinary_undergraduate,history,2203,001,,559,10586,,,,,,src_collected_ah_2024_group_admission
2024,AH,ordinary_undergraduate,history,2203,002,,564,9330,,,,,,src_collected_ah_2024_group_admission
2024,AH,ordinary_undergraduate,history,2205,001,,488,34383,,,,,,src_collected_ah_2024_group_admission
2024,AH,ordinary_undergraduate,history,2216,001,,517,22969,,,,,,src_collected_ah_2024_group_admission
2024,AH,ordinary_undergraduate,history,2217,001,,462,45155,,,,,,src_collected_ah_2024_group_admission
2024,AH,ordinary_undergraduate,history,2219,001,,462,45341,,,,,,src_collected_ah_2024_group_admission
2024,AH,ordinary_undergraduate,history,2222,001,,483,36519,,,,,,src_collected_ah_2024_group_admission
2024,AH,ordinary_undergraduate,history,2224,001,,487,34644,,,,,,src_collected_ah_2024_group_admission
2024,AH,ordinary_undergraduate,history,2226,001,,546,13750,,,,,,src_collected_ah_2024_group_admission
2024,AH,ordinary_undergraduate,history,2227,001,,483,36448,,,,,,src_collected_ah_2024_group_admission
2024,AH,ordinary_undergraduate,history,2233,001,,462,45391,,,,,,src_collected_ah_2024_group_admission
2024,AH,ordinary_undergraduate,history,2233,004,,470,41759,,,,,,src_collected_ah_2024_group_admission
2024,AH,ordinary_undergraduate,history,2236,001,,566,8961,,,,,,src_collected_ah_2024_group_admission
2024,AH,ordinary_undergraduate,history,2237,001,,476,39457,,,,,,src_collected_ah_2024_group_admission
2024,AH,ordinary_undergraduate,history,2241,004,,628,1122,,,,,,src_collected_ah_2024_group_admission
2024,AH,ordinary_undergraduate,history,2242,003,,623,1405,,,,,,src_collected_ah_2024_group_admission
2024,AH,ordinary_undergraduate,history,2244,001,,505,27707,,,,,,src_collected_ah_2024_group_admission
2024,AH,ordinary_undergraduate,history,2246,001,,462,45459,,,,,,src_collected_ah_2024_group_admission
2024,AH,ordinary_undergraduate,history,2247,001,,503,28426,,,,,,src_collected_ah_2024_group_admission
2024,AH,ordinary_undergraduate,history,2247,003,,510,25766,,,,,,src_collected_ah_2024_group_admission
2024,AH,ordinary_undergraduate,history,2249,001,,484,35867,,,,,,src_collected_ah_2024_group_admission
2024,AH,ordinary_undergraduate,history,2249,002,,485,35613,,,,,,src_collected_ah_2024_group_admission
2024,AH,ordinary_undergraduate,history,2250,001,,506,26950,,,,,,src_collected_ah_2024_group_admission
2024,AH,ordinary_undergraduate,history,2252,001,,503,28472,,,,,,src_collected_ah_2024_group_admission
2024,AH,ordinary_undergraduate,history,2253,001,,463,44986,,,,,,src_collected_ah_2024_group_admission
2024,AH,ordinary_undergraduate,history,2253,002,,467,43121,,,,,,src_collected_ah_2024_group_admission
2024,AH,ordinary_undergraduate,history,2255,001,,539,15850,,,,,,src_collected_ah_2024_group_admission
2024,AH,ordinary_undergraduate,history,2255,002,,558,10660,,,,,,src_collected_ah_2024_group_admission
2024,AH,ordinary_undergraduate,history,2256,001,,514,23987,,,,,,src_collected_ah_2024_group_admission
2024,AH,ordinary_undergraduate,history,2259,001,,575,7271,,,,,,src_collected_ah_2024_group_admission
2024,AH,ordinary_undergraduate,history,2262,001,,518,22551,,,,,,src_collected_ah_2024_group_admission
2024,AH,ordinary_undergraduate,history,2267,001,,530,18512,,,,,,src_collected_ah_2024_group_admission
2024,AH,ordinary_undergraduate,history,2268,001,,501,28906,,,,,,src_collected_ah_2024_group_admission
2024,AH,ordinary_undergraduate,history,2269,001,,495,31243,,,,,,src_collected_ah_2024_group_admission
2024,AH,ordinary_undergraduate,history,2269,003,,487,34516,,,,,,src_collected_ah_2024_group_admission
2024,AH,ordinary_undergraduate,history,2270,001,,509,25926,,,,,,src_collected_ah_2024_group_admission
2024,AH,ordinary_undergraduate,history,2270,002,,518,22672,,,,,,src_collected_ah_2024_group_admission
2024,AH,ordinary_undergraduate,history,2275,002,,570,8135,,,,,,src_collected_ah_2024_group_admission
2024,AH,ordinary_undergraduate,history,2275,003,,582,6100,,,,,,src_collected_ah_2024_group_admission
2024,AH,ordinary_undergraduate,history,2275,004,,579,6483,,,,,,src_collected_ah_2024_group_admission
2024,AH,ordinary_undergraduate,history,2281,001,,465,43853,,,,,,src_collected_ah_2024_group_admission
2024,AH,ordinary_undergraduate,history,2285,001,,462,45266,,,,,,src_collected_ah_2024_group_admission
2024,AH,ordinary_undergraduate,history,2286,001,,469,42181,,,,,,src_collected_ah_2024_group_admission
2024,AH,ordinary_undergraduate,history,2286,002,,466,43361,,,,,,src_collected_ah_2024_group_admission
2024,AH,ordinary_undergraduate,history,2290,001,,494,32004,,,,,,src_collected_ah_2024_group_admission
2024,AH,ordinary_undergraduate,history,2290,002,,471,41490,,,,,,src_collected_ah_2024_group_admission
2024,AH,ordinary_undergraduate,history,2291,001,,466,43718,,,,,,src_collected_ah_2024_group_admission
2024,AH,ordinary_undergraduate,history,2292,001,,545,13892,,,,,,src_collected_ah_2024_group_admission
2024,AH,ordinary_undergraduate,history,2292,002,,545,13939,,,,,,src_collected_ah_2024_group_admission
2024,AH,ordinary_undergraduate,history,2294,001,,521,21471,,,,,,src_collected_ah_2024_group_admission
2024,AH,ordinary_undergraduate,history,2296,001,,543,14669,,,,,,src_collected_ah_2024_group_admission
2024,AH,ordinary_undergraduate,history,2297,001,,485,35591,,,,,,src_collected_ah_2024_group_admission
2024,AH,ordinary_undergraduate,history,2298,001,,494,31648,,,,,,src_collected_ah_2024_group_admission
2024,AH,ordinary_undergraduate,history,2298,002,,514,24056,,,,,,src_collected_ah_2024_group_admission
2024,AH,ordinary_undergraduate,history,2299,001,,591,4792,,,,,,src_collected_ah_2024_group_admission
2024,AH,ordinary_undergraduate,history,2299,002,,581,6258,,,,,,src_collected_ah_2024_group_admission
2024,AH,ordinary_undergraduate,history,2299,003,,561,9963,,,,,,src_collected_ah_2024_group_admission
2024,AH,ordinary_undergraduate,history,2299,004,,579,6545,,,,,,src_collected_ah_2024_group_admission
2024,AH,ordinary_undergraduate,history,2301,001,,488,34352,,,,,,src_collected_ah_2024_group_admission
2024,AH,ordinary_undergraduate,history,2302,001,,476,39332,,,,,,src_collected_ah_2024_group_admission
2024,AH,ordinary_undergraduate,history,2304,001,,471,41264,,,,,,src_collected_ah_2024_group_admission
2024,AH,ordinary_undergraduate,history,2305,001,,494,31998,,,,,,src_collected_ah_2024_group_admission
2024,AH,ordinary_undergraduate,history,2307,001,,512,24904,,,,,,src_collected_ah_2024_group_admission
2024,AH,ordinary_undergraduate,history,2307,002,,518,22522,,,,,,src_collected_ah_2024_group_admission
2024,AH,ordinary_undergraduate,history,2309,001,,534,17102,,,,,,src_collected_ah_2024_group_admission
2024,AH,ordinary_undergraduate,history,2309,002,,554,11750,,,,,,src_collected_ah_2024_group_admission
2024,AH,ordinary_undergraduate,history,2309,003,,535,16776,,,,,,src_collected_ah_2024_group_admission
2024,AH,ordinary_undergraduate,history,2313,001,,508,26253,,,,,,src_collected_ah_2024_group_admission
2024,AH,ordinary_undergraduate,history,2313,002,,539,15587,,,,,,src_collected_ah_2024_group_admission
2024,AH,ordinary_undergraduate,history,2313,003,,508,26355,,,,,,src_collected_ah_2024_group_admission
2024,AH,ordinary_undergraduate,history,2313,051,,514,23974,,,,,,src_collected_ah_2024_group_admission
2024,AH,ordinary_undergraduate,history,2315,001,,515,23702,,,,,,src_collected_ah_2024_group_admission
2024,AH,ordinary_undergraduate,history,2318,001,,464,44221,,,,,,src_collected_ah_2024_group_admission
2024,AH,ordinary_undergraduate,history,2321,001,,465,43970,,,,,,src_collected_ah_2024_group_admission
2024,AH,ordinary_undergraduate,history,2327,001,,467,43199,,,,,,src_collected_ah_2024_group_admission
2024,AH,ordinary_undergraduate,history,2328,001,,506,27098,,,,,,src_collected_ah_2024_group_admission
2024,AH,ordinary_undergraduate,history,2331,010,,602,3280,,,,,,src_collected_ah_2024_group_admission
2024,AH,ordinary_undergraduate,history,2331,011,,615,2040,,,,,,src_collected_ah_2024_group_admission
2024,AH,ordinary_undergraduate,history,2331,012,,587,5209,,,,,,src_collected_ah_2024_group_admission
2024,AH,ordinary_undergraduate,history,2333,001,,517,23009,,,,,,src_collected_ah_2024_group_admission
2024,AH,ordinary_undergraduate,history,2333,002,,516,23461,,,,,,src_collected_ah_2024_group_admission
2024,AH,ordinary_undergraduate,history,2337,001,,575,7227,,,,,,src_collected_ah_2024_group_admission
2024,AH,ordinary_undergraduate,history,2339,001,,495,31314,,,,,,src_collected_ah_2024_group_admission
2024,AH,ordinary_undergraduate,history,2342,002,,504,27805,,,,,,src_collected_ah_2024_group_admission
2024,AH,ordinary_undergraduate,history,2342,003,,514,24051,,,,,,src_collected_ah_2024_group_admission
2024,AH,ordinary_undergraduate,history,2342,004,,507,26736,,,,,,src_collected_ah_2024_group_admission
2024,AH,ordinary_undergraduate,history,2346,001,,630,1038,,,,,,src_collected_ah_2024_group_admission
2024,AH,ordinary_undergraduate,history,2347,001,,482,36553,,,,,,src_collected_ah_2024_group_admission
2024,AH,ordinary_undergraduate,history,2350,001,,610,2428,,,,,,src_collected_ah_2024_group_admission
2024,AH,ordinary_undergraduate,history,2350,002,,600,3522,,,,,,src_collected_ah_2024_group_admission
2024,AH,ordinary_undergraduate,history,2351,001,,546,13613,,,,,,src_collected_ah_2024_group_admission
2024,AH,ordinary_undergraduate,history,2352,001,,535,16742,,,,,,src_collected_ah_2024_group_admission
2024,AH,ordinary_undergraduate,history,2353,001,,565,9170,,,,,,src_collected_ah_2024_group_admission
2024,AH,ordinary_undergraduate,history,2357,001,,586,5476,,,,,,src_collected_ah_2024_group_admission
2024,AH,ordinary_undergraduate,history,2358,001,,556,11141,,,,,,src_collected_ah_2024_group_admission
2024,AH,ordinary_undergraduate,history,2363,001,,586,5486,,,,,,src_collected_ah_2024_group_admission
2024,AH,ordinary_undergraduate,history,2364,001,,582,6136,,,,,,src_collected_ah_2024_group_admission
2024,AH,ordinary_undergraduate,history,2366,001,,462,45468,,,,,,src_collected_ah_2024_group_admission
2024,AH,ordinary_undergraduate,history,2366,002,,464,44467,,,,,,src_collected_ah_2024_group_admission
2024,AH,ordinary_undergraduate,history,2369,002,,666,61,,,,,,src_collected_ah_2024_group_admission
2024,AH,ordinary_undergraduate,history,2374,001,,574,7501,,,,,,src_collected_ah_2024_group_admission
2024,AH,ordinary_undergraduate,history,2375,001,,463,44646,,,,,,src_collected_ah_2024_group_admission
2024,AH,ordinary_undergraduate,history,2376,002,,552,12283,,,,,,src_collected_ah_2024_group_admission
2024,AH,ordinary_undergraduate,history,2385,002,,471,41621,,,,,,src_collected_ah_2024_group_admission
2024,AH,ordinary_undergraduate,history,2386,001,,554,11777,,,,,,src_collected_ah_2024_group_admission
2024,AH,ordinary_undergraduate,history,2387,001,,579,6497,,,,,,src_collected_ah_2024_group_admission
2024,AH,ordinary_undergraduate,history,2387,003,,584,5783,,,,,,src_collected_ah_2024_group_admission
2024,AH,ordinary_undergraduate,history,2388,001,,463,44731,,,,,,src_collected_ah_2024_group_admission
2024,AH,ordinary_undergraduate,history,2389,001,,489,33841,,,,,,src_collected_ah_2024_group_admission
2024,AH,ordinary_undergraduate,history,2391,001,,562,9818,,,,,,src_collected_ah_2024_group_admission
2024,AH,ordinary_undergraduate,history,2391,002,,561,10116,,,,,,src_collected_ah_2024_group_admission
2024,AH,ordinary_undergraduate,history,2391,003,,558,10685,,,,,,src_collected_ah_2024_group_admission
2024,AH,ordinary_undergraduate,history,2392,005,,618,1797,,,,,,src_collected_ah_2024_group_admission
2024,AH,ordinary_undergraduate,history,2393,001,,462,45255,,,,,,src_collected_ah_2024_group_admission
2024,AH,ordinary_undergraduate,history,2394,001,,570,8085,,,,,,src_collected_ah_2024_group_admission
2024,AH,ordinary_undergraduate,history,2398,001,,578,6758,,,,,,src_collected_ah_2024_group_admission
2024,AH,ordinary_undergraduate,history,2399,001,,553,11838,,,,,,src_collected_ah_2024_group_admission
2024,AH,ordinary_undergraduate,history,2399,002,,546,13631,,,,,,src_collected_ah_2024_group_admission
2024,AH,ordinary_undergraduate,history,2399,004,,535,16798,,,,,,src_collected_ah_2024_group_admission
2024,AH,ordinary_undergraduate,history,2401,001,,600,3537,,,,,,src_collected_ah_2024_group_admission
2024,AH,ordinary_undergraduate,history,2401,002,,579,6604,,,,,,src_collected_ah_2024_group_admission
2024,AH,ordinary_undergraduate,history,2401,003,,548,13256,,,,,,src_collected_ah_2024_group_admission
2024,AH,ordinary_undergraduate,history,2401,004,,582,6052,,,,,,src_collected_ah_2024_group_admission
2024,AH,ordinary_undergraduate,history,2402,001,,469,42201,,,,,,src_collected_ah_2024_group_admission
2024,AH,ordinary_undergraduate,history,2404,001,,514,24062,,,,,,src_collected_ah_2024_group_admission
2024,AH,ordinary_undergraduate,history,2404,002,,514,23988,,,,,,src_collected_ah_2024_group_admission
2024,AH,ordinary_undergraduate,history,2408,001,,487,34859,,,,,,src_collected_ah_2024_group_admission
2024,AH,ordinary_undergraduate,history,2409,001,,491,32994,,,,,,src_collected_ah_2024_group_admission
2024,AH,ordinary_undergraduate,history,2410,001,,510,25530,,,,,,src_collected_ah_2024_group_admission
2024,AH,ordinary_undergraduate,history,2411,001,,489,33895,,,,,,src_collected_ah_2024_group_admission
2024,AH,ordinary_undergraduate,history,2414,001,,603,3249,,,,,,src_collected_ah_2024_group_admission
2024,AH,ordinary_undergraduate,history,2415,001,,565,9118,,,,,,src_collected_ah_2024_group_admission
2024,AH,ordinary_undergraduate,history,2418,001,,476,39284,,,,,,src_collected_ah_2024_group_admission
2024,AH,ordinary_undergraduate,history,2419,001,,463,44822,,,,,,src_collected_ah_2024_group_admission
2024,AH,ordinary_undergraduate,history,2420,001,,516,23345,,,,,,src_collected_ah_2024_group_admission
2024,AH,ordinary_undergraduate,history,2420,002,,519,22181,,,,,,src_collected_ah_2024_group_admission
2024,AH,ordinary_undergraduate,history,2422,001,,462,45502,,,,,,src_collected_ah_2024_group_admission
2024,AH,ordinary_undergraduate,history,2425,001,,501,29166,,,,,,src_collected_ah_2024_group_admission
2024,AH,ordinary_undergraduate,history,2427,001,,471,41384,,,,,,src_collected_ah_2024_group_admission
2024,AH,ordinary_undergraduate,history,2428,001,,520,21761,,,,,,src_collected_ah_2024_group_admission
2024,AH,ordinary_undergraduate,history,2430,001,,519,22137,,,,,,src_collected_ah_2024_group_admission
2024,AH,ordinary_undergraduate,history,2430,002,,529,18633,,,,,,src_collected_ah_2024_group_admission
2024,AH,ordinary_undergraduate,history,2430,003,,529,18655,,,,,,src_collected_ah_2024_group_admission
2024,AH,ordinary_undergraduate,history,2433,001,,502,28692,,,,,,src_collected_ah_2024_group_admission
2024,AH,ordinary_undergraduate,history,2433,002,,505,27335,,,,,,src_collected_ah_2024_group_admission
2024,AH,ordinary_undergraduate,history,2434,001,,482,36706,,,,,,src_collected_ah_2024_group_admission
2024,AH,ordinary_undergraduate,history,2436,002,,565,9127,,,,,,src_collected_ah_2024_group_admission
2024,AH,ordinary_undergraduate,history,2441,001,,556,11151,,,,,,src_collected_ah_2024_group_admission
2024,AH,ordinary_undergraduate,history,2442,001,,486,34925,,,,,,src_collected_ah_2024_group_admission
2024,AH,ordinary_undergraduate,history,2445,001,,498,30208,,,,,,src_collected_ah_2024_group_admission
2024,AH,ordinary_undergraduate,history,2445,002,,505,27580,,,,,,src_collected_ah_2024_group_admission
2024,AH,ordinary_undergraduate,history,2450,001,,579,6656,,,,,,src_collected_ah_2024_group_admission
2024,AH,ordinary_undergraduate,history,2451,001,,605,2974,,,,,,src_collected_ah_2024_group_admission
2024,AH,ordinary_undergraduate,history,2457,001,,468,42920,,,,,,src_collected_ah_2024_group_admission
2024,AH,ordinary_undergraduate,history,2457,002,,477,39065,,,,,,src_collected_ah_2024_group_admission
2024,AH,ordinary_undergraduate,history,2458,004,,632,920,,,,,,src_collected_ah_2024_group_admission
2024,AH,ordinary_undergraduate,history,2458,005,,614,2090,,,,,,src_collected_ah_2024_group_admission
2024,AH,ordinary_undergraduate,history,2459,001,,478,38350,,,,,,src_collected_ah_2024_group_admission
2024,AH,ordinary_undergraduate,history,2460,001,,463,44925,,,,,,src_collected_ah_2024_group_admission
2024,AH,ordinary_undergraduate,history,2464,001,,471,41321,,,,,,src_collected_ah_2024_group_admission
2024,AH,ordinary_undergraduate,history,2472,001,,492,32794,,,,,,src_collected_ah_2024_group_admission
2024,AH,ordinary_undergraduate,history,2472,002,,503,28428,,,,,,src_collected_ah_2024_group_admission
2024,AH,ordinary_undergraduate,history,2472,003,,495,31468,,,,,,src_collected_ah_2024_group_admission
2024,AH,ordinary_undergraduate,history,2473,001,,518,22751,,,,,,src_collected_ah_2024_group_admission
2024,AH,ordinary_undergraduate,history,2476,001,,525,20021,,,,,,src_collected_ah_2024_group_admission
2024,AH,ordinary_undergraduate,history,2477,001,,543,14517,,,,,,src_collected_ah_2024_group_admission
2024,AH,ordinary_undergraduate,history,2477,002,,562,9695,,,,,,src_collected_ah_2024_group_admission
2024,AH,ordinary_undergraduate,history,2477,003,,579,6580,,,,,,src_collected_ah_2024_group_admission
2024,AH,ordinary_undergraduate,history,2477,004,,571,7914,,,,,,src_collected_ah_2024_group_admission
2024,AH,ordinary_undergraduate,history,2477,005,,570,8093,,,,,,src_collected_ah_2024_group_admission
2024,AH,ordinary_undergraduate,history,2477,006,,566,8890,,,,,,src_collected_ah_2024_group_admission
2024,AH,ordinary_undergraduate,history,2477,051,,529,18950,,,,,,src_collected_ah_2024_group_admission
2024,AH,ordinary_undergraduate,history,2478,002,,557,10921,,,,,,src_collected_ah_2024_group_admission
2024,AH,ordinary_undergraduate,history,2478,003,,557,11069,,,,,,src_collected_ah_2024_group_admission
2024,AH,ordinary_undergraduate,history,2478,005,,573,7618,,,,,,src_collected_ah_2024_group_admission
2024,AH,ordinary_undergraduate,history,2480,001,,469,42410,,,,,,src_collected_ah_2024_group_admission
2024,AH,ordinary_undergraduate,history,2480,002,,462,45259,,,,,,src_collected_ah_2024_group_admission
2024,AH,ordinary_undergraduate,history,2481,001,,491,32900,,,,,,src_collected_ah_2024_group_admission
2024,AH,ordinary_undergraduate,history,2488,001,,538,15857,,,,,,src_collected_ah_2024_group_admission
2024,AH,ordinary_undergraduate,history,2489,003,,625,1308,,,,,,src_collected_ah_2024_group_admission
2024,AH,ordinary_undergraduate,history,2489,004,,626,1231,,,,,,src_collected_ah_2024_group_admission
2024,AH,ordinary_undergraduate,history,2490,001,,483,36350,,,,,,src_collected_ah_2024_group_admission
2024,AH,ordinary_undergraduate,history,2498,001,,574,7427,,,,,,src_collected_ah_2024_group_admission
2024,AH,ordinary_undergraduate,history,2498,002,,576,7161,,,,,,src_collected_ah_2024_group_admission
2024,AH,ordinary_undergraduate,history,2499,001,,485,35644,,,,,,src_collected_ah_2024_group_admission
2024,AH,ordinary_undergraduate,history,2504,001,,510,25767,,,,,,src_collected_ah_2024_group_admission
2024,AH,ordinary_undergraduate,history,2507,001,,488,34287,,,,,,src_collected_ah_2024_group_admission
2024,AH,ordinary_undergraduate,history,2512,001,,487,34570,,,,,,src_collected_ah_2024_group_admission
2024,AH,ordinary_undergraduate,history,2512,002,,488,34399,,,,,,src_collected_ah_2024_group_admission
2024,AH,ordinary_undergraduate,history,2515,001,,520,22013,,,,,,src_collected_ah_2024_group_admission
2024,AH,ordinary_undergraduate,history,2515,002,,530,18308,,,,,,src_collected_ah_2024_group_admission
2024,AH,ordinary_undergraduate,history,2519,001,,514,24040,,,,,,src_collected_ah_2024_group_admission
2024,AH,ordinary_undergraduate,history,2520,001,,595,4133,,,,,,src_collected_ah_2024_group_admission
2024,AH,ordinary_undergraduate,history,2520,002,,591,4727,,,,,,src_collected_ah_2024_group_admission
2024,AH,ordinary_undergraduate,history,2521,001,,523,20913,,,,,,src_collected_ah_2024_group_admission
2024,AH,ordinary_undergraduate,history,2521,002,,520,21910,,,,,,src_collected_ah_2024_group_admission
2024,AH,ordinary_undergraduate,history,2521,003,,518,22444,,,,,,src_collected_ah_2024_group_admission
2024,AH,ordinary_undergraduate,history,2521,004,,516,23479,,,,,,src_collected_ah_2024_group_admission
2024,AH,ordinary_undergraduate,history,2522,001,,489,33804,,,,,,src_collected_ah_2024_group_admission
2024,AH,ordinary_undergraduate,history,2522,002,,489,33624,,,,,,src_collected_ah_2024_group_admission
2024,AH,ordinary_undergraduate,history,2522,003,,487,34468,,,,,,src_collected_ah_2024_group_admission
2024,AH,ordinary_undergraduate,history,2524,001,,467,43264,,,,,,src_collected_ah_2024_group_admission
2024,AH,ordinary_undergraduate,history,2525,001,,490,33573,,,,,,src_collected_ah_2024_group_admission
2024,AH,ordinary_undergraduate,history,2530,001,,500,29650,,,,,,src_collected_ah_2024_group_admission
2024,AH,ordinary_undergraduate,history,2538,001,,576,7084,,,,,,src_collected_ah_2024_group_admission
2024,AH,ordinary_undergraduate,history,2539,001,,473,40653,,,,,,src_collected_ah_2024_group_admission
2024,AH,ordinary_undergraduate,history,2540,001,,505,27467,,,,,,src_collected_ah_2024_group_admission
2024,AH,ordinary_undergraduate,history,2540,003,,505,27490,,,,,,src_collected_ah_2024_group_admission
2024,AH,ordinary_undergraduate,history,2544,002,,630,1027,,,,,,src_collected_ah_2024_group_admission
2024,AH,ordinary_undergraduate,history,2546,001,,531,18040,,,,,,src_collected_ah_2024_group_admission
2024,AH,ordinary_undergraduate,history,2546,002,,580,6443,,,,,,src_collected_ah_2024_group_admission
2024,AH,ordinary_undergraduate,history,2554,001,,555,11550,,,,,,src_collected_ah_2024_group_admission
2024,AH,ordinary_undergraduate,history,2555,001,,534,17138,,,,,,src_collected_ah_2024_group_admission
2024,AH,ordinary_undergraduate,history,2556,001,,473,40543,,,,,,src_collected_ah_2024_group_admission
2024,AH,ordinary_undergraduate,history,2558,001,,504,28114,,,,,,src_collected_ah_2024_group_admission
2024,AH,ordinary_undergraduate,history,2560,002,,480,37549,,,,,,src_collected_ah_2024_group_admission
2024,AH,ordinary_undergraduate,history,2562,002,,539,15646,,,,,,src_collected_ah_2024_group_admission
2024,AH,ordinary_undergraduate,history,2563,001,,471,41591,,,,,,src_collected_ah_2024_group_admission
2024,AH,ordinary_undergraduate,history,2565,001,,560,10296,,,,,,src_collected_ah_2024_group_admission
2024,AH,ordinary_undergraduate,history,2565,002,,573,7638,,,,,,src_collected_ah_2024_group_admission
2024,AH,ordinary_undergraduate,history,2572,002,,556,11288,,,,,,src_collected_ah_2024_group_admission
2024,AH,ordinary_undergraduate,history,2572,003,,549,12910,,,,,,src_collected_ah_2024_group_admission
2024,AH,ordinary_undergraduate,history,2572,005,,559,10602,,,,,,src_collected_ah_2024_group_admission
2024,AH,ordinary_undergraduate,history,2575,001,,592,4526,,,,,,src_collected_ah_2024_group_admission
2024,AH,ordinary_undergraduate,history,2576,001,,476,39163,,,,,,src_collected_ah_2024_group_admission
2024,AH,ordinary_undergraduate,history,2580,001,,517,23038,,,,,,src_collected_ah_2024_group_admission
2024,AH,ordinary_undergraduate,history,2581,001,,518,22640,,,,,,src_collected_ah_2024_group_admission
2024,AH,ordinary_undergraduate,history,2582,001,,560,10145,,,,,,src_collected_ah_2024_group_admission
2024,AH,ordinary_undergraduate,history,2582,002,,468,42551,,,,,,src_collected_ah_2024_group_admission
2024,AH,ordinary_undergraduate,history,2584,001,,497,30436,,,,,,src_collected_ah_2024_group_admission
2024,AH,ordinary_undergraduate,history,2584,002,,498,30057,,,,,,src_collected_ah_2024_group_admission
2024,AH,ordinary_undergraduate,history,2588,001,,491,33076,,,,,,src_collected_ah_2024_group_admission
2024,AH,ordinary_undergraduate,history,2589,001,,643,450,,,,,,src_collected_ah_2024_group_admission
2024,AH,ordinary_undergraduate,history,2589,002,,644,432,,,,,,src_collected_ah_2024_group_admission
2024,AH,ordinary_undergraduate,history,2599,001,,476,39188,,,,,,src_collected_ah_2024_group_admission
2024,AH,ordinary_undergraduate,history,2600,001,,473,40737,,,,,,src_collected_ah_2024_group_admission
2024,AH,ordinary_undergraduate,history,2602,001,,515,23616,,,,,,src_collected_ah_2024_group_admission
2024,AH,ordinary_undergraduate,history,2602,002,,519,22188,,,,,,src_collected_ah_2024_group_admission
2024,AH,ordinary_undergraduate,history,2606,001,,571,7869,,,,,,src_collected_ah_2024_group_admission
2024,AH,ordinary_undergraduate,history,2609,001,,522,20943,,,,,,src_collected_ah_2024_group_admission
2024,AH,ordinary_undergraduate,history,2610,001,,479,38240,,,,,,src_collected_ah_2024_group_admission
2024,AH,ordinary_undergraduate,history,2614,001,,479,37812,,,,,,src_collected_ah_2024_group_admission
2024,AH,ordinary_undergraduate,history,2615,001,,491,33081,,,,,,src_collected_ah_2024_group_admission
2024,AH,ordinary_undergraduate,history,2622,001,,479,38190,,,,,,src_collected_ah_2024_group_admission
2024,AH,ordinary_undergraduate,history,2623,001,,551,12466,,,,,,src_collected_ah_2024_group_admission
2024,AH,ordinary_undergraduate,history,2625,001,,490,33265,,,,,,src_collected_ah_2024_group_admission
2024,AH,ordinary_undergraduate,history,2625,002,,489,34013,,,,,,src_collected_ah_2024_group_admission
2024,AH,ordinary_undergraduate,history,2625,003,,492,32759,,,,,,src_collected_ah_2024_group_admission
2024,AH,ordinary_undergraduate,history,2627,001,,536,16511,,,,,,src_collected_ah_2024_group_admission
2024,AH,ordinary_undergraduate,history,2628,001,,469,42368,,,,,,src_collected_ah_2024_group_admission
2024,AH,ordinary_undergraduate,history,2629,001,,470,42048,,,,,,src_collected_ah_2024_group_admission
2024,AH,ordinary_undergraduate,history,2632,001,,472,40904,,,,,,src_collected_ah_2024_group_admission
2024,AH,ordinary_undergraduate,history,2634,001,,462,45496,,,,,,src_collected_ah_2024_group_admission
2024,AH,ordinary_undergraduate,history,2637,004,,644,421,,,,,,src_collected_ah_2024_group_admission
2024,AH,ordinary_undergraduate,history,2637,005,,646,381,,,,,,src_collected_ah_2024_group_admission
2024,AH,ordinary_undergraduate,history,2640,001,,480,37433,,,,,,src_collected_ah_2024_group_admission
2024,AH,ordinary_undergraduate,history,2641,001,,546,13775,,,,,,src_collected_ah_2024_group_admission
2024,AH,ordinary_undergraduate,history,2642,001,,470,41894,,,,,,src_collected_ah_2024_group_admission
2024,AH,ordinary_undergraduate,history,2643,001,,565,9125,,,,,,src_collected_ah_2024_group_admission
2024,AH,ordinary_undergraduate,history,2647,001,,478,38285,,,,,,src_collected_ah_2024_group_admission
2024,AH,ordinary_undergraduate,history,2651,001,,469,42131,,,,,,src_collected_ah_2024_group_admission
2024,AH,ordinary_undergraduate,history,2654,001,,568,8544,,,,,,src_collected_ah_2024_group_admission
2024,AH,ordinary_undergraduate,history,2656,001,,598,3832,,,,,,src_collected_ah_2024_group_admission
2024,AH,ordinary_undergraduate,history,2656,003,,609,2503,,,,,,src_collected_ah_2024_group_admission
2024,AH,ordinary_undergraduate,history,2658,001,,538,16087,,,,,,src_collected_ah_2024_group_admission
2024,AH,ordinary_undergraduate,history,2659,001,,476,39117,,,,,,src_collected_ah_2024_group_admission
2024,AH,ordinary_undergraduate,history,2662,001,,521,21469,,,,,,src_collected_ah_2024_group_admission
2024,AH,ordinary_undergraduate,history,2665,001,,495,31215,,,,,,src_collected_ah_2024_group_admission
2024,AH,ordinary_undergraduate,history,2665,002,,509,25954,,,,,,src_collected_ah_2024_group_admission
2024,AH,ordinary_undergraduate,history,2666,001,,472,41043,,,,,,src_collected_ah_2024_group_admission
2024,AH,ordinary_undergraduate,history,2670,001,,481,37313,,,,,,src_collected_ah_2024_group_admission
2024,AH,ordinary_undergraduate,history,2670,002,,489,33703,,,,,,src_collected_ah_2024_group_admission
2024,AH,ordinary_undergraduate,history,2672,001,,481,37200,,,,,,src_collected_ah_2024_group_admission
2024,AH,ordinary_undergraduate,history,2676,001,,491,33206,,,,,,src_collected_ah_2024_group_admission
2024,AH,ordinary_undergraduate,history,2677,001,,555,11342,,,,,,src_collected_ah_2024_group_admission
2024,AH,ordinary_undergraduate,history,2678,001,,470,41638,,,,,,src_collected_ah_2024_group_admission
2024,AH,ordinary_undergraduate,history,2680,001,,610,2465,,,,,,src_collected_ah_2024_group_admission
2024,AH,ordinary_undergraduate,history,2681,001,,464,44431,,,,,,src_collected_ah_2024_group_admission
2024,AH,ordinary_undergraduate,history,2683,001,,547,13360,,,,,,src_collected_ah_2024_group_admission
2024,AH,ordinary_undergraduate,history,2683,002,,514,24090,,,,,,src_collected_ah_2024_group_admission
2024,AH,ordinary_undergraduate,history,2685,001,,559,10549,,,,,,src_collected_ah_2024_group_admission
2024,AH,ordinary_undergraduate,history,2689,001,,558,10676,,,,,,src_collected_ah_2024_group_admission
2024,AH,ordinary_undergraduate,history,2692,001,,469,42229,,,,,,src_collected_ah_2024_group_admission
2024,AH,ordinary_undergraduate,history,2693,001,,550,12781,,,,,,src_collected_ah_2024_group_admission
2024,AH,ordinary_undergraduate,history,2694,001,,467,43108,,,,,,src_collected_ah_2024_group_admission
2024,AH,ordinary_undergraduate,history,2695,001,,551,12489,,,,,,src_collected_ah_2024_group_admission
2024,AH,ordinary_undergraduate,history,2696,001,,511,25191,,,,,,src_collected_ah_2024_group_admission
2024,AH,ordinary_undergraduate,history,2697,001,,462,45136,,,,,,src_collected_ah_2024_group_admission
2024,AH,ordinary_undergraduate,history,2699,001,,472,41102,,,,,,src_collected_ah_2024_group_admission
2024,AH,ordinary_undergraduate,history,2699,002,,464,44266,,,,,,src_collected_ah_2024_group_admission
2024,AH,ordinary_undergraduate,history,2700,001,,474,40171,,,,,,src_collected_ah_2024_group_admission
2024,AH,ordinary_undergraduate,history,2701,001,,549,12998,,,,,,src_collected_ah_2024_group_admission
2024,AH,ordinary_undergraduate,history,2702,001,,462,45476,,,,,,src_collected_ah_2024_group_admission
2024,AH,ordinary_undergraduate,history,2702,002,,465,43884,,,,,,src_collected_ah_2024_group_admission
2024,AH,ordinary_undergraduate,history,2705,002,,564,9427,,,,,,src_collected_ah_2024_group_admission
2024,AH,ordinary_undergraduate,history,2705,003,,542,14804,,,,,,src_collected_ah_2024_group_admission
2024,AH,ordinary_undergraduate,history,2705,004,,561,9952,,,,,,src_collected_ah_2024_group_admission
2024,AH,ordinary_undergraduate,history,2706,001,,462,45401,,,,,,src_collected_ah_2024_group_admission
2024,AH,ordinary_undergraduate,history,2707,001,,500,29448,,,,,,src_collected_ah_2024_group_admission
2024,AH,ordinary_undergraduate,history,2707,002,,510,25507,,,,,,src_collected_ah_2024_group_admission
2024,AH,ordinary_undergraduate,history,2710,001,,502,28547,,,,,,src_collected_ah_2024_group_admission
2024,AH,ordinary_undergraduate,history,2710,002,,508,26473,,,,,,src_collected_ah_2024_group_admission
2024,AH,ordinary_undergraduate,history,2711,001,,476,39289,,,,,,src_collected_ah_2024_group_admission
2024,AH,ordinary_undergraduate,history,2712,001,,549,13102,,,,,,src_collected_ah_2024_group_admission
2024,AH,ordinary_undergraduate,history,2714,003,,602,3290,,,,,,src_collected_ah_2024_group_admission
2024,AH,ordinary_undergraduate,history,2714,004,,579,6661,,,,,,src_collected_ah_2024_group_admission
2024,AH,ordinary_undergraduate,history,2716,001,,620,1614,,,,,,src_collected_ah_2024_group_admission
2024,AH,ordinary_undergraduate,history,2717,003,,515,23621,,,,,,src_collected_ah_2024_group_admission
2024,AH,ordinary_undergraduate,history,2717,004,,511,25290,,,,,,src_collected_ah_2024_group_admission
2024,AH,ordinary_undergraduate,history,2717,005,,530,18516,,,,,,src_collected_ah_2024_group_admission
2024,AH,ordinary_undergraduate,history,2717,006,,531,18165,,,,,,src_collected_ah_2024_group_admission
2024,AH,ordinary_undergraduate,history,2717,051,,518,22636,,,,,,src_collected_ah_2024_group_admission
2024,AH,ordinary_undergraduate,history,2718,001,,610,2434,,,,,,src_collected_ah_2024_group_admission
2024,AH,ordinary_undergraduate,history,2719,001,,539,15778,,,,,,src_collected_ah_2024_group_admission
2024,AH,ordinary_undergraduate,history,2719,003,,549,12974,,,,,,src_collected_ah_2024_group_admission
2024,AH,ordinary_undergraduate,history,2720,001,,605,2981,,,,,,src_collected_ah_2024_group_admission
2024,AH,ordinary_undergraduate,history,2723,001,,482,36631,,,,,,src_collected_ah_2024_group_admission
2024,AH,ordinary_undergraduate,history,2725,001,,489,34000,,,,,,src_collected_ah_2024_group_admission
2024,AH,ordinary_undergraduate,history,2725,002,,488,34326,,,,,,src_collected_ah_2024_group_admission
2024,AH,ordinary_undergraduate,history,2725,003,,499,29730,,,,,,src_collected_ah_2024_group_admission
2024,AH,ordinary_undergraduate,history,2726,001,,555,11395,,,,,,src_collected_ah_2024_group_admission
2024,AH,ordinary_undergraduate,history,2727,001,,510,25741,,,,,,src_collected_ah_2024_group_admission
2024,AH,ordinary_undergraduate,history,2729,001,,468,42861,,,,,,src_collected_ah_2024_group_admission
2024,AH,ordinary_undergraduate,history,2729,002,,477,38877,,,,,,src_collected_ah_2024_group_admission
2024,AH,ordinary_undergraduate,history,2729,003,,471,41197,,,,,,src_collected_ah_2024_group_admission
2024,AH,ordinary_undergraduate,history,2730,003,,612,2227,,,,,,src_collected_ah_2024_group_admission
2024,AH,ordinary_undergraduate,history,2731,001,,480,37536,,,,,,src_collected_ah_2024_group_admission
2024,AH,ordinary_undergraduate,history,2731,002,,476,39124,,,,,,src_collected_ah_2024_group_admission
2024,AH,ordinary_undergraduate,history,2732,006,,608,2677,,,,,,src_collected_ah_2024_group_admission
2024,AH,ordinary_undergraduate,history,2734,002,,603,3171,,,,,,src_collected_ah_2024_group_admission
2024,AH,ordinary_undergraduate,history,2734,003,,608,2659,,,,,,src_collected_ah_2024_group_admission
2024,AH,ordinary_undergraduate,history,2734,004,,609,2537,,,,,,src_collected_ah_2024_group_admission
2024,AH,ordinary_undergraduate,history,2735,001,,479,38208,,,,,,src_collected_ah_2024_group_admission
2024,AH,ordinary_undergraduate,history,2736,001,,542,14925,,,,,,src_collected_ah_2024_group_admission
2024,AH,ordinary_undergraduate,history,2736,002,,555,11437,,,,,,src_collected_ah_2024_group_admission
2024,AH,ordinary_undergraduate,history,2738,001,,562,9828,,,,,,src_collected_ah_2024_group_admission
2024,AH,ordinary_undergraduate,history,2739,001,,580,6382,,,,,,src_collected_ah_2024_group_admission
2024,AH,ordinary_undergraduate,history,2741,003,,609,2528,,,,,,src_collected_ah_2024_group_admission
2024,AH,ordinary_undergraduate,history,2744,004,,638,638,,,,,,src_collected_ah_2024_group_admission
2024,AH,ordinary_undergraduate,history,2744,005,,646,386,,,,,,src_collected_ah_2024_group_admission
2024,AH,ordinary_undergraduate,history,2744,006,,637,701,,,,,,src_collected_ah_2024_group_admission
2024,AH,ordinary_undergraduate,history,2744,007,,607,2772,,,,,,src_collected_ah_2024_group_admission
2024,AH,ordinary_undergraduate,history,2745,001,,484,35773,,,,,,src_collected_ah_2024_group_admission
2024,AH,ordinary_undergraduate,history,2747,001,,468,42680,,,,,,src_collected_ah_2024_group_admission
2024,AH,ordinary_undergraduate,history,2751,001,,519,22315,,,,,,src_collected_ah_2024_group_admission
2024,AH,ordinary_undergraduate,history,2751,002,,519,22294,,,,,,src_collected_ah_2024_group_admission
2024,AH,ordinary_undergraduate,history,2759,001,,498,30389,,,,,,src_collected_ah_2024_group_admission
2024,AH,ordinary_undergraduate,history,2759,002,,499,29848,,,,,,src_collected_ah_2024_group_admission
2024,AH,ordinary_undergraduate,history,2761,001,,511,25138,,,,,,src_collected_ah_2024_group_admission
2024,AH,ordinary_undergraduate,history,2763,001,,583,5813,,,,,,src_collected_ah_2024_group_admission
2024,AH,ordinary_undergraduate,history,2763,002,,585,5583,,,,,,src_collected_ah_2024_group_admission
2024,AH,ordinary_undergraduate,history,2764,001,,469,42137,,,,,,src_collected_ah_2024_group_admission
2024,AH,ordinary_undergraduate,history,2770,001,,489,33615,,,,,,src_collected_ah_2024_group_admission
2024,AH,ordinary_undergraduate,history,2770,002,,499,29998,,,,,,src_collected_ah_2024_group_admission
2024,AH,ordinary_undergraduate,history,2771,001,,583,5948,,,,,,src_collected_ah_2024_group_admission
2024,AH,ordinary_undergraduate,history,2773,001,,483,36355,,,,,,src_collected_ah_2024_group_admission
2024,AH,ordinary_undergraduate,history,2774,001,,482,36540,,,,,,src_collected_ah_2024_group_admission
2024,AH,ordinary_undergraduate,history,2774,002,,487,34811,,,,,,src_collected_ah_2024_group_admission
2024,AH,ordinary_undergraduate,history,2776,001,,500,29499,,,,,,src_collected_ah_2024_group_admission
2024,AH,ordinary_undergraduate,history,2777,001,,484,35755,,,,,,src_collected_ah_2024_group_admission
2024,AH,ordinary_undergraduate,history,2777,002,,483,36314,,,,,,src_collected_ah_2024_group_admission
2024,AH,ordinary_undergraduate,history,2777,003,,484,35875,,,,,,src_collected_ah_2024_group_admission
2024,AH,ordinary_undergraduate,history,2780,001,,484,35912,,,,,,src_collected_ah_2024_group_admission
2024,AH,ordinary_undergraduate,history,2782,001,,487,34607,,,,,,src_collected_ah_2024_group_admission
2024,AH,ordinary_undergraduate,history,2782,002,,482,36805,,,,,,src_collected_ah_2024_group_admission
2024,AH,ordinary_undergraduate,history,2786,002,,504,27752,,,,,,src_collected_ah_2024_group_admission
2024,AH,ordinary_undergraduate,history,2786,003,,486,35204,,,,,,src_collected_ah_2024_group_admission
2024,AH,ordinary_undergraduate,history,2786,004,,505,27556,,,,,,src_collected_ah_2024_group_admission
2024,AH,ordinary_undergraduate,history,2788,001,,463,44686,,,,,,src_collected_ah_2024_group_admission
2024,AH,ordinary_undergraduate,history,2790,001,,480,37776,,,,,,src_collected_ah_2024_group_admission
2024,AH,ordinary_undergraduate,history,2792,001,,489,33656,,,,,,src_collected_ah_2024_group_admission
2024,AH,ordinary_undergraduate,history,2792,003,,488,34381,,,,,,src_collected_ah_2024_group_admission
2024,AH,ordinary_undergraduate,history,2797,001,,500,29288,,,,,,src_collected_ah_2024_group_admission
2024,AH,ordinary_undergraduate,history,2799,001,,491,33075,,,,,,src_collected_ah_2024_group_admission
2024,AH,ordinary_undergraduate,history,2801,001,,511,25042,,,,,,src_collected_ah_2024_group_admission
2024,AH,ordinary_undergraduate,history,2801,002,,506,26928,,,,,,src_collected_ah_2024_group_admission
2024,AH,ordinary_undergraduate,history,2802,001,,491,33176,,,,,,src_collected_ah_2024_group_admission
2024,AH,ordinary_undergraduate,history,2805,002,,490,33313,,,,,,src_collected_ah_2024_group_admission
2024,AH,ordinary_undergraduate,history,2807,001,,496,31071,,,,,,src_collected_ah_2024_group_admission
2024,AH,ordinary_undergraduate,history,2807,002,,491,32922,,,,,,src_collected_ah_2024_group_admission
2024,AH,ordinary_undergraduate,history,2808,001,,516,23481,,,,,,src_collected_ah_2024_group_admission
2024,AH,ordinary_undergraduate,history,2813,001,,493,32084,,,,,,src_collected_ah_2024_group_admission
2024,AH,ordinary_undergraduate,history,2813,002,,487,34507,,,,,,src_collected_ah_2024_group_admission
2024,AH,ordinary_undergraduate,history,2815,001,,548,13343,,,,,,src_collected_ah_2024_group_admission
2024,AH,ordinary_undergraduate,history,2818,001,,462,45420,,,,,,src_collected_ah_2024_group_admission
2024,AH,ordinary_undergraduate,history,2819,001,,484,36073,,,,,,src_collected_ah_2024_group_admission
2024,AH,ordinary_undergraduate,history,2825,001,,475,39601,,,,,,src_collected_ah_2024_group_admission
2024,AH,ordinary_undergraduate,history,2827,001,,575,7285,,,,,,src_collected_ah_2024_group_admission
2024,AH,ordinary_undergraduate,history,2831,001,,526,19728,,,,,,src_collected_ah_2024_group_admission
2024,AH,ordinary_undergraduate,history,2831,002,,528,19138,,,,,,src_collected_ah_2024_group_admission
2024,AH,ordinary_undergraduate,history,2833,001,,558,10632,,,,,,src_collected_ah_2024_group_admission
2024,AH,ordinary_undergraduate,history,2834,002,,584,5739,,,,,,src_collected_ah_2024_group_admission
2024,AH,ordinary_undergraduate,history,2835,001,,489,33745,,,,,,src_collected_ah_2024_group_admission
2024,AH,ordinary_undergraduate,history,2841,001,,489,33729,,,,,,src_collected_ah_2024_group_admission
2024,AH,ordinary_undergraduate,history,2841,002,,489,33806,,,,,,src_collected_ah_2024_group_admission
2024,AH,ordinary_undergraduate,history,2841,003,,489,33801,,,,,,src_collected_ah_2024_group_admission
2024,AH,ordinary_undergraduate,history,2841,004,,484,36053,,,,,,src_collected_ah_2024_group_admission
2024,AH,ordinary_undergraduate,history,2843,001,,500,29309,,,,,,src_collected_ah_2024_group_admission
2024,AH,ordinary_undergraduate,history,2846,001,,493,32056,,,,,,src_collected_ah_2024_group_admission
2024,AH,ordinary_undergraduate,history,2846,002,,511,25217,,,,,,src_collected_ah_2024_group_admission
2024,AH,ordinary_undergraduate,history,2856,001,,498,30347,,,,,,src_collected_ah_2024_group_admission
2024,AH,ordinary_undergraduate,history,2858,001,,491,32998,,,,,,src_collected_ah_2024_group_admission
2024,AH,ordinary_undergraduate,history,2859,001,,489,33898,,,,,,src_collected_ah_2024_group_admission
2024,AH,ordinary_undergraduate,history,2859,002,,481,37034,,,,,,src_collected_ah_2024_group_admission
2024,AH,ordinary_undergraduate,history,2859,003,,503,28243,,,,,,src_collected_ah_2024_group_admission
2024,AH,ordinary_undergraduate,history,2860,001,,503,28252,,,,,,src_collected_ah_2024_group_admission
2024,AH,ordinary_undergraduate,history,2860,002,,489,33819,,,,,,src_collected_ah_2024_group_admission
2024,AH,ordinary_undergraduate,history,2861,001,,509,26149,,,,,,src_collected_ah_2024_group_admission
2024,AH,ordinary_undergraduate,history,2861,002,,512,24692,,,,,,src_collected_ah_2024_group_admission
2024,AH,ordinary_undergraduate,history,2863,001,,508,26504,,,,,,src_collected_ah_2024_group_admission
2024,AH,ordinary_undergraduate,history,2863,002,,496,30840,,,,,,src_collected_ah_2024_group_admission
2024,AH,ordinary_undergraduate,history,2865,002,,583,5805,,,,,,src_collected_ah_2024_group_admission
2024,AH,ordinary_undergraduate,history,2865,003,,598,3856,,,,,,src_collected_ah_2024_group_admission
2024,AH,ordinary_undergraduate,history,2865,004,,610,2408,,,,,,src_collected_ah_2024_group_admission
2024,AH,ordinary_undergraduate,history,2865,005,,589,4943,,,,,,src_collected_ah_2024_group_admission
2024,AH,ordinary_undergraduate,history,2865,006,,596,4019,,,,,,src_collected_ah_2024_group_admission
2024,AH,ordinary_undergraduate,history,2871,001,,479,38079,,,,,,src_collected_ah_2024_group_admission
2024,AH,ordinary_undergraduate,history,2876,001,,507,26875,,,,,,src_collected_ah_2024_group_admission
2024,AH,ordinary_undergraduate,history,2878,001,,502,28780,,,,,,src_collected_ah_2024_group_admission
2024,AH,ordinary_undergraduate,history,2880,001,,539,15822,,,,,,src_collected_ah_2024_group_admission
2024,AH,ordinary_undergraduate,history,2880,003,,564,9311,,,,,,src_collected_ah_2024_group_admission
2024,AH,ordinary_undergraduate,history,2883,001,,482,36870,,,,,,src_collected_ah_2024_group_admission
2024,AH,ordinary_undergraduate,history,2884,001,,518,22510,,,,,,src_collected_ah_2024_group_admission
2024,AH,ordinary_undergraduate,history,2896,001,,498,30185,,,,,,src_collected_ah_2024_group_admission
2024,AH,ordinary_undergraduate,history,2896,002,,503,28208,,,,,,src_collected_ah_2024_group_admission
2024,AH,ordinary_undergraduate,history,2902,001,,490,33571,,,,,,src_collected_ah_2024_group_admission
2024,AH,ordinary_undergraduate,history,2903,001,,512,24898,,,,,,src_collected_ah_2024_group_admission
2024,AH,ordinary_undergraduate,history,2903,002,,493,32026,,,,,,src_collected_ah_2024_group_admission
2024,AH,ordinary_undergraduate,history,2905,001,,545,13928,,,,,,src_collected_ah_2024_group_admission
2024,AH,ordinary_undergraduate,history,2906,001,,544,14245,,,,,,src_collected_ah_2024_group_admission
2024,AH,ordinary_undergraduate,history,2908,001,,578,6751,,,,,,src_collected_ah_2024_group_admission
2024,AH,ordinary_undergraduate,history,2909,001,,485,35548,,,,,,src_collected_ah_2024_group_admission
2024,AH,ordinary_undergraduate,history,2910,001,,525,20056,,,,,,src_collected_ah_2024_group_admission
2024,AH,ordinary_undergraduate,history,2910,002,,537,16179,,,,,,src_collected_ah_2024_group_admission
2024,AH,ordinary_undergraduate,history,2911,004,,657,159,,,,,,src_collected_ah_2024_group_admission
2024,AH,ordinary_undergraduate,history,2916,002,,581,6214,,,,,,src_collected_ah_2024_group_admission
2024,AH,ordinary_undergraduate,history,2917,001,,477,38978,,,,,,src_collected_ah_2024_group_admission
2024,AH,ordinary_undergraduate,history,2919,001,,590,4814,,,,,,src_collected_ah_2024_group_admission
2024,AH,ordinary_undergraduate,history,2920,001,,485,35661,,,,,,src_collected_ah_2024_group_admission
2024,AH,ordinary_undergraduate,history,2922,001,,462,45268,,,,,,src_collected_ah_2024_group_admission
2024,AH,ordinary_undergraduate,history,2933,001,,546,13676,,,,,,src_collected_ah_2024_group_admission
2024,AH,ordinary_undergraduate,history,2934,001,,578,6686,,,,,,src_collected_ah_2024_group_admission
2024,AH,ordinary_undergraduate,history,2937,001,,572,7735,,,,,,src_collected_ah_2024_group_admission
2024,AH,ordinary_undergraduate,history,2937,002,,571,8032,,,,,,src_collected_ah_2024_group_admission
2024,AH,ordinary_undergraduate,history,2941,001,,576,7049,,,,,,src_collected_ah_2024_group_admission
2024,AH,ordinary_undergraduate,history,2942,001,,492,32555,,,,,,src_collected_ah_2024_group_admission
2024,AH,ordinary_undergraduate,history,2943,001,,474,39996,,,,,,src_collected_ah_2024_group_admission
2024,AH,ordinary_undergraduate,history,2943,002,,471,41469,,,,,,src_collected_ah_2024_group_admission
2024,AH,ordinary_undergraduate,history,2947,001,,529,18837,,,,,,src_collected_ah_2024_group_admission
2024,AH,ordinary_undergraduate,history,2948,001,,497,30754,,,,,,src_collected_ah_2024_group_admission
2024,AH,ordinary_undergraduate,history,2954,001,,462,45363,,,,,,src_collected_ah_2024_group_admission
2024,AH,ordinary_undergraduate,history,2955,001,,542,14726,,,,,,src_collected_ah_2024_group_admission
2024,AH,ordinary_undergraduate,history,2955,002,,562,9701,,,,,,src_collected_ah_2024_group_admission
2024,AH,ordinary_undergraduate,history,2959,001,,600,3514,,,,,,src_collected_ah_2024_group_admission
2024,AH,ordinary_undergraduate,history,2959,002,,600,3549,,,,,,src_collected_ah_2024_group_admission
2024,AH,ordinary_undergraduate,history,2961,001,,490,33412,,,,,,src_collected_ah_2024_group_admission
2024,AH,ordinary_undergraduate,history,2962,001,,484,35901,,,,,,src_collected_ah_2024_group_admission
2024,AH,ordinary_undergraduate,history,2964,001,,497,30771,,,,,,src_collected_ah_2024_group_admission
2024,AH,ordinary_undergraduate,history,2967,001,,469,42162,,,,,,src_collected_ah_2024_group_admission
2024,AH,ordinary_undergraduate,history,2970,001,,525,20252,,,,,,src_collected_ah_2024_group_admission
2024,AH,ordinary_undergraduate,history,2971,001,,478,38278,,,,,,src_collected_ah_2024_group_admission
2024,AH,ordinary_undergraduate,history,2972,001,,474,40129,,,,,,src_collected_ah_2024_group_admission
2024,AH,ordinary_undergraduate,history,2973,001,,514,24177,,,,,,src_collected_ah_2024_group_admission
2024,AH,ordinary_undergraduate,history,2977,001,,472,41156,,,,,,src_collected_ah_2024_group_admission
2024,AH,ordinary_undergraduate,history,2981,001,,543,14601,,,,,,src_collected_ah_2024_group_admission
2024,AH,ordinary_undergraduate,history,2981,002,,533,17561,,,,,,src_collected_ah_2024_group_admission
2024,AH,ordinary_undergraduate,history,2981,003,,539,15751,,,,,,src_collected_ah_2024_group_admission
2024,AH,ordinary_undergraduate,history,2982,004,,618,1756,,,,,,src_collected_ah_2024_group_admission
2024,AH,ordinary_undergraduate,history,2982,005,,609,2533,,,,,,src_collected_ah_2024_group_admission
2024,AH,ordinary_undergraduate,history,2982,007,,617,1837,,,,,,src_collected_ah_2024_group_admission
2024,AH,ordinary_undergraduate,history,2983,001,,600,3580,,,,,,src_collected_ah_2024_group_admission
2024,AH,ordinary_undergraduate,history,2984,001,,601,3370,,,,,,src_collected_ah_2024_group_admission
2024,AH,ordinary_undergraduate,history,2984,002,,607,2726,,,,,,src_collected_ah_2024_group_admission
2024,AH,ordinary_undergraduate,history,2985,002,,621,1546,,,,,,src_collected_ah_2024_group_admission
2024,AH,ordinary_undergraduate,history,2985,004,,622,1468,,,,,,src_collected_ah_2024_group_admission
2024,AH,ordinary_undergraduate,history,2989,002,,599,3696,,,,,,src_collected_ah_2024_group_admission
2024,AH,ordinary_undergraduate,history,2990,001,,599,3675,,,,,,src_collected_ah_2024_group_admission
2024,AH,ordinary_undergraduate,history,2991,001,,482,36636,,,,,,src_collected_ah_2024_group_admission
2024,AH,ordinary_undergraduate,history,2992,003,,525,20028,,,,,,src_collected_ah_2024_group_admission
2024,AH,ordinary_undergraduate,history,2993,001,,575,7209,,,,,,src_collected_ah_2024_group_admission
2024,AH,ordinary_undergraduate,history,2994,002,,574,7453,,,,,,src_collected_ah_2024_group_admission
2024,AH,ordinary_undergraduate,history,2994,003,,579,6606,,,,,,src_collected_ah_2024_group_admission
2024,AH,ordinary_undergraduate,history,2995,002,,499,29933,,,,,,src_collected_ah_2024_group_admission
2024,AH,ordinary_undergraduate,history,2995,003,,524,20532,,,,,,src_collected_ah_2024_group_admission
2024,AH,ordinary_undergraduate,history,2996,001,,625,1306,,,,,,src_collected_ah_2024_group_admission
2024,AH,ordinary_undergraduate,history,2996,002,,614,2123,,,,,,src_collected_ah_2024_group_admission
2024,AH,ordinary_undergraduate,history,2997,007,,659,114,,,,,,src_collected_ah_2024_group_admission
2024,AH,ordinary_undergraduate,history,2997,008,,660,104,,,,,,src_collected_ah_2024_group_admission
2024,AH,ordinary_undergraduate,history,2999,002,,617,1869,,,,,,src_collected_ah_2024_group_admission
2024,AH,ordinary_undergraduate,history,3001,002,,615,1996,,,,,,src_collected_ah_2024_group_admission
2024,AH,ordinary_undergraduate,history,3001,003,,620,1644,,,,,,src_collected_ah_2024_group_admission
2024,AH,ordinary_undergraduate,history,3002,001,,603,3251,,,,,,src_collected_ah_2024_group_admission
2024,AH,ordinary_undergraduate,history,3002,002,,608,2667,,,,,,src_collected_ah_2024_group_admission
2024,AH,ordinary_undergraduate,history,3003,001,,574,7498,,,,,,src_collected_ah_2024_group_admission
2024,AH,ordinary_undergraduate,history,3003,002,,571,7925,,,,,,src_collected_ah_2024_group_admission
2024,AH,ordinary_undergraduate,history,3004,001,,597,3889,,,,,,src_collected_ah_2024_group_admission
2024,AH,ordinary_undergraduate,history,3005,001,,572,7809,,,,,,src_collected_ah_2024_group_admission
2024,AH,ordinary_undergraduate,history,3005,002,,564,9400,,,,,,src_collected_ah_2024_group_admission
2024,AH,ordinary_undergraduate,history,3011,004,,628,1089,,,,,,src_collected_ah_2024_group_admission
2024,AH,ordinary_undergraduate,history,3011,005,,634,803,,,,,,src_collected_ah_2024_group_admission
2024,AH,ordinary_undergraduate,history,3012,002,,522,21298,,,,,,src_collected_ah_2024_group_admission
2024,AH,ordinary_undergraduate,history,3013,005,,614,2089,,,,,,src_collected_ah_2024_group_admission
2024,AH,ordinary_undergraduate,history,3014,004,,630,1032,,,,,,src_collected_ah_2024_group_admission
2024,AH,ordinary_undergraduate,history,3015,001,,542,14876,,,,,,src_collected_ah_2024_group_admission
2024,AH,ordinary_undergraduate,history,3016,001,,482,36634,,,,,,src_collected_ah_2024_group_admission
2024,AH,ordinary_undergraduate,history,3017,001,,572,7755,,,,,,src_collected_ah_2024_group_admission
2024,AH,ordinary_undergraduate,history,3017,002,,583,5939,,,,,,src_collected_ah_2024_group_admission
2024,AH,ordinary_undergraduate,history,3018,003,,637,693,,,,,,src_collected_ah_2024_group_admission
2024,AH,ordinary_undergraduate,history,3018,004,,637,707,,,,,,src_collected_ah_2024_group_admission
2024,AH,ordinary_undergraduate,history,3021,003,,626,1248,,,,,,src_collected_ah_2024_group_admission
2024,AH,ordinary_undergraduate,history,3023,001,,618,1812,,,,,,src_collected_ah_2024_group_admission
2024,AH,ordinary_undergraduate,history,3025,001,,590,4905,,,,,,src_collected_ah_2024_group_admission
2024,AH,ordinary_undergraduate,history,3027,001,,506,27059,,,,,,src_collected_ah_2024_group_admission
2024,AH,ordinary_undergraduate,history,3028,001,,484,35830,,,,,,src_collected_ah_2024_group_admission
2024,AH,ordinary_undergraduate,history,3030,001,,498,30206,,,,,,src_collected_ah_2024_group_admission
2024,AH,ordinary_undergraduate,history,3030,002,,483,36330,,,,,,src_collected_ah_2024_group_admission
2024,AH,ordinary_undergraduate,history,3030,003,,496,31117,,,,,,src_collected_ah_2024_group_admission
2024,AH,ordinary_undergraduate,history,3033,001,,483,36412,,,,,,src_collected_ah_2024_group_admission
2024,AH,ordinary_undergraduate,history,3039,001,,503,28463,,,,,,src_collected_ah_2024_group_admission
2024,AH,ordinary_undergraduate,history,9001,005,,586,5388,,,,,,src_collected_ah_2024_group_admission
2024,AH,ordinary_undergraduate,history,9001,006,,596,4045,,,,,,src_collected_ah_2024_group_admission
2024,AH,ordinary_undergraduate,history,9002,003,,547,13468,,,,,,src_collected_ah_2024_group_admission
2024,AH,ordinary_undergraduate,history,9003,001,,530,18528,,,,,,src_collected_ah_2024_group_admission
2024,AH,ordinary_undergraduate,history,9004,003,,532,17887,,,,,,src_collected_ah_2024_group_admission
2024,AH,ordinary_undergraduate,history,9005,003,,540,15281,,,,,,src_collected_ah_2024_group_admission
2024,AH,ordinary_undergraduate,history,9006,001,,548,13298,,,,,,src_collected_ah_2024_group_admission
2024,AH,ordinary_undergraduate,history,9007,001,,560,10226,,,,,,src_collected_ah_2024_group_admission
2024,AH,ordinary_undergraduate,history,9008,029,,582,6127,,,,,,src_collected_ah_2024_group_admission
2024,AH,ordinary_undergraduate,history,9008,030,,569,8367,,,,,,src_collected_ah_2024_group_admission
2024,AH,ordinary_undergraduate,history,9008,031,,571,7993,,,,,,src_collected_ah_2024_group_admission
2024,AH,ordinary_undergraduate,history,9008,032,,560,10157,,,,,,src_collected_ah_2024_group_admission
2024,AH,ordinary_undergraduate,history,9008,033,,571,7895,,,,,,src_collected_ah_2024_group_admission
2024,AH,ordinary_undergraduate,history,9008,034,,568,8473,,,,,,src_collected_ah_2024_group_admission
2024,AH,ordinary_undergraduate,history,9008,035,,566,8864,,,,,,src_collected_ah_2024_group_admission
2024,AH,ordinary_undergraduate,history,9008,036,,563,9507,,,,,,src_collected_ah_2024_group_admission
2024,AH,ordinary_undergraduate,history,9008,037,,559,10508,,,,,,src_collected_ah_2024_group_admission
2024,AH,ordinary_undergraduate,history,9008,038,,559,10534,,,,,,src_collected_ah_2024_group_admission
2024,AH,ordinary_undergraduate,history,9008,039,,562,9698,,,,,,src_collected_ah_2024_group_admission
2024,AH,ordinary_undergraduate,history,9008,041,,577,6978,,,,,,src_collected_ah_2024_group_admission
2024,AH,ordinary_undergraduate,history,9008,042,,574,7379,,,,,,src_collected_ah_2024_group_admission
2024,AH,ordinary_undergraduate,history,9009,005,,551,12419,,,,,,src_collected_ah_2024_group_admission
2024,AH,ordinary_undergraduate,history,9009,007,,478,38292,,,,,,src_collected_ah_2024_group_admission
2024,AH,ordinary_undergraduate,history,9010,001,,523,20885,,,,,,src_collected_ah_2024_group_admission
2024,AH,ordinary_undergraduate,history,9010,002,,488,34088,,,,,,src_collected_ah_2024_group_admission
2024,AH,ordinary_undergraduate,history,9011,008,,530,18458,,,,,,src_collected_ah_2024_group_admission
2024,AH,ordinary_undergraduate,history,9011,009,,542,14894,,,,,,src_collected_ah_2024_group_admission
2024,AH,ordinary_undergraduate,history,9011,010,,539,15818,,,,,,src_collected_ah_2024_group_admission
2024,AH,ordinary_undergraduate,history,9012,005,,521,21635,,,,,,src_collected_ah_2024_group_admission
2024,AH,ordinary_undergraduate,history,9012,006,,536,16524,,,,,,src_collected_ah_2024_group_admission
2024,AH,ordinary_undergraduate,history,9012,007,,521,21402,,,,,,src_collected_ah_2024_group_admission
2024,AH,ordinary_undergraduate,history,9013,004,,526,19804,,,,,,src_collected_ah_2024_group_admission
2024,AH,ordinary_undergraduate,history,9013,007,,520,21684,,,,,,src_collected_ah_2024_group_admission
2024,AH,ordinary_undergraduate,history,9013,008,,530,18439,,,,,,src_collected_ah_2024_group_admission
2024,AH,ordinary_undergraduate,history,9013,009,,524,20569,,,,,,src_collected_ah_2024_group_admission
2024,AH,ordinary_undergraduate,history,9014,001,,518,22765,,,,,,src_collected_ah_2024_group_admission
2024,AH,ordinary_undergraduate,history,9014,002,,468,42616,,,,,,src_collected_ah_2024_group_admission
2024,AH,ordinary_undergraduate,history,9015,001,,534,17037,,,,,,src_collected_ah_2024_group_admission
2024,AH,ordinary_undergraduate,history,9101,002,,513,24525,,,,,,src_collected_ah_2024_group_admission
2024,AH,ordinary_undergraduate,history,9101,003,,507,26742,,,,,,src_collected_ah_2024_group_admission
2024,AH,ordinary_undergraduate,history,9104,001,,491,32921,,,,,,src_collected_ah_2024_group_admission
2024,AH,ordinary_undergraduate,history,9104,002,,496,30953,,,,,,src_collected_ah_2024_group_admission
2024,AH,ordinary_undergraduate,history,9105,001,,502,28671,,,,,,src_collected_ah_2024_group_admission
2024,AH,ordinary_undergraduate,history,9106,001,,506,27263,,,,,,src_collected_ah_2024_group_admission
2024,AH,ordinary_undergraduate,history,9106,002,,492,32496,,,,,,src_collected_ah_2024_group_admission
2024,AH,ordinary_undergraduate,history,9106,003,,505,27405,,,,,,src_collected_ah_2024_group_admission
2024,AH,ordinary_undergraduate,history,9106,004,,498,30222,,,,,,src_collected_ah_2024_group_admission
2024,AH,ordinary_undergraduate,history,9107,003,,506,26984,,,,,,src_collected_ah_2024_group_admission
2024,AH,ordinary_undergraduate,history,9107,004,,508,26246,,,,,,src_collected_ah_2024_group_admission
2024,AH,ordinary_undergraduate,history,9109,003,,521,21490,,,,,,src_collected_ah_2024_group_admission
2024,AH,ordinary_undergraduate,history,9109,004,,518,22408,,,,,,src_collected_ah_2024_group_admission
2024,AH,ordinary_undergraduate,history,9109,005,,531,18042,,,,,,src_collected_ah_2024_group_admission
2024,AH,ordinary_undergraduate,history,9111,003,,513,24557,,,,,,src_collected_ah_2024_group_admission
2024,AH,ordinary_undergraduate,history,9111,004,,520,22032,,,,,,src_collected_ah_2024_group_admission
2024,AH,ordinary_undergraduate,history,9112,002,,495,31580,,,,,,src_collected_ah_2024_group_admission
2024,AH,ordinary_undergraduate,history,9112,003,,484,35950,,,,,,src_collected_ah_2024_group_admission
2024,AH,ordinary_undergraduate,history,9113,001,,511,25169,,,,,,src_collected_ah_2024_group_admission
2024,AH,ordinary_undergraduate,history,9113,002,,497,30469,,,,,,src_collected_ah_2024_group_admission
2024,AH,ordinary_undergraduate,history,9114,001,,513,24614,,,,,,src_collected_ah_2024_group_admission
2024,AH,ordinary_undergraduate,history,9114,002,,463,44885,,,,,,src_collected_ah_2024_group_admission
2024,AH,ordinary_undergraduate,history,9115,002,,510,25633,,,,,,src_collected_ah_2024_group_admission
2024,AH,ordinary_undergraduate,history,9115,003,,510,25562,,,,,,src_collected_ah_2024_group_admission
2024,AH,ordinary_undergraduate,history,9116,001,,494,31970,,,,,,src_collected_ah_2024_group_admission
2024,AH,ordinary_undergraduate,history,9116,002,,507,26769,,,,,,src_collected_ah_2024_group_admission
2024,AH,ordinary_undergraduate,history,9117,001,,490,33460,,,,,,src_collected_ah_2024_group_admission
2024,AH,ordinary_undergraduate,history,9201,001,,470,41962,,,,,,src_collected_ah_2024_group_admission
2024,AH,ordinary_undergraduate,history,9204,001,,468,42729,,,,,,src_collected_ah_2024_group_admission
2024,AH,ordinary_undergraduate,history,9205,001,,478,38687,,,,,,src_collected_ah_2024_group_admission
2024,AH,ordinary_undergraduate,history,9206,001,,462,45528,,,,,,src_collected_ah_2024_group_admission
2024,AH,ordinary_undergraduate,history,9206,002,,472,41082,,,,,,src_collected_ah_2024_group_admission
2024,AH,ordinary_undergraduate,history,9207,001,,486,35096,,,,,,src_collected_ah_2024_group_admission
2024,AH,ordinary_undergraduate,history,9208,001,,462,45505,,,,,,src_collected_ah_2024_group_admission
2024,AH,ordinary_undergraduate,history,9209,001,,462,45495,,,,,,src_collected_ah_2024_group_admission
2024,AH,ordinary_undergraduate,history,9210,001,,462,45517,,,,,,src_collected_ah_2024_group_admission
2024,AH,ordinary_undergraduate,history,9211,001,,462,45520,,,,,,src_collected_ah_2024_group_admission
2024,AH,ordinary_undergraduate,history,9212,001,,485,35356,,,,,,src_collected_ah_2024_group_admission
2024,AH,ordinary_undergraduate,history,9212,002,,469,42233,,,,,,src_collected_ah_2024_group_admission
2024,AH,ordinary_undergraduate,history,9213,001,,484,35749,,,,,,src_collected_ah_2024_group_admission
2024,AH,ordinary_undergraduate,history,9214,001,,466,43556,,,,,,src_collected_ah_2024_group_admission
2024,AH,ordinary_undergraduate,history,9215,001,,473,40533,,,,,,src_collected_ah_2024_group_admission
2024,AH,ordinary_undergraduate,physics,1001,001,,504,120440,,,,,,src_collected_ah_2024_group_admission
2024,AH,ordinary_undergraduate,physics,1003,001,,502,122729,,,,,,src_collected_ah_2024_group_admission
2024,AH,ordinary_undergraduate,physics,1003,002,,496,131153,,,,,,src_collected_ah_2024_group_admission
2024,AH,ordinary_undergraduate,physics,1003,003,,500,126620,,,,,,src_collected_ah_2024_group_admission
2024,AH,ordinary_undergraduate,physics,1004,001,,516,103712,,,,,,src_collected_ah_2024_group_admission
2024,AH,ordinary_undergraduate,physics,1007,001,,494,135161,,,,,,src_collected_ah_2024_group_admission
2024,AH,ordinary_undergraduate,physics,1007,002,,489,141431,,,,,,src_collected_ah_2024_group_admission
2024,AH,ordinary_undergraduate,physics,1007,003,,493,136262,,,,,,src_collected_ah_2024_group_admission
2024,AH,ordinary_undergraduate,physics,1007,004,,510,112756,,,,,,src_collected_ah_2024_group_admission
2024,AH,ordinary_undergraduate,physics,1010,001,,488,143061,,,,,,src_collected_ah_2024_group_admission
2024,AH,ordinary_undergraduate,physics,1017,001,,497,130608,,,,,,src_collected_ah_2024_group_admission
2024,AH,ordinary_undergraduate,physics,1020,001,,501,124522,,,,,,src_collected_ah_2024_group_admission
2024,AH,ordinary_undergraduate,physics,1022,002,,511,110314,,,,,,src_collected_ah_2024_group_admission
2024,AH,ordinary_undergraduate,physics,1022,004,,513,108327,,,,,,src_collected_ah_2024_group_admission
2024,AH,ordinary_undergraduate,physics,1022,005,,504,120759,,,,,,src_collected_ah_2024_group_admission
2024,AH,ordinary_undergraduate,physics,1022,006,,514,106270,,,,,,src_collected_ah_2024_group_admission
2024,AH,ordinary_undergraduate,physics,1022,007,,499,127099,,,,,,src_collected_ah_2024_group_admission
2024,AH,ordinary_undergraduate,physics,1022,008,,503,122378,,,,,,src_collected_ah_2024_group_admission
2024,AH,ordinary_undergraduate,physics,1022,010,,515,105639,,,,,,src_collected_ah_2024_group_admission
2024,AH,ordinary_undergraduate,physics,1023,002,,590,31465,,,,,,src_collected_ah_2024_group_admission
2024,AH,ordinary_undergraduate,physics,1024,003,,529,87439,,,,,,src_collected_ah_2024_group_admission
2024,AH,ordinary_undergraduate,physics,1024,004,,519,100276,,,,,,src_collected_ah_2024_group_admission
2024,AH,ordinary_undergraduate,physics,1026,001,,506,117111,,,,,,src_collected_ah_2024_group_admission
2024,AH,ordinary_undergraduate,physics,1026,002,,513,107667,,,,,,src_collected_ah_2024_group_admission
2024,AH,ordinary_undergraduate,physics,1026,004,,554,60303,,,,,,src_collected_ah_2024_group_admission
2024,AH,ordinary_undergraduate,physics,1026,005,,505,119169,,,,,,src_collected_ah_2024_group_admission
2024,AH,ordinary_undergraduate,physics,1027,001,,518,101308,,,,,,src_collected_ah_2024_group_admission
2024,AH,ordinary_undergraduate,physics,1028,001,,502,123257,,,,,,src_collected_ah_2024_group_admission
2024,AH,ordinary_undergraduate,physics,1028,002,,497,129763,,,,,,src_collected_ah_2024_group_admission
2024,AH,ordinary_undergraduate,physics,1028,003,,488,143173,,,,,,src_collected_ah_2024_group_admission
2024,AH,ordinary_undergraduate,physics,1028,004,,518,101777,,,,,,src_collected_ah_2024_group_admission
2024,AH,ordinary_undergraduate,physics,1029,007,,697,57,,,,,,src_collected_ah_2024_group_admission
2024,AH,ordinary_undergraduate,physics,1030,002,,691,155,,,,,,src_collected_ah_2024_group_admission
2024,AH,ordinary_undergraduate,physics,1030,003,,680,545,,,,,,src_collected_ah_2024_group_admission
2024,AH,ordinary_undergraduate,physics,1031,001,,578,40039,,,,,,src_collected_ah_2024_group_admission
2024,AH,ordinary_undergraduate,physics,1032,001,,607,21771,,,,,,src_collected_ah_2024_group_admission
2024,AH,ordinary_undergraduate,physics,1035,001,,518,101886,,,,,,src_collected_ah_2024_group_admission
2024,AH,ordinary_undergraduate,physics,1035,002,,510,111922,,,,,,src_collected_ah_2024_group_admission
2024,AH,ordinary_undergraduate,physics,1036,001,,583,36240,,,,,,src_collected_ah_2024_group_admission
2024,AH,ordinary_undergraduate,physics,1036,002,,581,37723,,,,,,src_collected_ah_2024_group_admission
2024,AH,ordinary_undergraduate,physics,1036,003,,586,34109,,,,,,src_collected_ah_2024_group_admission
2024,AH,ordinary_undergraduate,physics,1039,003,,671,1322,,,,,,src_collected_ah_2024_group_admission
2024,AH,ordinary_undergraduate,physics,1039,004,,656,3645,,,,,,src_collected_ah_2024_group_admission
2024,AH,ordinary_undergraduate,physics,1040,003,,624,13666,,,,,,src_collected_ah_2024_group_admission
2024,AH,ordinary_undergraduate,physics,1040,004,,628,11924,,,,,,src_collected_ah_2024_group_admission
2024,AH,ordinary_undergraduate,physics,1041,001,,576,41625,,,,,,src_collected_ah_2024_group_admission
2024,AH,ordinary_undergraduate,physics,1041,003,,577,40604,,,,,,src_collected_ah_2024_group_admission
2024,AH,ordinary_undergraduate,physics,1042,003,,625,13131,,,,,,src_collected_ah_2024_group_admission
2024,AH,ordinary_undergraduate,physics,1042,004,,653,4259,,,,,,src_collected_ah_2024_group_admission
2024,AH,ordinary_undergraduate,physics,1042,005,,649,5041,,,,,,src_collected_ah_2024_group_admission
2024,AH,ordinary_undergraduate,physics,1042,006,,642,6972,,,,,,src_collected_ah_2024_group_admission
2024,AH,ordinary_undergraduate,physics,1048,003,,638,8256,,,,,,src_collected_ah_2024_group_admission
2024,AH,ordinary_undergraduate,physics,1048,004,,637,8699,,,,,,src_collected_ah_2024_group_admission
2024,AH,ordinary_undergraduate,physics,1048,005,,636,8831,,,,,,src_collected_ah_2024_group_admission
2024,AH,ordinary_undergraduate,physics,1049,002,,482,151855,,,,,,src_collected_ah_2024_group_admission
2024,AH,ordinary_undergraduate,physics,1051,005,,672,1220,,,,,,src_collected_ah_2024_group_admission
2024,AH,ordinary_undergraduate,physics,1052,001,,542,72482,,,,,,src_collected_ah_2024_group_admission
2024,AH,ordinary_undergraduate,physics,1052,003,,540,75453,,,,,,src_collected_ah_2024_group_admission
2024,AH,ordinary_undergraduate,physics,1052,004,,544,70251,,,,,,src_collected_ah_2024_group_admission
2024,AH,ordinary_undergraduate,physics,1053,006,,602,24535,,,,,,src_collected_ah_2024_group_admission
2024,AH,ordinary_undergraduate,physics,1053,007,,600,25537,,,,,,src_collected_ah_2024_group_admission
2024,AH,ordinary_undergraduate,physics,1053,008,,612,19039,,,,,,src_collected_ah_2024_group_admission
2024,AH,ordinary_undergraduate,physics,1053,009,,617,16503,,,,,,src_collected_ah_2024_group_admission
2024,AH,ordinary_undergraduate,physics,1053,010,,619,15464,,,,,,src_collected_ah_2024_group_admission
2024,AH,ordinary_undergraduate,physics,1053,011,,601,24992,,,,,,src_collected_ah_2024_group_admission
2024,AH,ordinary_undergraduate,physics,1053,012,,599,25855,,,,,,src_collected_ah_2024_group_admission
2024,AH,ordinary_undergraduate,physics,1053,013,,602,24196,,,,,,src_collected_ah_2024_group_admission
2024,AH,ordinary_undergraduate,physics,1053,014,,615,17609,,,,,,src_collected_ah_2024_group_admission
2024,AH,ordinary_undergraduate,physics,1054,001,,521,97762,,,,,,src_collected_ah_2024_group_admission
2024,AH,ordinary_undergraduate,physics,1057,003,,653,4275,,,,,,src_collected_ah_2024_group_admission
2024,AH,ordinary_undergraduate,physics,1057,005,,656,3591,,,,,,src_collected_ah_2024_group_admission
2024,AH,ordinary_undergraduate,physics,1060,001,,528,89370,,,,,,src_collected_ah_2024_group_admission
2024,AH,ordinary_undergraduate,physics,1061,004,,594,28987,,,,,,src_collected_ah_2024_group_admission
2024,AH,ordinary_undergraduate,physics,1061,005,,601,24730,,,,,,src_collected_ah_2024_group_admission
2024,AH,ordinary_undergraduate,physics,1061,006,,593,29643,,,,,,src_collected_ah_2024_group_admission
2024,AH,ordinary_undergraduate,physics,1061,008,,603,23597,,,,,,src_collected_ah_2024_group_admission
2024,AH,ordinary_undergraduate,physics,1061,009,,589,32422,,,,,,src_collected_ah_2024_group_admission
2024,AH,ordinary_undergraduate,physics,1062,006,,626,12603,,,,,,src_collected_ah_2024_group_admission
2024,AH,ordinary_undergraduate,physics,1062,007,,634,9620,,,,,,src_collected_ah_2024_group_admission
2024,AH,ordinary_undergraduate,physics,1062,008,,628,11974,,,,,,src_collected_ah_2024_group_admission
2024,AH,ordinary_undergraduate,physics,1064,001,,557,57414,,,,,,src_collected_ah_2024_group_admission
2024,AH,ordinary_undergraduate,physics,1064,002,,551,63295,,,,,,src_collected_ah_2024_group_admission
2024,AH,ordinary_undergraduate,physics,1064,004,,565,50656,,,,,,src_collected_ah_2024_group_admission
2024,AH,ordinary_undergraduate,physics,1065,001,,598,26837,,,,,,src_collected_ah_2024_group_admission
2024,AH,ordinary_undergraduate,physics,1066,001,,596,28149,,,,,,src_collected_ah_2024_group_admission
2024,AH,ordinary_undergraduate,physics,1066,002,,598,26834,,,,,,src_collected_ah_2024_group_admission
2024,AH,ordinary_undergraduate,physics,1068,002,,562,53361,,,,,,src_collected_ah_2024_group_admission
2024,AH,ordinary_undergraduate,physics,1068,003,,542,72715,,,,,,src_collected_ah_2024_group_admission
2024,AH,ordinary_undergraduate,physics,1069,004,,663,2361,,,,,,src_collected_ah_2024_group_admission
2024,AH,ordinary_undergraduate,physics,1069,005,,653,4173,,,,,,src_collected_ah_2024_group_admission
2024,AH,ordinary_undergraduate,physics,1071,005,,582,37277,,,,,,src_collected_ah_2024_group_admission
2024,AH,ordinary_undergraduate,physics,1071,007,,596,28092,,,,,,src_collected_ah_2024_group_admission
2024,AH,ordinary_undergraduate,physics,1071,009,,580,38431,,,,,,src_collected_ah_2024_group_admission
2024,AH,ordinary_undergraduate,physics,1073,005,,605,22459,,,,,,src_collected_ah_2024_group_admission
2024,AH,ordinary_undergraduate,physics,1073,006,,587,33955,,,,,,src_collected_ah_2024_group_admission
2024,AH,ordinary_undergraduate,physics,1074,002,,498,129547,,,,,,src_collected_ah_2024_group_admission
2024,AH,ordinary_undergraduate,physics,1074,003,,532,84594,,,,,,src_collected_ah_2024_group_admission
2024,AH,ordinary_undergraduate,physics,1076,002,,526,91400,,,,,,src_collected_ah_2024_group_admission
2024,AH,ordinary_undergraduate,physics,1080,002,,504,120554,,,,,,src_collected_ah_2024_group_admission
2024,AH,ordinary_undergraduate,physics,1080,003,,494,133994,,,,,,src_collected_ah_2024_group_admission
2024,AH,ordinary_undergraduate,physics,1080,004,,501,125154,,,,,,src_collected_ah_2024_group_admission
2024,AH,ordinary_undergraduate,physics,1080,005,,525,93079,,,,,,src_collected_ah_2024_group_admission
2024,AH,ordinary_undergraduate,physics,1080,006,,530,86705,,,,,,src_collected_ah_2024_group_admission
2024,AH,ordinary_undergraduate,physics,1080,007,,510,111810,,,,,,src_collected_ah_2024_group_admission
2024,AH,ordinary_undergraduate,physics,1080,008,,525,92569,,,,,,src_collected_ah_2024_group_admission
2024,AH,ordinary_undergraduate,physics,1080,009,,509,113221,,,,,,src_collected_ah_2024_group_admission
2024,AH,ordinary_undergraduate,physics,1085,001,,488,142923,,,,,,src_collected_ah_2024_group_admission
2024,AH,ordinary_undergraduate,physics,1085,002,,488,143932,,,,,,src_collected_ah_2024_group_admission
2024,AH,ordinary_undergraduate,physics,1086,004,,597,27229,,,,,,src_collected_ah_2024_group_admission
2024,AH,ordinary_undergraduate,physics,1086,005,,613,18345,,,,,,src_collected_ah_2024_group_admission
2024,AH,ordinary_undergraduate,physics,1086,007,,602,24402,,,,,,src_collected_ah_2024_group_admission
2024,AH,ordinary_undergraduate,physics,1088,001,,474,162500,,,,,,src_collected_ah_2024_group_admission
2024,AH,ordinary_undergraduate,physics,1088,002,,466,173715,,,,,,src_collected_ah_2024_group_admission
2024,AH,ordinary_undergraduate,physics,1089,001,,535,80808,,,,,,src_collected_ah_2024_group_admission
2024,AH,ordinary_undergraduate,physics,1089,002,,526,91096,,,,,,src_collected_ah_2024_group_admission
2024,AH,ordinary_undergraduate,physics,1090,001,,469,170622,,,,,,src_collected_ah_2024_group_admission
2024,AH,ordinary_undergraduate,physics,1092,002,,497,129639,,,,,,src_collected_ah_2024_group_admission
2024,AH,ordinary_undergraduate,physics,1093,003,,517,102849,,,,,,src_collected_ah_2024_group_admission
2024,AH,ordinary_undergraduate,physics,1093,006,,532,84574,,,,,,src_collected_ah_2024_group_admission
2024,AH,ordinary_undergraduate,physics,1093,007,,518,101297,,,,,,src_collected_ah_2024_group_admission
2024,AH,ordinary_undergraduate,physics,1094,002,,466,174023,,,,,,src_collected_ah_2024_group_admission
2024,AH,ordinary_undergraduate,physics,1095,001,,465,175994,,,,,,src_collected_ah_2024_group_admission
2024,AH,ordinary_undergraduate,physics,1095,002,,465,176089,,,,,,src_collected_ah_2024_group_admission
2024,AH,ordinary_undergraduate,physics,1097,001,,472,165527,,,,,,src_collected_ah_2024_group_admission
2024,AH,ordinary_undergraduate,physics,1097,002,,474,163192,,,,,,src_collected_ah_2024_group_admission
2024,AH,ordinary_undergraduate,physics,1098,003,,558,56582,,,,,,src_collected_ah_2024_group_admission
2024,AH,ordinary_undergraduate,physics,1098,004,,588,33215,,,,,,src_collected_ah_2024_group_admission
2024,AH,ordinary_undergraduate,physics,1099,001,,488,143162,,,,,,src_collected_ah_2024_group_admission
2024,AH,ordinary_undergraduate,physics,1100,001,,469,169563,,,,,,src_collected_ah_2024_group_admission
2024,AH,ordinary_undergraduate,physics,1101,001,,528,88287,,,,,,src_collected_ah_2024_group_admission
2024,AH,ordinary_undergraduate,physics,1101,004,,520,99193,,,,,,src_collected_ah_2024_group_admission
2024,AH,ordinary_undergraduate,physics,1105,001,,508,114942,,,,,,src_collected_ah_2024_group_admission
2024,AH,ordinary_undergraduate,physics,1106,001,,544,70482,,,,,,src_collected_ah_2024_group_admission
2024,AH,ordinary_undergraduate,physics,1106,002,,554,60079,,,,,,src_collected_ah_2024_group_admission
2024,AH,ordinary_undergraduate,physics,1107,001,,490,139636,,,,,,src_collected_ah_2024_group_admission
2024,AH,ordinary_undergraduate,physics,1109,001,,502,123923,,,,,,src_collected_ah_2024_group_admission
2024,AH,ordinary_undergraduate,physics,1109,002,,501,124411,,,,,,src_collected_ah_2024_group_admission
2024,AH,ordinary_undergraduate,physics,1114,001,,564,51243,,,,,,src_collected_ah_2024_group_admission
2024,AH,ordinary_undergraduate,physics,1114,002,,589,32151,,,,,,src_collected_ah_2024_group_admission
2024,AH,ordinary_undergraduate,physics,1115,001,,491,139056,,,,,,src_collected_ah_2024_group_admission
2024,AH,ordinary_undergraduate,physics,1119,001,,511,110345,,,,,,src_collected_ah_2024_group_admission
2024,AH,ordinary_undergraduate,physics,1121,001,,513,107774,,,,,,src_collected_ah_2024_group_admission
2024,AH,ordinary_undergraduate,physics,1121,003,,519,100672,,,,,,src_collected_ah_2024_group_admission
2024,AH,ordinary_undergraduate,physics,1121,004,,522,96255,,,,,,src_collected_ah_2024_group_admission
2024,AH,ordinary_undergraduate,physics,1122,001,,535,80192,,,,,,src_collected_ah_2024_group_admission
2024,AH,ordinary_undergraduate,physics,1124,001,,497,130099,,,,,,src_collected_ah_2024_group_admission
2024,AH,ordinary_undergraduate,physics,1124,002,,492,137927,,,,,,src_collected_ah_2024_group_admission
2024,AH,ordinary_undergraduate,physics,1125,001,,526,91275,,,,,,src_collected_ah_2024_group_admission
2024,AH,ordinary_undergraduate,physics,1125,002,,533,82661,,,,,,src_collected_ah_2024_group_admission
2024,AH,ordinary_undergraduate,physics,1125,003,,510,111949,,,,,,src_collected_ah_2024_group_admission
2024,AH,ordinary_undergraduate,physics,1126,001,,532,83898,,,,,,src_collected_ah_2024_group_admission
2024,AH,ordinary_undergraduate,physics,1127,001,,577,40749,,,,,,src_collected_ah_2024_group_admission
2024,AH,ordinary_undergraduate,physics,1127,002,,585,34855,,,,,,src_collected_ah_2024_group_admission
2024,AH,ordinary_undergraduate,physics,1127,003,,572,44590,,,,,,src_collected_ah_2024_group_admission
2024,AH,ordinary_undergraduate,physics,1128,001,,486,145977,,,,,,src_collected_ah_2024_group_admission
2024,AH,ordinary_undergraduate,physics,1131,001,,525,91966,,,,,,src_collected_ah_2024_group_admission
2024,AH,ordinary_undergraduate,physics,1136,001,,541,74291,,,,,,src_collected_ah_2024_group_admission
2024,AH,ordinary_undergraduate,physics,1136,003,,548,65952,,,,,,src_collected_ah_2024_group_admission
2024,AH,ordinary_undergraduate,physics,1136,004,,549,65260,,,,,,src_collected_ah_2024_group_admission
2024,AH,ordinary_undergraduate,physics,1136,006,,565,50667,,,,,,src_collected_ah_2024_group_admission
2024,AH,ordinary_undergraduate,physics,1136,007,,530,86967,,,,,,src_collected_ah_2024_group_admission
2024,AH,ordinary_undergraduate,physics,1137,001,,476,159892,,,,,,src_collected_ah_2024_group_admission
2024,AH,ordinary_undergraduate,physics,1137,002,,484,148857,,,,,,src_collected_ah_2024_group_admission
2024,AH,ordinary_undergraduate,physics,1139,001,,534,81329,,,,,,src_collected_ah_2024_group_admission
2024,AH,ordinary_undergraduate,physics,1139,002,,525,92044,,,,,,src_collected_ah_2024_group_admission
2024,AH,ordinary_undergraduate,physics,1141,001,,485,147803,,,,,,src_collected_ah_2024_group_admission
2024,AH,ordinary_undergraduate,physics,1141,004,,479,156082,,,,,,src_collected_ah_2024_group_admission
2024,AH,ordinary_undergraduate,physics,1142,001,,582,37127,,,,,,src_collected_ah_2024_group_admission
2024,AH,ordinary_undergraduate,physics,1142,002,,581,37438,,,,,,src_collected_ah_2024_group_admission
2024,AH,ordinary_undergraduate,physics,1142,005,,586,34389,,,,,,src_collected_ah_2024_group_admission
2024,AH,ordinary_undergraduate,physics,1142,006,,594,28829,,,,,,src_collected_ah_2024_group_admission
2024,AH,ordinary_undergraduate,physics,1142,008,,572,44255,,,,,,src_collected_ah_2024_group_admission
2024,AH,ordinary_undergraduate,physics,1143,002,,487,144333,,,,,,src_collected_ah_2024_group_admission
2024,AH,ordinary_undergraduate,physics,1145,001,,529,87874,,,,,,src_collected_ah_2024_group_admission
2024,AH,ordinary_undergraduate,physics,1145,002,,513,108610,,,,,,src_collected_ah_2024_group_admission
2024,AH,ordinary_undergraduate,physics,1146,001,,512,109304,,,,,,src_collected_ah_2024_group_admission
2024,AH,ordinary_undergraduate,physics,1147,001,,481,153906,,,,,,src_collected_ah_2024_group_admission
2024,AH,ordinary_undergraduate,physics,1149,001,,580,38256,,,,,,src_collected_ah_2024_group_admission
2024,AH,ordinary_undergraduate,physics,1149,002,,586,34629,,,,,,src_collected_ah_2024_group_admission
2024,AH,ordinary_undergraduate,physics,1149,003,,591,31119,,,,,,src_collected_ah_2024_group_admission
2024,AH,ordinary_undergraduate,physics,1150,001,,517,102528,,,,,,src_collected_ah_2024_group_admission
2024,AH,ordinary_undergraduate,physics,1150,002,,520,99340,,,,,,src_collected_ah_2024_group_admission
2024,AH,ordinary_undergraduate,physics,1150,003,,513,108542,,,,,,src_collected_ah_2024_group_admission
2024,AH,ordinary_undergraduate,physics,1152,001,,473,165152,,,,,,src_collected_ah_2024_group_admission
2024,AH,ordinary_undergraduate,physics,1153,001,,593,30006,,,,,,src_collected_ah_2024_group_admission
2024,AH,ordinary_undergraduate,physics,1153,002,,576,41504,,,,,,src_collected_ah_2024_group_admission
2024,AH,ordinary_undergraduate,physics,1153,003,,573,43730,,,,,,src_collected_ah_2024_group_admission
2024,AH,ordinary_undergraduate,physics,1153,004,,560,54673,,,,,,src_collected_ah_2024_group_admission
2024,AH,ordinary_undergraduate,physics,1155,001,,566,49369,,,,,,src_collected_ah_2024_group_admission
2024,AH,ordinary_undergraduate,physics,1155,002,,541,73368,,,,,,src_collected_ah_2024_group_admission
2024,AH,ordinary_undergraduate,physics,1155,003,,527,89610,,,,,,src_collected_ah_2024_group_admission
2024,AH,ordinary_undergraduate,physics,1156,001,,486,145424,,,,,,src_collected_ah_2024_group_admission
2024,AH,ordinary_undergraduate,physics,1157,001,,518,101691,,,,,,src_collected_ah_2024_group_admission
2024,AH,ordinary_undergraduate,physics,1157,002,,508,115529,,,,,,src_collected_ah_2024_group_admission
2024,AH,ordinary_undergraduate,physics,1163,004,,645,6188,,,,,,src_collected_ah_2024_group_admission
2024,AH,ordinary_undergraduate,physics,1163,005,,644,6408,,,,,,src_collected_ah_2024_group_admission
2024,AH,ordinary_undergraduate,physics,1165,001,,514,106153,,,,,,src_collected_ah_2024_group_admission
2024,AH,ordinary_undergraduate,physics,1165,002,,516,104425,,,,,,src_collected_ah_2024_group_admission
2024,AH,ordinary_undergraduate,physics,1169,001,,482,151467,,,,,,src_collected_ah_2024_group_admission
2024,AH,ordinary_undergraduate,physics,1170,001,,498,129195,,,,,,src_collected_ah_2024_group_admission
2024,AH,ordinary_undergraduate,physics,1170,002,,496,131916,,,,,,src_collected_ah_2024_group_admission
2024,AH,ordinary_undergraduate,physics,1172,001,,535,80817,,,,,,src_collected_ah_2024_group_admission
2024,AH,ordinary_undergraduate,physics,1172,002,,539,75740,,,,,,src_collected_ah_2024_group_admission
2024,AH,ordinary_undergraduate,physics,1182,002,,574,42607,,,,,,src_collected_ah_2024_group_admission
2024,AH,ordinary_undergraduate,physics,1182,003,,580,38416,,,,,,src_collected_ah_2024_group_admission
2024,AH,ordinary_undergraduate,physics,1183,001,,527,89818,,,,,,src_collected_ah_2024_group_admission
2024,AH,ordinary_undergraduate,physics,1183,003,,529,87065,,,,,,src_collected_ah_2024_group_admission
2024,AH,ordinary_undergraduate,physics,1185,001,,544,71049,,,,,,src_collected_ah_2024_group_admission
2024,AH,ordinary_undergraduate,physics,1185,002,,571,45215,,,,,,src_collected_ah_2024_group_admission
2024,AH,ordinary_undergraduate,physics,1185,003,,539,76163,,,,,,src_collected_ah_2024_group_admission
2024,AH,ordinary_undergraduate,physics,1189,001,,486,146074,,,,,,src_collected_ah_2024_group_admission
2024,AH,ordinary_undergraduate,physics,1190,002,,520,99186,,,,,,src_collected_ah_2024_group_admission
2024,AH,ordinary_undergraduate,physics,1190,003,,518,101490,,,,,,src_collected_ah_2024_group_admission
2024,AH,ordinary_undergraduate,physics,1194,001,,567,48951,,,,,,src_collected_ah_2024_group_admission
2024,AH,ordinary_undergraduate,physics,1194,002,,572,44828,,,,,,src_collected_ah_2024_group_admission
2024,AH,ordinary_undergraduate,physics,1198,001,,513,108185,,,,,,src_collected_ah_2024_group_admission
2024,AH,ordinary_undergraduate,physics,1198,002,,513,107464,,,,,,src_collected_ah_2024_group_admission
2024,AH,ordinary_undergraduate,physics,1201,001,,618,15993,,,,,,src_collected_ah_2024_group_admission
2024,AH,ordinary_undergraduate,physics,1201,002,,578,40072,,,,,,src_collected_ah_2024_group_admission
2024,AH,ordinary_undergraduate,physics,1201,004,,574,42653,,,,,,src_collected_ah_2024_group_admission
2024,AH,ordinary_undergraduate,physics,1203,001,,489,141493,,,,,,src_collected_ah_2024_group_admission
2024,AH,ordinary_undergraduate,physics,1205,001,,597,27218,,,,,,src_collected_ah_2024_group_admission
2024,AH,ordinary_undergraduate,physics,1205,002,,600,25727,,,,,,src_collected_ah_2024_group_admission
2024,AH,ordinary_undergraduate,physics,1205,003,,604,23138,,,,,,src_collected_ah_2024_group_admission
2024,AH,ordinary_undergraduate,physics,1208,001,,539,76493,,,,,,src_collected_ah_2024_group_admission
2024,AH,ordinary_undergraduate,physics,1208,002,,515,105205,,,,,,src_collected_ah_2024_group_admission
2024,AH,ordinary_undergraduate,physics,1209,002,,489,141729,,,,,,src_collected_ah_2024_group_admission
2024,AH,ordinary_undergraduate,physics,1211,001,,511,111287,,,,,,src_collected_ah_2024_group_admission
2024,AH,ordinary_undergraduate,physics,1211,002,,566,49117,,,,,,src_collected_ah_2024_group_admission
2024,AH,ordinary_undergraduate,physics,1211,003,,530,86806,,,,,,src_collected_ah_2024_group_admission
2024,AH,ordinary_undergraduate,physics,1213,001,,562,53197,,,,,,src_collected_ah_2024_group_admission
2024,AH,ordinary_undergraduate,physics,1214,001,,477,159182,,,,,,src_collected_ah_2024_group_admission
2024,AH,ordinary_undergraduate,physics,1215,002,,525,92281,,,,,,src_collected_ah_2024_group_admission
2024,AH,ordinary_undergraduate,physics,1215,003,,531,85570,,,,,,src_collected_ah_2024_group_admission
2024,AH,ordinary_undergraduate,physics,1216,001,,466,173846,,,,,,src_collected_ah_2024_group_admission
2024,AH,ordinary_undergraduate,physics,1216,002,,468,170991,,,,,,src_collected_ah_2024_group_admission
2024,AH,ordinary_undergraduate,physics,1216,003,,469,170023,,,,,,src_collected_ah_2024_group_admission
2024,AH,ordinary_undergraduate,physics,1218,001,,523,95648,,,,,,src_collected_ah_2024_group_admission
2024,AH,ordinary_undergraduate,physics,1218,002,,531,85102,,,,,,src_collected_ah_2024_group_admission
2024,AH,ordinary_undergraduate,physics,1218,003,,545,69459,,,,,,src_collected_ah_2024_group_admission
2024,AH,ordinary_undergraduate,physics,1218,004,,527,90146,,,,,,src_collected_ah_2024_group_admission
2024,AH,ordinary_undergraduate,physics,1218,005,,524,94269,,,,,,src_collected_ah_2024_group_admission
2024,AH,ordinary_undergraduate,physics,1218,006,,529,88012,,,,,,src_collected_ah_2024_group_admission
2024,AH,ordinary_undergraduate,physics,1219,001,,472,166087,,,,,,src_collected_ah_2024_group_admission
2024,AH,ordinary_undergraduate,physics,1219,002,,503,121908,,,,,,src_collected_ah_2024_group_admission
2024,AH,ordinary_undergraduate,physics,1220,006,,592,30571,,,,,,src_collected_ah_2024_group_admission
2024,AH,ordinary_undergraduate,physics,1220,008,,607,21526,,,,,,src_collected_ah_2024_group_admission
2024,AH,ordinary_undergraduate,physics,1221,001,,506,117541,,,,,,src_collected_ah_2024_group_admission
2024,AH,ordinary_undergraduate,physics,1221,002,,511,111311,,,,,,src_collected_ah_2024_group_admission
2024,AH,ordinary_undergraduate,physics,1221,003,,517,103490,,,,,,src_collected_ah_2024_group_admission
2024,AH,ordinary_undergraduate,physics,1221,004,,510,112471,,,,,,src_collected_ah_2024_group_admission
2024,AH,ordinary_undergraduate,physics,1223,002,,562,53103,,,,,,src_collected_ah_2024_group_admission
2024,AH,ordinary_undergraduate,physics,1223,003,,560,54956,,,,,,src_collected_ah_2024_group_admission
2024,AH,ordinary_undergraduate,physics,1224,001,,474,163590,,,,,,src_collected_ah_2024_group_admission
2024,AH,ordinary_undergraduate,physics,1225,004,,655,3837,,,,,,src_collected_ah_2024_group_admission
2024,AH,ordinary_undergraduate,physics,1226,001,,626,12758,,,,,,src_collected_ah_2024_group_admission
2024,AH,ordinary_undergraduate,physics,1226,002,,630,11178,,,,,,src_collected_ah_2024_group_admission
2024,AH,ordinary_undergraduate,physics,1227,001,,474,162885,,,,,,src_collected_ah_2024_group_admission
2024,AH,ordinary_undergraduate,physics,1227,002,,470,169160,,,,,,src_collected_ah_2024_group_admission
2024,AH,ordinary_undergraduate,physics,1228,003,,509,113553,,,,,,src_collected_ah_2024_group_admission
2024,AH,ordinary_undergraduate,physics,1228,004,,527,89722,,,,,,src_collected_ah_2024_group_admission
2024,AH,ordinary_undergraduate,physics,1230,001,,527,89893,,,,,,src_collected_ah_2024_group_admission
2024,AH,ordinary_undergraduate,physics,1230,002,,550,64741,,,,,,src_collected_ah_2024_group_admission
2024,AH,ordinary_undergraduate,physics,1230,004,,566,49808,,,,,,src_collected_ah_2024_group_admission
2024,AH,ordinary_undergraduate,physics,1231,003,,529,87992,,,,,,src_collected_ah_2024_group_admission
2024,AH,ordinary_undergraduate,physics,1231,004,,631,10694,,,,,,src_collected_ah_2024_group_admission
2024,AH,ordinary_undergraduate,physics,1231,005,,588,32831,,,,,,src_collected_ah_2024_group_admission
2024,AH,ordinary_undergraduate,physics,1231,006,,538,77233,,,,,,src_collected_ah_2024_group_admission
2024,AH,ordinary_undergraduate,physics,1231,007,,589,32595,,,,,,src_collected_ah_2024_group_admission
2024,AH,ordinary_undergraduate,physics,1232,002,,535,80388,,,,,,src_collected_ah_2024_group_admission
2024,AH,ordinary_undergraduate,physics,1232,003,,478,157617,,,,,,src_collected_ah_2024_group_admission
2024,AH,ordinary_undergraduate,physics,1236,001,,489,141684,,,,,,src_collected_ah_2024_group_admission
2024,AH,ordinary_undergraduate,physics,1236,002,,487,144391,,,,,,src_collected_ah_2024_group_admission
2024,AH,ordinary_undergraduate,physics,1245,001,,497,129971,,,,,,src_collected_ah_2024_group_admission
2024,AH,ordinary_undergraduate,physics,1245,002,,505,119648,,,,,,src_collected_ah_2024_group_admission
2024,AH,ordinary_undergraduate,physics,1246,001,,477,158853,,,,,,src_collected_ah_2024_group_admission
2024,AH,ordinary_undergraduate,physics,1246,002,,479,155395,,,,,,src_collected_ah_2024_group_admission
2024,AH,ordinary_undergraduate,physics,1247,003,,660,2917,,,,,,src_collected_ah_2024_group_admission
2024,AH,ordinary_undergraduate,physics,1249,001,,509,113580,,,,,,src_collected_ah_2024_group_admission
2024,AH,ordinary_undergraduate,physics,1250,001,,489,142192,,,,,,src_collected_ah_2024_group_admission
2024,AH,ordinary_undergraduate,physics,1250,002,,484,148835,,,,,,src_collected_ah_2024_group_admission
2024,AH,ordinary_undergraduate,physics,1250,003,,476,160754,,,,,,src_collected_ah_2024_group_admission
2024,AH,ordinary_undergraduate,physics,1250,004,,490,139991,,,,,,src_collected_ah_2024_group_admission
2024,AH,ordinary_undergraduate,physics,1251,002,,588,33163,,,,,,src_collected_ah_2024_group_admission
2024,AH,ordinary_undergraduate,physics,1251,004,,591,31040,,,,,,src_collected_ah_2024_group_admission
2024,AH,ordinary_undergraduate,physics,1252,004,,631,10903,,,,,,src_collected_ah_2024_group_admission
2024,AH,ordinary_undergraduate,physics,1252,005,,643,6585,,,,,,src_collected_ah_2024_group_admission
2024,AH,ordinary_undergraduate,physics,1253,001,,617,16682,,,,,,src_collected_ah_2024_group_admission
2024,AH,ordinary_undergraduate,physics,1253,002,,632,10197,,,,,,src_collected_ah_2024_group_admission
2024,AH,ordinary_undergraduate,physics,1254,002,,541,73815,,,,,,src_collected_ah_2024_group_admission
2024,AH,ordinary_undergraduate,physics,1254,003,,604,23062,,,,,,src_collected_ah_2024_group_admission
2024,AH,ordinary_undergraduate,physics,1254,004,,573,43381,,,,,,src_collected_ah_2024_group_admission
2024,AH,ordinary_undergraduate,physics,1254,005,,551,63314,,,,,,src_collected_ah_2024_group_admission
2024,AH,ordinary_undergraduate,physics,1255,003,,581,38106,,,,,,src_collected_ah_2024_group_admission
2024,AH,ordinary_undergraduate,physics,1255,004,,597,27354,,,,,,src_collected_ah_2024_group_admission
2024,AH,ordinary_undergraduate,physics,1256,003,,585,35278,,,,,,src_collected_ah_2024_group_admission
2024,AH,ordinary_undergraduate,physics,1256,005,,554,60644,,,,,,src_collected_ah_2024_group_admission
2024,AH,ordinary_undergraduate,physics,1256,006,,593,29527,,,,,,src_collected_ah_2024_group_admission
2024,AH,ordinary_undergraduate,physics,1256,007,,556,58340,,,,,,src_collected_ah_2024_group_admission
2024,AH,ordinary_undergraduate,physics,1257,007,,597,27133,,,,,,src_collected_ah_2024_group_admission
2024,AH,ordinary_undergraduate,physics,1257,009,,633,10117,,,,,,src_collected_ah_2024_group_admission
2024,AH,ordinary_undergraduate,physics,1257,010,,606,22346,,,,,,src_collected_ah_2024_group_admission
2024,AH,ordinary_undergraduate,physics,1258,001,,527,89808,,,,,,src_collected_ah_2024_group_admission
2024,AH,ordinary_undergraduate,physics,1259,001,,545,68940,,,,,,src_collected_ah_2024_group_admission
2024,AH,ordinary_undergraduate,physics,1261,003,,613,18525,,,,,,src_collected_ah_2024_group_admission
2024,AH,ordinary_undergraduate,physics,1261,004,,618,16051,,,,,,src_collected_ah_2024_group_admission
2024,AH,ordinary_undergraduate,physics,1261,005,,628,12009,,,,,,src_collected_ah_2024_group_admission
2024,AH,ordinary_undergraduate,physics,1262,002,,555,59412,,,,,,src_collected_ah_2024_group_admission
2024,AH,ordinary_undergraduate,physics,1262,003,,479,156322,,,,,,src_collected_ah_2024_group_admission
2024,AH,ordinary_undergraduate,physics,1263,005,,668,1608,,,,,,src_collected_ah_2024_group_admission
2024,AH,ordinary_undergraduate,physics,1264,001,,651,4656,,,,,,src_collected_ah_2024_group_admission
2024,AH,ordinary_undergraduate,physics,1265,001,,512,109096,,,,,,src_collected_ah_2024_group_admission
2024,AH,ordinary_undergraduate,physics,1265,002,,503,122213,,,,,,src_collected_ah_2024_group_admission
2024,AH,ordinary_undergraduate,physics,1268,004,,635,9452,,,,,,src_collected_ah_2024_group_admission
2024,AH,ordinary_undergraduate,physics,1271,003,,511,110404,,,,,,src_collected_ah_2024_group_admission
2024,AH,ordinary_undergraduate,physics,1271,004,,506,116962,,,,,,src_collected_ah_2024_group_admission
2024,AH,ordinary_undergraduate,physics,1271,005,,507,116097,,,,,,src_collected_ah_2024_group_admission
2024,AH,ordinary_undergraduate,physics,1272,001,,511,111065,,,,,,src_collected_ah_2024_group_admission
2024,AH,ordinary_undergraduate,physics,1272,002,,508,114616,,,,,,src_collected_ah_2024_group_admission
2024,AH,ordinary_undergraduate,physics,1272,003,,509,113818,,,,,,src_collected_ah_2024_group_admission
2024,AH,ordinary_undergraduate,physics,1276,001,,490,140044,,,,,,src_collected_ah_2024_group_admission
2024,AH,ordinary_undergraduate,physics,1276,002,,505,119280,,,,,,src_collected_ah_2024_group_admission
2024,AH,ordinary_undergraduate,physics,1277,001,,512,109906,,,,,,src_collected_ah_2024_group_admission
2024,AH,ordinary_undergraduate,physics,1277,002,,506,117260,,,,,,src_collected_ah_2024_group_admission
2024,AH,ordinary_undergraduate,physics,1278,001,,511,110912,,,,,,src_collected_ah_2024_group_admission
2024,AH,ordinary_undergraduate,physics,1278,002,,516,103584,,,,,,src_collected_ah_2024_group_admission
2024,AH,ordinary_undergraduate,physics,1279,001,,518,100838,,,,,,src_collected_ah_2024_group_admission
2024,AH,ordinary_undergraduate,physics,1279,002,,528,89384,,,,,,src_collected_ah_2024_group_admission
2024,AH,ordinary_undergraduate,physics,1281,002,,531,85674,,,,,,src_collected_ah_2024_group_admission
2024,AH,ordinary_undergraduate,physics,1281,003,,526,91499,,,,,,src_collected_ah_2024_group_admission
2024,AH,ordinary_undergraduate,physics,1281,005,,549,65648,,,,,,src_collected_ah_2024_group_admission
2024,AH,ordinary_undergraduate,physics,1282,001,,473,165115,,,,,,src_collected_ah_2024_group_admission
2024,AH,ordinary_undergraduate,physics,1282,003,,479,156550,,,,,,src_collected_ah_2024_group_admission
2024,AH,ordinary_undergraduate,physics,1284,001,,504,120339,,,,,,src_collected_ah_2024_group_admission
2024,AH,ordinary_undergraduate,physics,1284,002,,513,108321,,,,,,src_collected_ah_2024_group_admission
2024,AH,ordinary_undergraduate,physics,1286,002,,578,39776,,,,,,src_collected_ah_2024_group_admission
2024,AH,ordinary_undergraduate,physics,1287,001,,481,153566,,,,,,src_collected_ah_2024_group_admission
2024,AH,ordinary_undergraduate,physics,1287,002,,483,149885,,,,,,src_collected_ah_2024_group_admission
2024,AH,ordinary_undergraduate,physics,1287,003,,476,160328,,,,,,src_collected_ah_2024_group_admission
2024,AH,ordinary_undergraduate,physics,1287,004,,478,157717,,,,,,src_collected_ah_2024_group_admission
2024,AH,ordinary_undergraduate,physics,1287,005,,483,149628,,,,,,src_collected_ah_2024_group_admission
2024,AH,ordinary_undergraduate,physics,1291,001,,543,71951,,,,,,src_collected_ah_2024_group_admission
2024,AH,ordinary_undergraduate,physics,1291,002,,540,74505,,,,,,src_collected_ah_2024_group_admission
2024,AH,ordinary_undergraduate,physics,1291,003,,576,41141,,,,,,src_collected_ah_2024_group_admission
2024,AH,ordinary_undergraduate,physics,1293,002,,545,69596,,,,,,src_collected_ah_2024_group_admission
2024,AH,ordinary_undergraduate,physics,1293,003,,541,73978,,,,,,src_collected_ah_2024_group_admission
2024,AH,ordinary_undergraduate,physics,1294,002,,600,25370,,,,,,src_collected_ah_2024_group_admission
2024,AH,ordinary_undergraduate,physics,1294,003,,591,30910,,,,,,src_collected_ah_2024_group_admission
2024,AH,ordinary_undergraduate,physics,1294,004,,620,15255,,,,,,src_collected_ah_2024_group_admission
2024,AH,ordinary_undergraduate,physics,1294,006,,595,28385,,,,,,src_collected_ah_2024_group_admission
2024,AH,ordinary_undergraduate,physics,1295,001,,475,161997,,,,,,src_collected_ah_2024_group_admission
2024,AH,ordinary_undergraduate,physics,1295,002,,476,159647,,,,,,src_collected_ah_2024_group_admission
2024,AH,ordinary_undergraduate,physics,1296,001,,465,175512,,,,,,src_collected_ah_2024_group_admission
2024,AH,ordinary_undergraduate,physics,1298,001,,466,173678,,,,,,src_collected_ah_2024_group_admission
2024,AH,ordinary_undergraduate,physics,1298,002,,465,175987,,,,,,src_collected_ah_2024_group_admission
2024,AH,ordinary_undergraduate,physics,1306,003,,693,114,,,,,,src_collected_ah_2024_group_admission
2024,AH,ordinary_undergraduate,physics,1306,004,,681,537,,,,,,src_collected_ah_2024_group_admission
2024,AH,ordinary_undergraduate,physics,1307,003,,686,318,,,,,,src_collected_ah_2024_group_admission
2024,AH,ordinary_undergraduate,physics,1307,004,,668,1690,,,,,,src_collected_ah_2024_group_admission
2024,AH,ordinary_undergraduate,physics,1310,001,,495,133417,,,,,,src_collected_ah_2024_group_admission
2024,AH,ordinary_undergraduate,physics,1311,001,,501,124904,,,,,,src_collected_ah_2024_group_admission
2024,AH,ordinary_undergraduate,physics,1313,001,,541,73836,,,,,,src_collected_ah_2024_group_admission
2024,AH,ordinary_undergraduate,physics,1313,002,,511,111068,,,,,,src_collected_ah_2024_group_admission
2024,AH,ordinary_undergraduate,physics,1314,001,,545,69439,,,,,,src_collected_ah_2024_group_admission
2024,AH,ordinary_undergraduate,physics,1314,002,,531,85289,,,,,,src_collected_ah_2024_group_admission
2024,AH,ordinary_undergraduate,physics,1315,001,,541,73374,,,,,,src_collected_ah_2024_group_admission
2024,AH,ordinary_undergraduate,physics,1315,002,,519,100172,,,,,,src_collected_ah_2024_group_admission
2024,AH,ordinary_undergraduate,physics,1315,003,,507,116877,,,,,,src_collected_ah_2024_group_admission
2024,AH,ordinary_undergraduate,physics,1315,004,,503,121397,,,,,,src_collected_ah_2024_group_admission
2024,AH,ordinary_undergraduate,physics,1316,001,,503,122531,,,,,,src_collected_ah_2024_group_admission
2024,AH,ordinary_undergraduate,physics,1317,001,,506,117558,,,,,,src_collected_ah_2024_group_admission
2024,AH,ordinary_undergraduate,physics,1317,002,,503,122399,,,,,,src_collected_ah_2024_group_admission
2024,AH,ordinary_undergraduate,physics,1318,001,,512,109894,,,,,,src_collected_ah_2024_group_admission
2024,AH,ordinary_undergraduate,physics,1318,002,,522,96904,,,,,,src_collected_ah_2024_group_admission
2024,AH,ordinary_undergraduate,physics,1318,004,,507,116464,,,,,,src_collected_ah_2024_group_admission
2024,AH,ordinary_undergraduate,physics,1318,005,,520,99418,,,,,,src_collected_ah_2024_group_admission
2024,AH,ordinary_undergraduate,physics,1319,001,,488,143693,,,,,,src_collected_ah_2024_group_admission
2024,AH,ordinary_undergraduate,physics,1319,002,,488,143448,,,,,,src_collected_ah_2024_group_admission
2024,AH,ordinary_undergraduate,physics,1321,001,,506,118036,,,,,,src_collected_ah_2024_group_admission
2024,AH,ordinary_undergraduate,physics,1321,003,,513,108508,,,,,,src_collected_ah_2024_group_admission
2024,AH,ordinary_undergraduate,physics,1326,001,,471,166891,,,,,,src_collected_ah_2024_group_admission
2024,AH,ordinary_undergraduate,physics,1326,002,,466,174522,,,,,,src_collected_ah_2024_group_admission
2024,AH,ordinary_undergraduate,physics,1328,001,,566,49685,,,,,,src_collected_ah_2024_group_admission
2024,AH,ordinary_undergraduate,physics,1331,002,,518,101835,,,,,,src_collected_ah_2024_group_admission
2024,AH,ordinary_undergraduate,physics,1332,001,,465,176041,,,,,,src_collected_ah_2024_group_admission
2024,AH,ordinary_undergraduate,physics,1335,001,,467,173364,,,,,,src_collected_ah_2024_group_admission
2024,AH,ordinary_undergraduate,physics,1336,004,,576,41197,,,,,,src_collected_ah_2024_group_admission
2024,AH,ordinary_undergraduate,physics,1336,005,,577,40539,,,,,,src_collected_ah_2024_group_admission
2024,AH,ordinary_undergraduate,physics,1336,006,,580,38331,,,,,,src_collected_ah_2024_group_admission
2024,AH,ordinary_undergraduate,physics,1336,007,,590,31615,,,,,,src_collected_ah_2024_group_admission
2024,AH,ordinary_undergraduate,physics,1337,003,,525,92838,,,,,,src_collected_ah_2024_group_admission
2024,AH,ordinary_undergraduate,physics,1337,004,,529,87657,,,,,,src_collected_ah_2024_group_admission
2024,AH,ordinary_undergraduate,physics,1337,005,,517,103002,,,,,,src_collected_ah_2024_group_admission
2024,AH,ordinary_undergraduate,physics,1337,006,,542,72576,,,,,,src_collected_ah_2024_group_admission
2024,AH,ordinary_undergraduate,physics,1337,007,,538,77009,,,,,,src_collected_ah_2024_group_admission
2024,AH,ordinary_undergraduate,physics,1337,008,,523,95310,,,,,,src_collected_ah_2024_group_admission
2024,AH,ordinary_undergraduate,physics,1343,001,,538,76745,,,,,,src_collected_ah_2024_group_admission
2024,AH,ordinary_undergraduate,physics,1343,002,,541,74258,,,,,,src_collected_ah_2024_group_admission
2024,AH,ordinary_undergraduate,physics,1345,001,,477,159586,,,,,,src_collected_ah_2024_group_admission
2024,AH,ordinary_undergraduate,physics,1352,001,,473,164657,,,,,,src_collected_ah_2024_group_admission
2024,AH,ordinary_undergraduate,physics,1354,001,,508,115211,,,,,,src_collected_ah_2024_group_admission
2024,AH,ordinary_undergraduate,physics,1354,002,,509,114103,,,,,,src_collected_ah_2024_group_admission
2024,AH,ordinary_undergraduate,physics,1359,001,,568,47959,,,,,,src_collected_ah_2024_group_admission
2024,AH,ordinary_undergraduate,physics,1360,002,,534,82243,,,,,,src_collected_ah_2024_group_admission
2024,AH,ordinary_undergraduate,physics,1366,001,,519,100095,,,,,,src_collected_ah_2024_group_admission
2024,AH,ordinary_undergraduate,physics,1366,002,,526,91771,,,,,,src_collected_ah_2024_group_admission
2024,AH,ordinary_undergraduate,physics,1366,003,,523,94721,,,,,,src_collected_ah_2024_group_admission
2024,AH,ordinary_undergraduate,physics,1366,004,,542,73005,,,,,,src_collected_ah_2024_group_admission
2024,AH,ordinary_undergraduate,physics,1366,051,,518,102060,,,,,,src_collected_ah_2024_group_admission
2024,AH,ordinary_undergraduate,physics,1367,001,,584,35445,,,,,,src_collected_ah_2024_group_admission
2024,AH,ordinary_undergraduate,physics,1367,002,,562,53215,,,,,,src_collected_ah_2024_group_admission
2024,AH,ordinary_undergraduate,physics,1372,001,,494,134154,,,,,,src_collected_ah_2024_group_admission
2024,AH,ordinary_undergraduate,physics,1372,003,,510,111497,,,,,,src_collected_ah_2024_group_admission
2024,AH,ordinary_undergraduate,physics,1373,001,,465,175920,,,,,,src_collected_ah_2024_group_admission
2024,AH,ordinary_undergraduate,physics,1374,002,,584,35966,,,,,,src_collected_ah_2024_group_admission
2024,AH,ordinary_undergraduate,physics,1374,003,,598,26539,,,,,,src_collected_ah_2024_group_admission
2024,AH,ordinary_undergraduate,physics,1382,001,,510,112660,,,,,,src_collected_ah_2024_group_admission
2024,AH,ordinary_undergraduate,physics,1382,002,,522,96315,,,,,,src_collected_ah_2024_group_admission
2024,AH,ordinary_undergraduate,physics,1382,003,,519,100476,,,,,,src_collected_ah_2024_group_admission
2024,AH,ordinary_undergraduate,physics,1382,005,,532,84360,,,,,,src_collected_ah_2024_group_admission
2024,AH,ordinary_undergraduate,physics,1382,007,,502,122587,,,,,,src_collected_ah_2024_group_admission
2024,AH,ordinary_undergraduate,physics,1382,008,,548,66660,,,,,,src_collected_ah_2024_group_admission
2024,AH,ordinary_undergraduate,physics,1382,051,,507,116187,,,,,,src_collected_ah_2024_group_admission
2024,AH,ordinary_undergraduate,physics,1383,001,,502,123731,,,,,,src_collected_ah_2024_group_admission
2024,AH,ordinary_undergraduate,physics,1385,001,,504,119897,,,,,,src_collected_ah_2024_group_admission
2024,AH,ordinary_undergraduate,physics,1385,002,,515,105757,,,,,,src_collected_ah_2024_group_admission
2024,AH,ordinary_undergraduate,physics,1385,003,,513,107491,,,,,,src_collected_ah_2024_group_admission
2024,AH,ordinary_undergraduate,physics,1385,004,,506,117038,,,,,,src_collected_ah_2024_group_admission
2024,AH,ordinary_undergraduate,physics,1386,001,,478,157402,,,,,,src_collected_ah_2024_group_admission
2024,AH,ordinary_undergraduate,physics,1386,002,,476,160694,,,,,,src_collected_ah_2024_group_admission
2024,AH,ordinary_undergraduate,physics,1388,001,,513,108751,,,,,,src_collected_ah_2024_group_admission
2024,AH,ordinary_undergraduate,physics,1388,002,,540,74424,,,,,,src_collected_ah_2024_group_admission
2024,AH,ordinary_undergraduate,physics,1388,003,,559,55658,,,,,,src_collected_ah_2024_group_admission
2024,AH,ordinary_undergraduate,physics,1391,001,,465,175669,,,,,,src_collected_ah_2024_group_admission
2024,AH,ordinary_undergraduate,physics,1393,001,,507,115795,,,,,,src_collected_ah_2024_group_admission
2024,AH,ordinary_undergraduate,physics,1393,002,,515,105587,,,,,,src_collected_ah_2024_group_admission
2024,AH,ordinary_undergraduate,physics,1394,001,,488,143666,,,,,,src_collected_ah_2024_group_admission
2024,AH,ordinary_undergraduate,physics,1397,001,,539,75664,,,,,,src_collected_ah_2024_group_admission
2024,AH,ordinary_undergraduate,physics,1398,001,,482,151842,,,,,,src_collected_ah_2024_group_admission
2024,AH,ordinary_undergraduate,physics,1398,002,,485,147592,,,,,,src_collected_ah_2024_group_admission
2024,AH,ordinary_undergraduate,physics,1402,001,,467,173253,,,,,,src_collected_ah_2024_group_admission
2024,AH,ordinary_undergraduate,physics,1402,002,,469,169781,,,,,,src_collected_ah_2024_group_admission
2024,AH,ordinary_undergraduate,physics,1403,001,,585,34795,,,,,,src_collected_ah_2024_group_admission
2024,AH,ordinary_undergraduate,physics,1403,002,,587,33740,,,,,,src_collected_ah_2024_group_admission
2024,AH,ordinary_undergraduate,physics,1406,001,,465,175160,,,,,,src_collected_ah_2024_group_admission
2024,AH,ordinary_undergraduate,physics,1406,002,,465,175342,,,,,,src_collected_ah_2024_group_admission
2024,AH,ordinary_undergraduate,physics,1409,001,,467,173060,,,,,,src_collected_ah_2024_group_admission
2024,AH,ordinary_undergraduate,physics,1409,003,,473,164220,,,,,,src_collected_ah_2024_group_admission
2024,AH,ordinary_undergraduate,physics,1409,004,,472,165286,,,,,,src_collected_ah_2024_group_admission
2024,AH,ordinary_undergraduate,physics,1411,001,,466,173498,,,,,,src_collected_ah_2024_group_admission
2024,AH,ordinary_undergraduate,physics,1418,001,,466,174096,,,,,,src_collected_ah_2024_group_admission
2024,AH,ordinary_undergraduate,physics,1418,002,,477,159009,,,,,,src_collected_ah_2024_group_admission
2024,AH,ordinary_undergraduate,physics,1420,001,,481,153736,,,,,,src_collected_ah_2024_group_admission
2024,AH,ordinary_undergraduate,physics,1421,001,,475,162309,,,,,,src_collected_ah_2024_group_admission
2024,AH,ordinary_undergraduate,physics,1423,001,,516,104553,,,,,,src_collected_ah_2024_group_admission
2024,AH,ordinary_undergraduate,physics,1426,001,,469,170576,,,,,,src_collected_ah_2024_group_admission
2024,AH,ordinary_undergraduate,physics,1426,002,,473,164840,,,,,,src_collected_ah_2024_group_admission
2024,AH,ordinary_undergraduate,physics,1426,003,,466,174307,,,,,,src_collected_ah_2024_group_admission
2024,AH,ordinary_undergraduate,physics,1427,003,,573,43815,,,,,,src_collected_ah_2024_group_admission
2024,AH,ordinary_undergraduate,physics,1427,004,,586,34168,,,,,,src_collected_ah_2024_group_admission
2024,AH,ordinary_undergraduate,physics,1428,001,,465,175705,,,,,,src_collected_ah_2024_group_admission
2024,AH,ordinary_undergraduate,physics,1428,002,,465,175821,,,,,,src_collected_ah_2024_group_admission
2024,AH,ordinary_undergraduate,physics,1429,002,,579,39202,,,,,,src_collected_ah_2024_group_admission
2024,AH,ordinary_undergraduate,physics,1429,003,,557,57808,,,,,,src_collected_ah_2024_group_admission
2024,AH,ordinary_undergraduate,physics,1432,001,,473,163938,,,,,,src_collected_ah_2024_group_admission
2024,AH,ordinary_undergraduate,physics,1433,001,,531,85377,,,,,,src_collected_ah_2024_group_admission
2024,AH,ordinary_undergraduate,physics,1433,002,,529,87590,,,,,,src_collected_ah_2024_group_admission
2024,AH,ordinary_undergraduate,physics,1433,003,,526,91714,,,,,,src_collected_ah_2024_group_admission
2024,AH,ordinary_undergraduate,physics,1433,004,,532,84102,,,,,,src_collected_ah_2024_group_admission
2024,AH,ordinary_undergraduate,physics,1433,006,,532,84447,,,,,,src_collected_ah_2024_group_admission
2024,AH,ordinary_undergraduate,physics,1434,003,,578,39707,,,,,,src_collected_ah_2024_group_admission
2024,AH,ordinary_undergraduate,physics,1434,004,,589,32189,,,,,,src_collected_ah_2024_group_admission
2024,AH,ordinary_undergraduate,physics,1434,006,,606,21966,,,,,,src_collected_ah_2024_group_admission
2024,AH,ordinary_undergraduate,physics,1434,007,,600,25643,,,,,,src_collected_ah_2024_group_admission
2024,AH,ordinary_undergraduate,physics,1434,008,,594,29068,,,,,,src_collected_ah_2024_group_admission
2024,AH,ordinary_undergraduate,physics,1436,001,,488,142711,,,,,,src_collected_ah_2024_group_admission
2024,AH,ordinary_undergraduate,physics,1436,002,,494,135004,,,,,,src_collected_ah_2024_group_admission
2024,AH,ordinary_undergraduate,physics,1436,003,,497,130394,,,,,,src_collected_ah_2024_group_admission
2024,AH,ordinary_undergraduate,physics,1442,001,,497,129915,,,,,,src_collected_ah_2024_group_admission
2024,AH,ordinary_undergraduate,physics,1442,002,,508,115109,,,,,,src_collected_ah_2024_group_admission
2024,AH,ordinary_undergraduate,physics,1442,003,,505,119544,,,,,,src_collected_ah_2024_group_admission
2024,AH,ordinary_undergraduate,physics,1443,001,,524,93388,,,,,,src_collected_ah_2024_group_admission
2024,AH,ordinary_undergraduate,physics,1443,002,,528,88971,,,,,,src_collected_ah_2024_group_admission
2024,AH,ordinary_undergraduate,physics,1444,001,,479,156468,,,,,,src_collected_ah_2024_group_admission
2024,AH,ordinary_undergraduate,physics,1445,001,,491,139468,,,,,,src_collected_ah_2024_group_admission
2024,AH,ordinary_undergraduate,physics,1446,001,,513,108677,,,,,,src_collected_ah_2024_group_admission
2024,AH,ordinary_undergraduate,physics,1447,001,,508,114466,,,,,,src_collected_ah_2024_group_admission
2024,AH,ordinary_undergraduate,physics,1447,002,,510,112381,,,,,,src_collected_ah_2024_group_admission
2024,AH,ordinary_undergraduate,physics,1448,001,,572,44273,,,,,,src_collected_ah_2024_group_admission
2024,AH,ordinary_undergraduate,physics,1448,051,,469,169560,,,,,,src_collected_ah_2024_group_admission
2024,AH,ordinary_undergraduate,physics,1448,052,,485,148137,,,,,,src_collected_ah_2024_group_admission
2024,AH,ordinary_undergraduate,physics,1448,053,,525,92981,,,,,,src_collected_ah_2024_group_admission
2024,AH,ordinary_undergraduate,physics,1450,001,,533,83289,,,,,,src_collected_ah_2024_group_admission
2024,AH,ordinary_undergraduate,physics,1450,003,,485,147456,,,,,,src_collected_ah_2024_group_admission
2024,AH,ordinary_undergraduate,physics,1451,001,,506,117670,,,,,,src_collected_ah_2024_group_admission
2024,AH,ordinary_undergraduate,physics,1451,002,,587,33889,,,,,,src_collected_ah_2024_group_admission
2024,AH,ordinary_undergraduate,physics,1452,001,,500,126706,,,,,,src_collected_ah_2024_group_admission
2024,AH,ordinary_undergraduate,physics,1452,002,,514,106263,,,,,,src_collected_ah_2024_group_admission
2024,AH,ordinary_undergraduate,physics,1453,001,,504,120161,,,,,,src_collected_ah_2024_group_admission
2024,AH,ordinary_undergraduate,physics,1453,002,,530,86367,,,,,,src_collected_ah_2024_group_admission
2024,AH,ordinary_undergraduate,physics,1454,001,,487,144155,,,,,,src_collected_ah_2024_group_admission
2024,AH,ordinary_undergraduate,physics,1454,002,,485,147574,,,,,,src_collected_ah_2024_group_admission
2024,AH,ordinary_undergraduate,physics,1454,003,,491,139317,,,,,,src_collected_ah_2024_group_admission
2024,AH,ordinary_undergraduate,physics,1458,001,,465,176141,,,,,,src_collected_ah_2024_group_admission
2024,AH,ordinary_undergraduate,physics,1458,003,,466,173528,,,,,,src_collected_ah_2024_group_admission
2024,AH,ordinary_undergraduate,physics,1459,001,,479,156682,,,,,,src_collected_ah_2024_group_admission
2024,AH,ordinary_undergraduate,physics,1459,002,,483,149879,,,,,,src_collected_ah_2024_group_admission
2024,AH,ordinary_undergraduate,physics,1460,001,,551,62899,,,,,,src_collected_ah_2024_group_admission
2024,AH,ordinary_undergraduate,physics,1460,002,,509,113795,,,,,,src_collected_ah_2024_group_admission
2024,AH,ordinary_undergraduate,physics,1465,003,,643,6750,,,,,,src_collected_ah_2024_group_admission
2024,AH,ordinary_undergraduate,physics,1465,004,,644,6558,,,,,,src_collected_ah_2024_group_admission
2024,AH,ordinary_undergraduate,physics,1465,005,,643,6838,,,,,,src_collected_ah_2024_group_admission
2024,AH,ordinary_undergraduate,physics,1465,006,,635,9223,,,,,,src_collected_ah_2024_group_admission
2024,AH,ordinary_undergraduate,physics,1466,004,,674,1053,,,,,,src_collected_ah_2024_group_admission
2024,AH,ordinary_undergraduate,physics,1467,002,,673,1127,,,,,,src_collected_ah_2024_group_admission
2024,AH,ordinary_undergraduate,physics,1468,003,,657,3341,,,,,,src_collected_ah_2024_group_admission
2024,AH,ordinary_undergraduate,physics,1468,004,,649,5043,,,,,,src_collected_ah_2024_group_admission
2024,AH,ordinary_undergraduate,physics,1470,001,,465,175910,,,,,,src_collected_ah_2024_group_admission
2024,AH,ordinary_undergraduate,physics,1471,001,,465,175762,,,,,,src_collected_ah_2024_group_admission
2024,AH,ordinary_undergraduate,physics,1471,002,,466,174261,,,,,,src_collected_ah_2024_group_admission
2024,AH,ordinary_undergraduate,physics,1472,002,,495,133135,,,,,,src_collected_ah_2024_group_admission
2024,AH,ordinary_undergraduate,physics,1472,003,,509,112910,,,,,,src_collected_ah_2024_group_admission
2024,AH,ordinary_undergraduate,physics,1474,001,,555,59086,,,,,,src_collected_ah_2024_group_admission
2024,AH,ordinary_undergraduate,physics,1474,002,,570,46017,,,,,,src_collected_ah_2024_group_admission
2024,AH,ordinary_undergraduate,physics,1475,001,,507,116428,,,,,,src_collected_ah_2024_group_admission
2024,AH,ordinary_undergraduate,physics,1475,002,,503,121656,,,,,,src_collected_ah_2024_group_admission
2024,AH,ordinary_undergraduate,physics,1476,001,,515,106034,,,,,,src_collected_ah_2024_group_admission
2024,AH,ordinary_undergraduate,physics,1476,002,,505,119680,,,,,,src_collected_ah_2024_group_admission
2024,AH,ordinary_undergraduate,physics,1476,003,,507,115797,,,,,,src_collected_ah_2024_group_admission
2024,AH,ordinary_undergraduate,physics,1476,004,,520,98525,,,,,,src_collected_ah_2024_group_admission
2024,AH,ordinary_undergraduate,physics,1476,005,,528,88849,,,,,,src_collected_ah_2024_group_admission
2024,AH,ordinary_undergraduate,physics,1477,001,,466,174224,,,,,,src_collected_ah_2024_group_admission
2024,AH,ordinary_undergraduate,physics,1477,002,,468,171697,,,,,,src_collected_ah_2024_group_admission
2024,AH,ordinary_undergraduate,physics,1480,001,,496,131844,,,,,,src_collected_ah_2024_group_admission
2024,AH,ordinary_undergraduate,physics,1480,002,,492,137805,,,,,,src_collected_ah_2024_group_admission
2024,AH,ordinary_undergraduate,physics,1480,003,,511,111098,,,,,,src_collected_ah_2024_group_admission
2024,AH,ordinary_undergraduate,physics,1481,002,,614,18096,,,,,,src_collected_ah_2024_group_admission
2024,AH,ordinary_undergraduate,physics,1481,004,,621,14925,,,,,,src_collected_ah_2024_group_admission
2024,AH,ordinary_undergraduate,physics,1481,005,,567,48286,,,,,,src_collected_ah_2024_group_admission
2024,AH,ordinary_undergraduate,physics,1481,007,,569,46661,,,,,,src_collected_ah_2024_group_admission
2024,AH,ordinary_undergraduate,physics,1484,001,,481,152503,,,,,,src_collected_ah_2024_group_admission
2024,AH,ordinary_undergraduate,physics,1485,001,,648,5278,,,,,,src_collected_ah_2024_group_admission
2024,AH,ordinary_undergraduate,physics,1485,002,,605,22960,,,,,,src_collected_ah_2024_group_admission
2024,AH,ordinary_undergraduate,physics,1485,003,,595,28285,,,,,,src_collected_ah_2024_group_admission
2024,AH,ordinary_undergraduate,physics,1486,001,,465,175928,,,,,,src_collected_ah_2024_group_admission
2024,AH,ordinary_undergraduate,physics,1487,002,,466,173991,,,,,,src_collected_ah_2024_group_admission
2024,AH,ordinary_undergraduate,physics,1488,001,,589,32288,,,,,,src_collected_ah_2024_group_admission
2024,AH,ordinary_undergraduate,physics,1488,002,,583,36164,,,,,,src_collected_ah_2024_group_admission
2024,AH,ordinary_undergraduate,physics,1488,004,,589,32090,,,,,,src_collected_ah_2024_group_admission
2024,AH,ordinary_undergraduate,physics,1488,006,,586,34660,,,,,,src_collected_ah_2024_group_admission
2024,AH,ordinary_undergraduate,physics,1493,002,,465,176073,,,,,,src_collected_ah_2024_group_admission
2024,AH,ordinary_undergraduate,physics,1493,003,,465,174875,,,,,,src_collected_ah_2024_group_admission
2024,AH,ordinary_undergraduate,physics,1494,002,,499,127897,,,,,,src_collected_ah_2024_group_admission
2024,AH,ordinary_undergraduate,physics,1494,004,,489,141827,,,,,,src_collected_ah_2024_group_admission
2024,AH,ordinary_undergraduate,physics,1496,001,,528,88741,,,,,,src_collected_ah_2024_group_admission
2024,AH,ordinary_undergraduate,physics,1496,002,,510,112128,,,,,,src_collected_ah_2024_group_admission
2024,AH,ordinary_undergraduate,physics,1496,004,,536,79544,,,,,,src_collected_ah_2024_group_admission
2024,AH,ordinary_undergraduate,physics,1496,005,,543,71148,,,,,,src_collected_ah_2024_group_admission
2024,AH,ordinary_undergraduate,physics,1496,006,,525,92189,,,,,,src_collected_ah_2024_group_admission
2024,AH,ordinary_undergraduate,physics,1496,007,,551,63322,,,,,,src_collected_ah_2024_group_admission
2024,AH,ordinary_undergraduate,physics,1499,051,,530,86005,,,,,,src_collected_ah_2024_group_admission
2024,AH,ordinary_undergraduate,physics,1499,053,,523,95630,,,,,,src_collected_ah_2024_group_admission
2024,AH,ordinary_undergraduate,physics,1499,054,,534,81612,,,,,,src_collected_ah_2024_group_admission
2024,AH,ordinary_undergraduate,physics,1499,055,,509,114187,,,,,,src_collected_ah_2024_group_admission
2024,AH,ordinary_undergraduate,physics,1499,056,,511,111231,,,,,,src_collected_ah_2024_group_admission
2024,AH,ordinary_undergraduate,physics,1505,001,,527,90352,,,,,,src_collected_ah_2024_group_admission
2024,AH,ordinary_undergraduate,physics,1506,001,,480,154357,,,,,,src_collected_ah_2024_group_admission
2024,AH,ordinary_undergraduate,physics,1508,002,,577,40732,,,,,,src_collected_ah_2024_group_admission
2024,AH,ordinary_undergraduate,physics,1508,003,,608,21129,,,,,,src_collected_ah_2024_group_admission
2024,AH,ordinary_undergraduate,physics,1508,004,,618,16230,,,,,,src_collected_ah_2024_group_admission
2024,AH,ordinary_undergraduate,physics,1511,001,,576,41618,,,,,,src_collected_ah_2024_group_admission
2024,AH,ordinary_undergraduate,physics,1511,002,,577,40433,,,,,,src_collected_ah_2024_group_admission
2024,AH,ordinary_undergraduate,physics,1511,003,,585,34737,,,,,,src_collected_ah_2024_group_admission
2024,AH,ordinary_undergraduate,physics,1513,001,,560,54347,,,,,,src_collected_ah_2024_group_admission
2024,AH,ordinary_undergraduate,physics,1515,002,,610,19843,,,,,,src_collected_ah_2024_group_admission
2024,AH,ordinary_undergraduate,physics,1515,004,,643,6733,,,,,,src_collected_ah_2024_group_admission
2024,AH,ordinary_undergraduate,physics,1515,005,,630,11312,,,,,,src_collected_ah_2024_group_admission
2024,AH,ordinary_undergraduate,physics,1516,005,,605,22723,,,,,,src_collected_ah_2024_group_admission
2024,AH,ordinary_undergraduate,physics,1516,006,,617,16754,,,,,,src_collected_ah_2024_group_admission
2024,AH,ordinary_undergraduate,physics,1519,001,,553,61354,,,,,,src_collected_ah_2024_group_admission
2024,AH,ordinary_undergraduate,physics,1519,002,,520,99289,,,,,,src_collected_ah_2024_group_admission
2024,AH,ordinary_undergraduate,physics,1520,001,,473,164566,,,,,,src_collected_ah_2024_group_admission
2024,AH,ordinary_undergraduate,physics,1521,002,,558,56604,,,,,,src_collected_ah_2024_group_admission
2024,AH,ordinary_undergraduate,physics,1522,002,,516,103574,,,,,,src_collected_ah_2024_group_admission
2024,AH,ordinary_undergraduate,physics,1523,001,,479,156481,,,,,,src_collected_ah_2024_group_admission
2024,AH,ordinary_undergraduate,physics,1523,002,,486,145824,,,,,,src_collected_ah_2024_group_admission
2024,AH,ordinary_undergraduate,physics,1524,001,,483,150859,,,,,,src_collected_ah_2024_group_admission
2024,AH,ordinary_undergraduate,physics,1524,002,,480,155188,,,,,,src_collected_ah_2024_group_admission
2024,AH,ordinary_undergraduate,physics,1524,003,,481,153436,,,,,,src_collected_ah_2024_group_admission
2024,AH,ordinary_undergraduate,physics,1526,001,,526,91562,,,,,,src_collected_ah_2024_group_admission
2024,AH,ordinary_undergraduate,physics,1526,002,,529,87345,,,,,,src_collected_ah_2024_group_admission
2024,AH,ordinary_undergraduate,physics,1526,003,,533,83143,,,,,,src_collected_ah_2024_group_admission
2024,AH,ordinary_undergraduate,physics,1526,004,,544,70657,,,,,,src_collected_ah_2024_group_admission
2024,AH,ordinary_undergraduate,physics,1526,005,,514,106579,,,,,,src_collected_ah_2024_group_admission
2024,AH,ordinary_undergraduate,physics,1527,001,,488,142733,,,,,,src_collected_ah_2024_group_admission
2024,AH,ordinary_undergraduate,physics,1527,002,,485,147537,,,,,,src_collected_ah_2024_group_admission
2024,AH,ordinary_undergraduate,physics,1528,001,,480,155049,,,,,,src_collected_ah_2024_group_admission
2024,AH,ordinary_undergraduate,physics,1529,001,,586,34696,,,,,,src_collected_ah_2024_group_admission
2024,AH,ordinary_undergraduate,physics,1529,002,,604,22993,,,,,,src_collected_ah_2024_group_admission
2024,AH,ordinary_undergraduate,physics,1529,003,,605,22920,,,,,,src_collected_ah_2024_group_admission
2024,AH,ordinary_undergraduate,physics,1530,001,,504,119807,,,,,,src_collected_ah_2024_group_admission
2024,AH,ordinary_undergraduate,physics,1534,001,,490,139592,,,,,,src_collected_ah_2024_group_admission
2024,AH,ordinary_undergraduate,physics,1534,002,,489,141053,,,,,,src_collected_ah_2024_group_admission
2024,AH,ordinary_undergraduate,physics,1534,003,,492,137837,,,,,,src_collected_ah_2024_group_admission
2024,AH,ordinary_undergraduate,physics,1537,001,,497,129931,,,,,,src_collected_ah_2024_group_admission
2024,AH,ordinary_undergraduate,physics,1537,002,,493,135795,,,,,,src_collected_ah_2024_group_admission
2024,AH,ordinary_undergraduate,physics,1539,001,,493,135453,,,,,,src_collected_ah_2024_group_admission
2024,AH,ordinary_undergraduate,physics,1539,002,,495,133337,,,,,,src_collected_ah_2024_group_admission
2024,AH,ordinary_undergraduate,physics,1540,001,,525,92015,,,,,,src_collected_ah_2024_group_admission
2024,AH,ordinary_undergraduate,physics,1540,002,,528,88908,,,,,,src_collected_ah_2024_group_admission
2024,AH,ordinary_undergraduate,physics,1541,001,,530,86829,,,,,,src_collected_ah_2024_group_admission
2024,AH,ordinary_undergraduate,physics,1542,001,,505,119301,,,,,,src_collected_ah_2024_group_admission
2024,AH,ordinary_undergraduate,physics,1542,002,,487,144067,,,,,,src_collected_ah_2024_group_admission
2024,AH,ordinary_undergraduate,physics,1543,001,,491,138602,,,,,,src_collected_ah_2024_group_admission
2024,AH,ordinary_undergraduate,physics,1543,002,,496,132413,,,,,,src_collected_ah_2024_group_admission
2024,AH,ordinary_undergraduate,physics,1544,001,,479,155662,,,,,,src_collected_ah_2024_group_admission
2024,AH,ordinary_undergraduate,physics,1544,002,,478,157081,,,,,,src_collected_ah_2024_group_admission
2024,AH,ordinary_undergraduate,physics,1544,003,,483,150623,,,,,,src_collected_ah_2024_group_admission
2024,AH,ordinary_undergraduate,physics,1549,001,,518,101508,,,,,,src_collected_ah_2024_group_admission
2024,AH,ordinary_undergraduate,physics,1549,002,,510,111798,,,,,,src_collected_ah_2024_group_admission
2024,AH,ordinary_undergraduate,physics,1551,001,,552,62779,,,,,,src_collected_ah_2024_group_admission
2024,AH,ordinary_undergraduate,physics,1551,003,,559,55447,,,,,,src_collected_ah_2024_group_admission
2024,AH,ordinary_undergraduate,physics,1551,004,,535,80244,,,,,,src_collected_ah_2024_group_admission
2024,AH,ordinary_undergraduate,physics,1552,001,,489,141297,,,,,,src_collected_ah_2024_group_admission
2024,AH,ordinary_undergraduate,physics,1552,002,,490,140598,,,,,,src_collected_ah_2024_group_admission
2024,AH,ordinary_undergraduate,physics,1553,001,,502,123684,,,,,,src_collected_ah_2024_group_admission
2024,AH,ordinary_undergraduate,physics,1556,001,,474,163744,,,,,,src_collected_ah_2024_group_admission
2024,AH,ordinary_undergraduate,physics,1557,001,,535,80920,,,,,,src_collected_ah_2024_group_admission
2024,AH,ordinary_undergraduate,physics,1557,002,,591,30961,,,,,,src_collected_ah_2024_group_admission
2024,AH,ordinary_undergraduate,physics,1558,001,,527,90325,,,,,,src_collected_ah_2024_group_admission
2024,AH,ordinary_undergraduate,physics,1560,001,,515,105326,,,,,,src_collected_ah_2024_group_admission
2024,AH,ordinary_undergraduate,physics,1560,002,,516,104515,,,,,,src_collected_ah_2024_group_admission
2024,AH,ordinary_undergraduate,physics,1561,001,,493,135370,,,,,,src_collected_ah_2024_group_admission
2024,AH,ordinary_undergraduate,physics,1562,005,,620,15385,,,,,,src_collected_ah_2024_group_admission
2024,AH,ordinary_undergraduate,physics,1562,006,,619,15579,,,,,,src_collected_ah_2024_group_admission
2024,AH,ordinary_undergraduate,physics,1563,001,,551,63282,,,,,,src_collected_ah_2024_group_admission
2024,AH,ordinary_undergraduate,physics,1563,002,,556,58288,,,,,,src_collected_ah_2024_group_admission
2024,AH,ordinary_undergraduate,physics,1563,003,,547,67167,,,,,,src_collected_ah_2024_group_admission
2024,AH,ordinary_undergraduate,physics,1564,001,,505,119546,,,,,,src_collected_ah_2024_group_admission
2024,AH,ordinary_undergraduate,physics,1564,002,,504,120653,,,,,,src_collected_ah_2024_group_admission
2024,AH,ordinary_undergraduate,physics,1566,001,,494,134997,,,,,,src_collected_ah_2024_group_admission
2024,AH,ordinary_undergraduate,physics,1567,001,,573,43329,,,,,,src_collected_ah_2024_group_admission
2024,AH,ordinary_undergraduate,physics,1567,002,,586,34381,,,,,,src_collected_ah_2024_group_admission
2024,AH,ordinary_undergraduate,physics,1567,003,,592,30199,,,,,,src_collected_ah_2024_group_admission
2024,AH,ordinary_undergraduate,physics,1567,004,,594,29288,,,,,,src_collected_ah_2024_group_admission
2024,AH,ordinary_undergraduate,physics,1568,001,,517,102385,,,,,,src_collected_ah_2024_group_admission
2024,AH,ordinary_undergraduate,physics,1568,002,,504,120949,,,,,,src_collected_ah_2024_group_admission
2024,AH,ordinary_undergraduate,physics,1568,003,,500,126587,,,,,,src_collected_ah_2024_group_admission
2024,AH,ordinary_undergraduate,physics,1568,004,,507,116604,,,,,,src_collected_ah_2024_group_admission
2024,AH,ordinary_undergraduate,physics,1568,005,,499,127819,,,,,,src_collected_ah_2024_group_admission
2024,AH,ordinary_undergraduate,physics,1569,001,,501,124770,,,,,,src_collected_ah_2024_group_admission
2024,AH,ordinary_undergraduate,physics,1569,002,,507,116839,,,,,,src_collected_ah_2024_group_admission
2024,AH,ordinary_undergraduate,physics,1570,001,,532,84131,,,,,,src_collected_ah_2024_group_admission
2024,AH,ordinary_undergraduate,physics,1570,002,,534,81750,,,,,,src_collected_ah_2024_group_admission
2024,AH,ordinary_undergraduate,physics,1575,001,,483,150938,,,,,,src_collected_ah_2024_group_admission
2024,AH,ordinary_undergraduate,physics,1575,002,,484,149007,,,,,,src_collected_ah_2024_group_admission
2024,AH,ordinary_undergraduate,physics,1576,001,,561,54129,,,,,,src_collected_ah_2024_group_admission
2024,AH,ordinary_undergraduate,physics,1576,002,,556,58862,,,,,,src_collected_ah_2024_group_admission
2024,AH,ordinary_undergraduate,physics,1576,004,,570,46185,,,,,,src_collected_ah_2024_group_admission
2024,AH,ordinary_undergraduate,physics,1577,001,,498,129513,,,,,,src_collected_ah_2024_group_admission
2024,AH,ordinary_undergraduate,physics,1577,002,,490,140513,,,,,,src_collected_ah_2024_group_admission
2024,AH,ordinary_undergraduate,physics,1577,004,,495,133854,,,,,,src_collected_ah_2024_group_admission
2024,AH,ordinary_undergraduate,physics,1578,001,,529,87159,,,,,,src_collected_ah_2024_group_admission
2024,AH,ordinary_undergraduate,physics,1578,002,,528,88893,,,,,,src_collected_ah_2024_group_admission
2024,AH,ordinary_undergraduate,physics,1578,003,,529,87192,,,,,,src_collected_ah_2024_group_admission
2024,AH,ordinary_undergraduate,physics,1578,004,,523,95258,,,,,,src_collected_ah_2024_group_admission
2024,AH,ordinary_undergraduate,physics,1579,001,,491,139216,,,,,,src_collected_ah_2024_group_admission
2024,AH,ordinary_undergraduate,physics,1579,002,,494,135241,,,,,,src_collected_ah_2024_group_admission
2024,AH,ordinary_undergraduate,physics,1580,001,,555,59303,,,,,,src_collected_ah_2024_group_admission
2024,AH,ordinary_undergraduate,physics,1580,002,,532,84243,,,,,,src_collected_ah_2024_group_admission
2024,AH,ordinary_undergraduate,physics,1583,001,,563,52011,,,,,,src_collected_ah_2024_group_admission
2024,AH,ordinary_undergraduate,physics,1590,001,,519,99740,,,,,,src_collected_ah_2024_group_admission
2024,AH,ordinary_undergraduate,physics,1590,003,,527,90575,,,,,,src_collected_ah_2024_group_admission
2024,AH,ordinary_undergraduate,physics,1591,002,,487,143978,,,,,,src_collected_ah_2024_group_admission
2024,AH,ordinary_undergraduate,physics,1591,003,,490,139790,,,,,,src_collected_ah_2024_group_admission
2024,AH,ordinary_undergraduate,physics,1594,001,,511,111258,,,,,,src_collected_ah_2024_group_admission
2024,AH,ordinary_undergraduate,physics,1594,002,,496,131644,,,,,,src_collected_ah_2024_group_admission
2024,AH,ordinary_undergraduate,physics,1596,001,,489,142114,,,,,,src_collected_ah_2024_group_admission
2024,AH,ordinary_undergraduate,physics,1599,001,,489,142353,,,,,,src_collected_ah_2024_group_admission
2024,AH,ordinary_undergraduate,physics,1599,002,,488,143583,,,,,,src_collected_ah_2024_group_admission
2024,AH,ordinary_undergraduate,physics,1599,003,,496,132202,,,,,,src_collected_ah_2024_group_admission
2024,AH,ordinary_undergraduate,physics,1600,001,,496,132031,,,,,,src_collected_ah_2024_group_admission
2024,AH,ordinary_undergraduate,physics,1600,002,,496,131210,,,,,,src_collected_ah_2024_group_admission
2024,AH,ordinary_undergraduate,physics,1600,003,,503,122065,,,,,,src_collected_ah_2024_group_admission
2024,AH,ordinary_undergraduate,physics,1600,004,,512,109545,,,,,,src_collected_ah_2024_group_admission
2024,AH,ordinary_undergraduate,physics,1600,005,,496,132468,,,,,,src_collected_ah_2024_group_admission
2024,AH,ordinary_undergraduate,physics,1602,001,,466,173947,,,,,,src_collected_ah_2024_group_admission
2024,AH,ordinary_undergraduate,physics,1604,001,,472,166263,,,,,,src_collected_ah_2024_group_admission
2024,AH,ordinary_undergraduate,physics,1605,001,,490,140219,,,,,,src_collected_ah_2024_group_admission
2024,AH,ordinary_undergraduate,physics,1605,002,,492,137149,,,,,,src_collected_ah_2024_group_admission
2024,AH,ordinary_undergraduate,physics,1605,003,,493,136687,,,,,,src_collected_ah_2024_group_admission
2024,AH,ordinary_undergraduate,physics,1606,001,,465,175633,,,,,,src_collected_ah_2024_group_admission
2024,AH,ordinary_undergraduate,physics,1606,002,,465,175445,,,,,,src_collected_ah_2024_group_admission
2024,AH,ordinary_undergraduate,physics,1607,002,,490,140162,,,,,,src_collected_ah_2024_group_admission
2024,AH,ordinary_undergraduate,physics,1611,002,,521,97584,,,,,,src_collected_ah_2024_group_admission
2024,AH,ordinary_undergraduate,physics,1623,001,,467,172948,,,,,,src_collected_ah_2024_group_admission
2024,AH,ordinary_undergraduate,physics,1627,001,,502,122778,,,,,,src_collected_ah_2024_group_admission
2024,AH,ordinary_undergraduate,physics,1627,002,,505,118472,,,,,,src_collected_ah_2024_group_admission
2024,AH,ordinary_undergraduate,physics,1627,003,,556,58330,,,,,,src_collected_ah_2024_group_admission
2024,AH,ordinary_undergraduate,physics,1627,004,,526,90801,,,,,,src_collected_ah_2024_group_admission
2024,AH,ordinary_undergraduate,physics,1628,001,,493,136320,,,,,,src_collected_ah_2024_group_admission
2024,AH,ordinary_undergraduate,physics,1630,001,,507,116809,,,,,,src_collected_ah_2024_group_admission
2024,AH,ordinary_undergraduate,physics,1630,002,,519,100553,,,,,,src_collected_ah_2024_group_admission
2024,AH,ordinary_undergraduate,physics,1631,001,,497,129694,,,,,,src_collected_ah_2024_group_admission
2024,AH,ordinary_undergraduate,physics,1632,002,,491,139415,,,,,,src_collected_ah_2024_group_admission
2024,AH,ordinary_undergraduate,physics,1635,001,,581,37837,,,,,,src_collected_ah_2024_group_admission
2024,AH,ordinary_undergraduate,physics,1635,002,,588,33043,,,,,,src_collected_ah_2024_group_admission
2024,AH,ordinary_undergraduate,physics,1636,001,,486,145717,,,,,,src_collected_ah_2024_group_admission
2024,AH,ordinary_undergraduate,physics,1637,002,,514,106480,,,,,,src_collected_ah_2024_group_admission
2024,AH,ordinary_undergraduate,physics,1638,001,,508,114397,,,,,,src_collected_ah_2024_group_admission
2024,AH,ordinary_undergraduate,physics,1639,001,,501,125301,,,,,,src_collected_ah_2024_group_admission
2024,AH,ordinary_undergraduate,physics,1639,002,,509,113475,,,,,,src_collected_ah_2024_group_admission
2024,AH,ordinary_undergraduate,physics,1640,001,,486,146774,,,,,,src_collected_ah_2024_group_admission
2024,AH,ordinary_undergraduate,physics,1640,002,,487,143963,,,,,,src_collected_ah_2024_group_admission
2024,AH,ordinary_undergraduate,physics,1642,001,,575,42415,,,,,,src_collected_ah_2024_group_admission
2024,AH,ordinary_undergraduate,physics,1642,002,,594,28839,,,,,,src_collected_ah_2024_group_admission
2024,AH,ordinary_undergraduate,physics,1648,001,,525,92583,,,,,,src_collected_ah_2024_group_admission
2024,AH,ordinary_undergraduate,physics,1648,002,,530,85810,,,,,,src_collected_ah_2024_group_admission
2024,AH,ordinary_undergraduate,physics,1649,001,,480,155043,,,,,,src_collected_ah_2024_group_admission
2024,AH,ordinary_undergraduate,physics,1650,001,,530,86804,,,,,,src_collected_ah_2024_group_admission
2024,AH,ordinary_undergraduate,physics,1650,002,,523,94810,,,,,,src_collected_ah_2024_group_admission
2024,AH,ordinary_undergraduate,physics,1652,001,,500,125525,,,,,,src_collected_ah_2024_group_admission
2024,AH,ordinary_undergraduate,physics,1652,002,,518,101549,,,,,,src_collected_ah_2024_group_admission
2024,AH,ordinary_undergraduate,physics,1654,001,,514,106956,,,,,,src_collected_ah_2024_group_admission
2024,AH,ordinary_undergraduate,physics,1654,002,,519,100532,,,,,,src_collected_ah_2024_group_admission
2024,AH,ordinary_undergraduate,physics,1656,001,,511,110666,,,,,,src_collected_ah_2024_group_admission
2024,AH,ordinary_undergraduate,physics,1656,002,,513,107461,,,,,,src_collected_ah_2024_group_admission
2024,AH,ordinary_undergraduate,physics,1656,003,,518,101666,,,,,,src_collected_ah_2024_group_admission
2024,AH,ordinary_undergraduate,physics,1657,001,,515,106043,,,,,,src_collected_ah_2024_group_admission
2024,AH,ordinary_undergraduate,physics,1657,002,,518,101103,,,,,,src_collected_ah_2024_group_admission
2024,AH,ordinary_undergraduate,physics,1659,001,,479,156196,,,,,,src_collected_ah_2024_group_admission
2024,AH,ordinary_undergraduate,physics,1662,001,,528,88297,,,,,,src_collected_ah_2024_group_admission
2024,AH,ordinary_undergraduate,physics,1662,002,,527,89653,,,,,,src_collected_ah_2024_group_admission
2024,AH,ordinary_undergraduate,physics,1663,001,,489,141796,,,,,,src_collected_ah_2024_group_admission
2024,AH,ordinary_undergraduate,physics,1663,002,,502,123489,,,,,,src_collected_ah_2024_group_admission
2024,AH,ordinary_undergraduate,physics,1667,001,,511,110241,,,,,,src_collected_ah_2024_group_admission
2024,AH,ordinary_undergraduate,physics,1667,002,,548,66423,,,,,,src_collected_ah_2024_group_admission
2024,AH,ordinary_undergraduate,physics,1667,003,,515,104937,,,,,,src_collected_ah_2024_group_admission
2024,AH,ordinary_undergraduate,physics,1668,001,,510,112046,,,,,,src_collected_ah_2024_group_admission
2024,AH,ordinary_undergraduate,physics,1669,001,,538,76877,,,,,,src_collected_ah_2024_group_admission
2024,AH,ordinary_undergraduate,physics,1674,001,,521,98071,,,,,,src_collected_ah_2024_group_admission
2024,AH,ordinary_undergraduate,physics,1674,002,,538,77369,,,,,,src_collected_ah_2024_group_admission
2024,AH,ordinary_undergraduate,physics,1674,003,,519,99610,,,,,,src_collected_ah_2024_group_admission
2024,AH,ordinary_undergraduate,physics,1678,002,,518,101842,,,,,,src_collected_ah_2024_group_admission
2024,AH,ordinary_undergraduate,physics,1678,003,,509,113309,,,,,,src_collected_ah_2024_group_admission
2024,AH,ordinary_undergraduate,physics,1680,001,,495,132743,,,,,,src_collected_ah_2024_group_admission
2024,AH,ordinary_undergraduate,physics,1680,002,,498,129492,,,,,,src_collected_ah_2024_group_admission
2024,AH,ordinary_undergraduate,physics,1681,004,,635,9192,,,,,,src_collected_ah_2024_group_admission
2024,AH,ordinary_undergraduate,physics,1681,005,,645,6146,,,,,,src_collected_ah_2024_group_admission
2024,AH,ordinary_undergraduate,physics,1686,001,,511,110627,,,,,,src_collected_ah_2024_group_admission
2024,AH,ordinary_undergraduate,physics,1686,003,,514,106243,,,,,,src_collected_ah_2024_group_admission
2024,AH,ordinary_undergraduate,physics,1689,001,,537,77891,,,,,,src_collected_ah_2024_group_admission
2024,AH,ordinary_undergraduate,physics,1690,001,,511,111462,,,,,,src_collected_ah_2024_group_admission
2024,AH,ordinary_undergraduate,physics,1690,002,,513,108733,,,,,,src_collected_ah_2024_group_admission
2024,AH,ordinary_undergraduate,physics,1691,001,,540,74494,,,,,,src_collected_ah_2024_group_admission
2024,AH,ordinary_undergraduate,physics,1691,003,,545,69251,,,,,,src_collected_ah_2024_group_admission
2024,AH,ordinary_undergraduate,physics,1691,051,,539,75674,,,,,,src_collected_ah_2024_group_admission
2024,AH,ordinary_undergraduate,physics,1691,052,,540,75027,,,,,,src_collected_ah_2024_group_admission
2024,AH,ordinary_undergraduate,physics,1700,001,,558,56623,,,,,,src_collected_ah_2024_group_admission
2024,AH,ordinary_undergraduate,physics,1700,002,,562,52684,,,,,,src_collected_ah_2024_group_admission
2024,AH,ordinary_undergraduate,physics,1701,001,,487,144594,,,,,,src_collected_ah_2024_group_admission
2024,AH,ordinary_undergraduate,physics,1702,001,,501,124084,,,,,,src_collected_ah_2024_group_admission
2024,AH,ordinary_undergraduate,physics,1705,001,,526,90873,,,,,,src_collected_ah_2024_group_admission
2024,AH,ordinary_undergraduate,physics,1706,001,,515,105619,,,,,,src_collected_ah_2024_group_admission
2024,AH,ordinary_undergraduate,physics,1707,002,,530,85928,,,,,,src_collected_ah_2024_group_admission
2024,AH,ordinary_undergraduate,physics,1707,003,,530,86570,,,,,,src_collected_ah_2024_group_admission
2024,AH,ordinary_undergraduate,physics,1707,004,,530,85824,,,,,,src_collected_ah_2024_group_admission
2024,AH,ordinary_undergraduate,physics,1708,001,,485,148171,,,,,,src_collected_ah_2024_group_admission
2024,AH,ordinary_undergraduate,physics,1715,001,,465,175699,,,,,,src_collected_ah_2024_group_admission
2024,AH,ordinary_undergraduate,physics,1715,002,,466,174680,,,,,,src_collected_ah_2024_group_admission
2024,AH,ordinary_undergraduate,physics,1717,002,,586,34240,,,,,,src_collected_ah_2024_group_admission
2024,AH,ordinary_undergraduate,physics,1717,003,,601,24965,,,,,,src_collected_ah_2024_group_admission
2024,AH,ordinary_undergraduate,physics,1717,004,,603,23921,,,,,,src_collected_ah_2024_group_admission
2024,AH,ordinary_undergraduate,physics,1725,001,,517,102375,,,,,,src_collected_ah_2024_group_admission
2024,AH,ordinary_undergraduate,physics,1725,002,,514,107067,,,,,,src_collected_ah_2024_group_admission
2024,AH,ordinary_undergraduate,physics,1726,001,,506,117717,,,,,,src_collected_ah_2024_group_admission
2024,AH,ordinary_undergraduate,physics,1728,001,,551,63425,,,,,,src_collected_ah_2024_group_admission
2024,AH,ordinary_undergraduate,physics,1728,002,,514,106419,,,,,,src_collected_ah_2024_group_admission
2024,AH,ordinary_undergraduate,physics,1728,003,,525,92312,,,,,,src_collected_ah_2024_group_admission
2024,AH,ordinary_undergraduate,physics,1729,001,,478,157254,,,,,,src_collected_ah_2024_group_admission
2024,AH,ordinary_undergraduate,physics,1729,003,,477,158344,,,,,,src_collected_ah_2024_group_admission
2024,AH,ordinary_undergraduate,physics,1729,004,,481,153438,,,,,,src_collected_ah_2024_group_admission
2024,AH,ordinary_undergraduate,physics,1729,005,,481,153114,,,,,,src_collected_ah_2024_group_admission
2024,AH,ordinary_undergraduate,physics,1732,001,,528,88270,,,,,,src_collected_ah_2024_group_admission
2024,AH,ordinary_undergraduate,physics,1732,002,,567,48854,,,,,,src_collected_ah_2024_group_admission
2024,AH,ordinary_undergraduate,physics,1732,003,,573,43987,,,,,,src_collected_ah_2024_group_admission
2024,AH,ordinary_undergraduate,physics,1732,004,,522,96198,,,,,,src_collected_ah_2024_group_admission
2024,AH,ordinary_undergraduate,physics,1733,001,,507,115874,,,,,,src_collected_ah_2024_group_admission
2024,AH,ordinary_undergraduate,physics,1734,001,,528,88252,,,,,,src_collected_ah_2024_group_admission
2024,AH,ordinary_undergraduate,physics,1734,002,,520,99101,,,,,,src_collected_ah_2024_group_admission
2024,AH,ordinary_undergraduate,physics,1734,003,,528,88501,,,,,,src_collected_ah_2024_group_admission
2024,AH,ordinary_undergraduate,physics,1735,001,,526,90794,,,,,,src_collected_ah_2024_group_admission
2024,AH,ordinary_undergraduate,physics,1737,004,,604,23066,,,,,,src_collected_ah_2024_group_admission
2024,AH,ordinary_undergraduate,physics,1737,005,,622,14340,,,,,,src_collected_ah_2024_group_admission
2024,AH,ordinary_undergraduate,physics,1738,004,,603,23681,,,,,,src_collected_ah_2024_group_admission
2024,AH,ordinary_undergraduate,physics,1738,005,,635,9376,,,,,,src_collected_ah_2024_group_admission
2024,AH,ordinary_undergraduate,physics,1739,002,,500,125809,,,,,,src_collected_ah_2024_group_admission
2024,AH,ordinary_undergraduate,physics,1739,003,,507,116163,,,,,,src_collected_ah_2024_group_admission
2024,AH,ordinary_undergraduate,physics,1739,004,,501,125137,,,,,,src_collected_ah_2024_group_admission
2024,AH,ordinary_undergraduate,physics,1739,006,,495,133535,,,,,,src_collected_ah_2024_group_admission
2024,AH,ordinary_undergraduate,physics,1740,001,,528,88476,,,,,,src_collected_ah_2024_group_admission
2024,AH,ordinary_undergraduate,physics,1740,002,,528,88798,,,,,,src_collected_ah_2024_group_admission
2024,AH,ordinary_undergraduate,physics,1740,003,,521,98069,,,,,,src_collected_ah_2024_group_admission
2024,AH,ordinary_undergraduate,physics,1740,004,,548,66322,,,,,,src_collected_ah_2024_group_admission
2024,AH,ordinary_undergraduate,physics,1741,002,,475,161935,,,,,,src_collected_ah_2024_group_admission
2024,AH,ordinary_undergraduate,physics,1742,001,,567,48928,,,,,,src_collected_ah_2024_group_admission
2024,AH,ordinary_undergraduate,physics,1742,002,,539,76246,,,,,,src_collected_ah_2024_group_admission
2024,AH,ordinary_undergraduate,physics,1742,003,,562,52984,,,,,,src_collected_ah_2024_group_admission
2024,AH,ordinary_undergraduate,physics,1743,001,,547,67183,,,,,,src_collected_ah_2024_group_admission
2024,AH,ordinary_undergraduate,physics,1743,002,,553,61462,,,,,,src_collected_ah_2024_group_admission
2024,AH,ordinary_undergraduate,physics,1743,003,,545,69511,,,,,,src_collected_ah_2024_group_admission
2024,AH,ordinary_undergraduate,physics,1743,004,,560,55034,,,,,,src_collected_ah_2024_group_admission
2024,AH,ordinary_undergraduate,physics,1743,005,,576,41492,,,,,,src_collected_ah_2024_group_admission
2024,AH,ordinary_undergraduate,physics,1743,006,,550,64778,,,,,,src_collected_ah_2024_group_admission
2024,AH,ordinary_undergraduate,physics,1744,004,,636,9045,,,,,,src_collected_ah_2024_group_admission
2024,AH,ordinary_undergraduate,physics,1744,005,,633,9898,,,,,,src_collected_ah_2024_group_admission
2024,AH,ordinary_undergraduate,physics,1745,005,,650,4903,,,,,,src_collected_ah_2024_group_admission
2024,AH,ordinary_undergraduate,physics,1745,006,,650,4873,,,,,,src_collected_ah_2024_group_admission
2024,AH,ordinary_undergraduate,physics,1746,003,,602,24409,,,,,,src_collected_ah_2024_group_admission
2024,AH,ordinary_undergraduate,physics,1746,004,,616,16939,,,,,,src_collected_ah_2024_group_admission
2024,AH,ordinary_undergraduate,physics,1747,005,,649,5174,,,,,,src_collected_ah_2024_group_admission
2024,AH,ordinary_undergraduate,physics,1747,006,,648,5264,,,,,,src_collected_ah_2024_group_admission
2024,AH,ordinary_undergraduate,physics,1748,001,,585,34780,,,,,,src_collected_ah_2024_group_admission
2024,AH,ordinary_undergraduate,physics,1748,002,,577,40912,,,,,,src_collected_ah_2024_group_admission
2024,AH,ordinary_undergraduate,physics,1749,001,,596,28137,,,,,,src_collected_ah_2024_group_admission
2024,AH,ordinary_undergraduate,physics,1749,002,,612,18921,,,,,,src_collected_ah_2024_group_admission
2024,AH,ordinary_undergraduate,physics,1750,003,,558,56951,,,,,,src_collected_ah_2024_group_admission
2024,AH,ordinary_undergraduate,physics,1750,005,,570,46044,,,,,,src_collected_ah_2024_group_admission
2024,AH,ordinary_undergraduate,physics,1751,003,,665,2058,,,,,,src_collected_ah_2024_group_admission
2024,AH,ordinary_undergraduate,physics,1751,004,,662,2492,,,,,,src_collected_ah_2024_group_admission
2024,AH,ordinary_undergraduate,physics,1751,005,,642,6942,,,,,,src_collected_ah_2024_group_admission
2024,AH,ordinary_undergraduate,physics,1751,006,,605,22446,,,,,,src_collected_ah_2024_group_admission
2024,AH,ordinary_undergraduate,physics,1751,007,,645,6119,,,,,,src_collected_ah_2024_group_admission
2024,AH,ordinary_undergraduate,physics,1752,003,,597,27234,,,,,,src_collected_ah_2024_group_admission
2024,AH,ordinary_undergraduate,physics,1752,005,,603,23564,,,,,,src_collected_ah_2024_group_admission
2024,AH,ordinary_undergraduate,physics,1752,007,,606,22114,,,,,,src_collected_ah_2024_group_admission
2024,AH,ordinary_undergraduate,physics,1752,008,,611,19638,,,,,,src_collected_ah_2024_group_admission
2024,AH,ordinary_undergraduate,physics,1753,011,,627,12235,,,,,,src_collected_ah_2024_group_admission
2024,AH,ordinary_undergraduate,physics,1754,001,,507,116136,,,,,,src_collected_ah_2024_group_admission
2024,AH,ordinary_undergraduate,physics,1755,001,,515,105259,,,,,,src_collected_ah_2024_group_admission
2024,AH,ordinary_undergraduate,physics,1755,002,,515,106049,,,,,,src_collected_ah_2024_group_admission
2024,AH,ordinary_undergraduate,physics,1755,003,,524,94092,,,,,,src_collected_ah_2024_group_admission
2024,AH,ordinary_undergraduate,physics,1756,001,,508,114260,,,,,,src_collected_ah_2024_group_admission
2024,AH,ordinary_undergraduate,physics,1758,001,,518,100862,,,,,,src_collected_ah_2024_group_admission
2024,AH,ordinary_undergraduate,physics,1760,001,,478,157037,,,,,,src_collected_ah_2024_group_admission
2024,AH,ordinary_undergraduate,physics,1760,002,,477,158714,,,,,,src_collected_ah_2024_group_admission
2024,AH,ordinary_undergraduate,physics,1762,002,,488,142609,,,,,,src_collected_ah_2024_group_admission
2024,AH,ordinary_undergraduate,physics,1766,001,,501,124990,,,,,,src_collected_ah_2024_group_admission
2024,AH,ordinary_undergraduate,physics,1769,001,,483,149677,,,,,,src_collected_ah_2024_group_admission
2024,AH,ordinary_undergraduate,physics,1769,002,,478,157711,,,,,,src_collected_ah_2024_group_admission
2024,AH,ordinary_undergraduate,physics,1770,001,,523,95364,,,,,,src_collected_ah_2024_group_admission
2024,AH,ordinary_undergraduate,physics,1770,003,,534,81180,,,,,,src_collected_ah_2024_group_admission
2024,AH,ordinary_undergraduate,physics,1771,005,,634,9705,,,,,,src_collected_ah_2024_group_admission
2024,AH,ordinary_undergraduate,physics,1771,006,,656,3548,,,,,,src_collected_ah_2024_group_admission
2024,AH,ordinary_undergraduate,physics,1771,007,,644,6493,,,,,,src_collected_ah_2024_group_admission
2024,AH,ordinary_undergraduate,physics,1771,008,,648,5437,,,,,,src_collected_ah_2024_group_admission
2024,AH,ordinary_undergraduate,physics,1771,009,,650,4973,,,,,,src_collected_ah_2024_group_admission
2024,AH,ordinary_undergraduate,physics,1771,051,,645,6202,,,,,,src_collected_ah_2024_group_admission
2024,AH,ordinary_undergraduate,physics,1771,052,,647,5603,,,,,,src_collected_ah_2024_group_admission
2024,AH,ordinary_undergraduate,physics,1771,053,,636,9029,,,,,,src_collected_ah_2024_group_admission
2024,AH,ordinary_undergraduate,physics,1771,054,,640,7616,,,,,,src_collected_ah_2024_group_admission
2024,AH,ordinary_undergraduate,physics,1773,001,,465,175260,,,,,,src_collected_ah_2024_group_admission
2024,AH,ordinary_undergraduate,physics,1774,001,,485,147751,,,,,,src_collected_ah_2024_group_admission
2024,AH,ordinary_undergraduate,physics,1775,002,,490,141032,,,,,,src_collected_ah_2024_group_admission
2024,AH,ordinary_undergraduate,physics,1777,001,,500,126223,,,,,,src_collected_ah_2024_group_admission
2024,AH,ordinary_undergraduate,physics,1777,002,,492,137907,,,,,,src_collected_ah_2024_group_admission
2024,AH,ordinary_undergraduate,physics,1777,003,,494,135338,,,,,,src_collected_ah_2024_group_admission
2024,AH,ordinary_undergraduate,physics,1778,001,,505,119580,,,,,,src_collected_ah_2024_group_admission
2024,AH,ordinary_undergraduate,physics,1778,003,,508,114424,,,,,,src_collected_ah_2024_group_admission
2024,AH,ordinary_undergraduate,physics,1779,001,,466,174507,,,,,,src_collected_ah_2024_group_admission
2024,AH,ordinary_undergraduate,physics,1779,003,,472,166202,,,,,,src_collected_ah_2024_group_admission
2024,AH,ordinary_undergraduate,physics,1780,001,,512,110157,,,,,,src_collected_ah_2024_group_admission
2024,AH,ordinary_undergraduate,physics,1781,002,,510,112729,,,,,,src_collected_ah_2024_group_admission
2024,AH,ordinary_undergraduate,physics,1781,003,,511,110422,,,,,,src_collected_ah_2024_group_admission
2024,AH,ordinary_undergraduate,physics,1781,004,,500,125918,,,,,,src_collected_ah_2024_group_admission
2024,AH,ordinary_undergraduate,physics,1781,006,,509,113175,,,,,,src_collected_ah_2024_group_admission
2024,AH,ordinary_undergraduate,physics,1782,001,,492,138156,,,,,,src_collected_ah_2024_group_admission
2024,AH,ordinary_undergraduate,physics,1783,001,,516,104426,,,,,,src_collected_ah_2024_group_admission
2024,AH,ordinary_undergraduate,physics,1783,002,,522,96572,,,,,,src_collected_ah_2024_group_admission
2024,AH,ordinary_undergraduate,physics,1783,003,,514,106358,,,,,,src_collected_ah_2024_group_admission
2024,AH,ordinary_undergraduate,physics,1783,004,,511,110328,,,,,,src_collected_ah_2024_group_admission
2024,AH,ordinary_undergraduate,physics,1784,001,,475,162068,,,,,,src_collected_ah_2024_group_admission
2024,AH,ordinary_undergraduate,physics,1784,002,,472,165446,,,,,,src_collected_ah_2024_group_admission
2024,AH,ordinary_undergraduate,physics,1784,003,,471,167120,,,,,,src_collected_ah_2024_group_admission
2024,AH,ordinary_undergraduate,physics,1789,001,,479,155331,,,,,,src_collected_ah_2024_group_admission
2024,AH,ordinary_undergraduate,physics,1790,001,,507,116065,,,,,,src_collected_ah_2024_group_admission
2024,AH,ordinary_undergraduate,physics,1790,002,,507,115781,,,,,,src_collected_ah_2024_group_admission
2024,AH,ordinary_undergraduate,physics,1790,003,,500,126109,,,,,,src_collected_ah_2024_group_admission
2024,AH,ordinary_undergraduate,physics,1790,004,,517,103421,,,,,,src_collected_ah_2024_group_admission
2024,AH,ordinary_undergraduate,physics,1790,005,,544,70288,,,,,,src_collected_ah_2024_group_admission
2024,AH,ordinary_undergraduate,physics,1790,006,,540,75288,,,,,,src_collected_ah_2024_group_admission
2024,AH,ordinary_undergraduate,physics,1791,001,,485,147844,,,,,,src_collected_ah_2024_group_admission
2024,AH,ordinary_undergraduate,physics,1791,002,,479,156677,,,,,,src_collected_ah_2024_group_admission
2024,AH,ordinary_undergraduate,physics,1792,001,,523,95493,,,,,,src_collected_ah_2024_group_admission
2024,AH,ordinary_undergraduate,physics,1792,002,,516,104319,,,,,,src_collected_ah_2024_group_admission
2024,AH,ordinary_undergraduate,physics,1793,005,,573,43390,,,,,,src_collected_ah_2024_group_admission
2024,AH,ordinary_undergraduate,physics,1793,006,,580,38797,,,,,,src_collected_ah_2024_group_admission
2024,AH,ordinary_undergraduate,physics,1793,007,,557,57864,,,,,,src_collected_ah_2024_group_admission
2024,AH,ordinary_undergraduate,physics,1793,008,,585,34844,,,,,,src_collected_ah_2024_group_admission
2024,AH,ordinary_undergraduate,physics,1794,001,,483,149651,,,,,,src_collected_ah_2024_group_admission
2024,AH,ordinary_undergraduate,physics,1795,005,,562,53321,,,,,,src_collected_ah_2024_group_admission
2024,AH,ordinary_undergraduate,physics,1795,006,,559,55326,,,,,,src_collected_ah_2024_group_admission
2024,AH,ordinary_undergraduate,physics,1795,007,,578,40095,,,,,,src_collected_ah_2024_group_admission
2024,AH,ordinary_undergraduate,physics,1795,008,,568,47374,,,,,,src_collected_ah_2024_group_admission
2024,AH,ordinary_undergraduate,physics,1795,009,,569,47117,,,,,,src_collected_ah_2024_group_admission
2024,AH,ordinary_undergraduate,physics,1799,002,,509,113918,,,,,,src_collected_ah_2024_group_admission
2024,AH,ordinary_undergraduate,physics,1799,003,,495,133669,,,,,,src_collected_ah_2024_group_admission
2024,AH,ordinary_undergraduate,physics,1800,001,,502,123018,,,,,,src_collected_ah_2024_group_admission
2024,AH,ordinary_undergraduate,physics,1800,002,,511,111196,,,,,,src_collected_ah_2024_group_admission
2024,AH,ordinary_undergraduate,physics,1800,003,,520,98944,,,,,,src_collected_ah_2024_group_admission
2024,AH,ordinary_undergraduate,physics,1800,004,,506,117419,,,,,,src_collected_ah_2024_group_admission
2024,AH,ordinary_undergraduate,physics,1803,003,,596,28047,,,,,,src_collected_ah_2024_group_admission
2024,AH,ordinary_undergraduate,physics,1803,004,,611,19389,,,,,,src_collected_ah_2024_group_admission
2024,AH,ordinary_undergraduate,physics,1803,007,,627,12191,,,,,,src_collected_ah_2024_group_admission
2024,AH,ordinary_undergraduate,physics,1803,008,,623,13902,,,,,,src_collected_ah_2024_group_admission
2024,AH,ordinary_undergraduate,physics,1806,001,,494,134093,,,,,,src_collected_ah_2024_group_admission
2024,AH,ordinary_undergraduate,physics,1806,002,,496,131094,,,,,,src_collected_ah_2024_group_admission
2024,AH,ordinary_undergraduate,physics,1806,003,,501,125230,,,,,,src_collected_ah_2024_group_admission
2024,AH,ordinary_undergraduate,physics,1806,005,,496,131552,,,,,,src_collected_ah_2024_group_admission
2024,AH,ordinary_undergraduate,physics,1806,006,,512,109774,,,,,,src_collected_ah_2024_group_admission
2024,AH,ordinary_undergraduate,physics,1806,007,,505,118910,,,,,,src_collected_ah_2024_group_admission
2024,AH,ordinary_undergraduate,physics,1807,001,,536,79777,,,,,,src_collected_ah_2024_group_admission
2024,AH,ordinary_undergraduate,physics,1807,002,,545,68991,,,,,,src_collected_ah_2024_group_admission
2024,AH,ordinary_undergraduate,physics,1808,002,,524,93772,,,,,,src_collected_ah_2024_group_admission
2024,AH,ordinary_undergraduate,physics,1811,001,,504,121082,,,,,,src_collected_ah_2024_group_admission
2024,AH,ordinary_undergraduate,physics,1811,002,,511,111236,,,,,,src_collected_ah_2024_group_admission
2024,AH,ordinary_undergraduate,physics,1811,003,,488,142760,,,,,,src_collected_ah_2024_group_admission
2024,AH,ordinary_undergraduate,physics,1811,004,,492,137384,,,,,,src_collected_ah_2024_group_admission
2024,AH,ordinary_undergraduate,physics,1811,005,,509,113112,,,,,,src_collected_ah_2024_group_admission
2024,AH,ordinary_undergraduate,physics,1814,001,,555,59678,,,,,,src_collected_ah_2024_group_admission
2024,AH,ordinary_undergraduate,physics,1817,005,,618,16288,,,,,,src_collected_ah_2024_group_admission
2024,AH,ordinary_undergraduate,physics,1817,006,,619,15627,,,,,,src_collected_ah_2024_group_admission
2024,AH,ordinary_undergraduate,physics,1817,007,,616,17183,,,,,,src_collected_ah_2024_group_admission
2024,AH,ordinary_undergraduate,physics,1817,009,,629,11428,,,,,,src_collected_ah_2024_group_admission
2024,AH,ordinary_undergraduate,physics,1817,051,,628,11758,,,,,,src_collected_ah_2024_group_admission
2024,AH,ordinary_undergraduate,physics,1817,052,,620,15330,,,,,,src_collected_ah_2024_group_admission
2024,AH,ordinary_undergraduate,physics,1817,053,,623,14035,,,,,,src_collected_ah_2024_group_admission
2024,AH,ordinary_undergraduate,physics,1817,054,,632,10473,,,,,,src_collected_ah_2024_group_admission
2024,AH,ordinary_undergraduate,physics,1817,055,,617,16745,,,,,,src_collected_ah_2024_group_admission
2024,AH,ordinary_undergraduate,physics,1817,056,,630,11161,,,,,,src_collected_ah_2024_group_admission
2024,AH,ordinary_undergraduate,physics,1817,057,,624,13681,,,,,,src_collected_ah_2024_group_admission
2024,AH,ordinary_undergraduate,physics,1817,058,,599,26060,,,,,,src_collected_ah_2024_group_admission
2024,AH,ordinary_undergraduate,physics,1817,059,,632,10538,,,,,,src_collected_ah_2024_group_admission
2024,AH,ordinary_undergraduate,physics,1817,060,,633,9908,,,,,,src_collected_ah_2024_group_admission
2024,AH,ordinary_undergraduate,physics,1817,061,,629,11547,,,,,,src_collected_ah_2024_group_admission
2024,AH,ordinary_undergraduate,physics,1817,062,,629,11542,,,,,,src_collected_ah_2024_group_admission
2024,AH,ordinary_undergraduate,physics,1817,063,,630,11313,,,,,,src_collected_ah_2024_group_admission
2024,AH,ordinary_undergraduate,physics,1817,064,,631,10936,,,,,,src_collected_ah_2024_group_admission
2024,AH,ordinary_undergraduate,physics,1817,065,,635,9197,,,,,,src_collected_ah_2024_group_admission
2024,AH,ordinary_undergraduate,physics,1824,002,,599,25931,,,,,,src_collected_ah_2024_group_admission
2024,AH,ordinary_undergraduate,physics,1824,003,,599,25868,,,,,,src_collected_ah_2024_group_admission
2024,AH,ordinary_undergraduate,physics,1825,001,,489,142167,,,,,,src_collected_ah_2024_group_admission
2024,AH,ordinary_undergraduate,physics,1826,001,,527,89461,,,,,,src_collected_ah_2024_group_admission
2024,AH,ordinary_undergraduate,physics,1830,001,,557,57935,,,,,,src_collected_ah_2024_group_admission
2024,AH,ordinary_undergraduate,physics,1836,002,,589,32334,,,,,,src_collected_ah_2024_group_admission
2024,AH,ordinary_undergraduate,physics,1836,003,,583,36254,,,,,,src_collected_ah_2024_group_admission
2024,AH,ordinary_undergraduate,physics,1836,051,,598,26455,,,,,,src_collected_ah_2024_group_admission
2024,AH,ordinary_undergraduate,physics,1836,052,,587,33905,,,,,,src_collected_ah_2024_group_admission
2024,AH,ordinary_undergraduate,physics,1836,053,,598,26659,,,,,,src_collected_ah_2024_group_admission
2024,AH,ordinary_undergraduate,physics,1837,001,,498,129396,,,,,,src_collected_ah_2024_group_admission
2024,AH,ordinary_undergraduate,physics,1837,002,,487,144514,,,,,,src_collected_ah_2024_group_admission
2024,AH,ordinary_undergraduate,physics,1837,003,,487,144521,,,,,,src_collected_ah_2024_group_admission
2024,AH,ordinary_undergraduate,physics,1838,001,,525,92601,,,,,,src_collected_ah_2024_group_admission
2024,AH,ordinary_undergraduate,physics,1838,002,,534,81703,,,,,,src_collected_ah_2024_group_admission
2024,AH,ordinary_undergraduate,physics,1843,001,,567,48377,,,,,,src_collected_ah_2024_group_admission
2024,AH,ordinary_undergraduate,physics,1844,001,,485,147472,,,,,,src_collected_ah_2024_group_admission
2024,AH,ordinary_undergraduate,physics,1844,002,,497,130052,,,,,,src_collected_ah_2024_group_admission
2024,AH,ordinary_undergraduate,physics,1844,003,,486,146744,,,,,,src_collected_ah_2024_group_admission
2024,AH,ordinary_undergraduate,physics,1844,004,,477,158214,,,,,,src_collected_ah_2024_group_admission
2024,AH,ordinary_undergraduate,physics,1849,001,,595,28396,,,,,,src_collected_ah_2024_group_admission
2024,AH,ordinary_undergraduate,physics,1849,002,,572,44119,,,,,,src_collected_ah_2024_group_admission
2024,AH,ordinary_undergraduate,physics,1849,003,,572,44544,,,,,,src_collected_ah_2024_group_admission
2024,AH,ordinary_undergraduate,physics,1849,006,,571,45499,,,,,,src_collected_ah_2024_group_admission
2024,AH,ordinary_undergraduate,physics,1850,002,,485,147322,,,,,,src_collected_ah_2024_group_admission
2024,AH,ordinary_undergraduate,physics,1850,003,,493,136393,,,,,,src_collected_ah_2024_group_admission
2024,AH,ordinary_undergraduate,physics,1854,001,,489,141080,,,,,,src_collected_ah_2024_group_admission
2024,AH,ordinary_undergraduate,physics,1854,002,,508,114709,,,,,,src_collected_ah_2024_group_admission
2024,AH,ordinary_undergraduate,physics,1856,002,,468,171864,,,,,,src_collected_ah_2024_group_admission
2024,AH,ordinary_undergraduate,physics,1857,001,,483,149709,,,,,,src_collected_ah_2024_group_admission
2024,AH,ordinary_undergraduate,physics,1869,001,,524,93714,,,,,,src_collected_ah_2024_group_admission
2024,AH,ordinary_undergraduate,physics,1869,002,,520,98788,,,,,,src_collected_ah_2024_group_admission
2024,AH,ordinary_undergraduate,physics,1870,001,,508,114722,,,,,,src_collected_ah_2024_group_admission
2024,AH,ordinary_undergraduate,physics,1870,002,,509,113703,,,,,,src_collected_ah_2024_group_admission
2024,AH,ordinary_undergraduate,physics,1870,003,,510,112658,,,,,,src_collected_ah_2024_group_admission
2024,AH,ordinary_undergraduate,physics,1871,001,,489,142161,,,,,,src_collected_ah_2024_group_admission
2024,AH,ordinary_undergraduate,physics,1871,002,,485,147315,,,,,,src_collected_ah_2024_group_admission
2024,AH,ordinary_undergraduate,physics,1873,001,,549,65379,,,,,,src_collected_ah_2024_group_admission
2024,AH,ordinary_undergraduate,physics,1873,002,,551,63249,,,,,,src_collected_ah_2024_group_admission
2024,AH,ordinary_undergraduate,physics,1873,003,,578,39987,,,,,,src_collected_ah_2024_group_admission
2024,AH,ordinary_undergraduate,physics,1873,004,,570,46096,,,,,,src_collected_ah_2024_group_admission
2024,AH,ordinary_undergraduate,physics,1875,001,,521,97993,,,,,,src_collected_ah_2024_group_admission
2024,AH,ordinary_undergraduate,physics,1875,002,,523,95111,,,,,,src_collected_ah_2024_group_admission
2024,AH,ordinary_undergraduate,physics,1875,003,,552,62185,,,,,,src_collected_ah_2024_group_admission
2024,AH,ordinary_undergraduate,physics,1875,004,,549,65676,,,,,,src_collected_ah_2024_group_admission
2024,AH,ordinary_undergraduate,physics,1876,001,,482,152263,,,,,,src_collected_ah_2024_group_admission
2024,AH,ordinary_undergraduate,physics,1876,002,,489,141363,,,,,,src_collected_ah_2024_group_admission
2024,AH,ordinary_undergraduate,physics,1876,003,,513,107951,,,,,,src_collected_ah_2024_group_admission
2024,AH,ordinary_undergraduate,physics,1878,002,,469,169638,,,,,,src_collected_ah_2024_group_admission
2024,AH,ordinary_undergraduate,physics,1880,001,,538,77239,,,,,,src_collected_ah_2024_group_admission
2024,AH,ordinary_undergraduate,physics,1880,002,,533,82932,,,,,,src_collected_ah_2024_group_admission
2024,AH,ordinary_undergraduate,physics,1880,003,,537,78063,,,,,,src_collected_ah_2024_group_admission
2024,AH,ordinary_undergraduate,physics,1880,004,,571,45613,,,,,,src_collected_ah_2024_group_admission
2024,AH,ordinary_undergraduate,physics,1881,001,,485,147927,,,,,,src_collected_ah_2024_group_admission
2024,AH,ordinary_undergraduate,physics,1881,002,,484,149026,,,,,,src_collected_ah_2024_group_admission
2024,AH,ordinary_undergraduate,physics,1895,001,,473,164579,,,,,,src_collected_ah_2024_group_admission
2024,AH,ordinary_undergraduate,physics,1895,002,,470,169155,,,,,,src_collected_ah_2024_group_admission
2024,AH,ordinary_undergraduate,physics,1895,003,,467,173124,,,,,,src_collected_ah_2024_group_admission
2024,AH,ordinary_undergraduate,physics,1899,001,,510,111820,,,,,,src_collected_ah_2024_group_admission
2024,AH,ordinary_undergraduate,physics,1899,002,,516,104735,,,,,,src_collected_ah_2024_group_admission
2024,AH,ordinary_undergraduate,physics,1899,003,,542,73206,,,,,,src_collected_ah_2024_group_admission
2024,AH,ordinary_undergraduate,physics,1899,004,,527,89452,,,,,,src_collected_ah_2024_group_admission
2024,AH,ordinary_undergraduate,physics,1908,001,,533,83208,,,,,,src_collected_ah_2024_group_admission
2024,AH,ordinary_undergraduate,physics,1908,002,,534,81411,,,,,,src_collected_ah_2024_group_admission
2024,AH,ordinary_undergraduate,physics,1911,001,,499,127019,,,,,,src_collected_ah_2024_group_admission
2024,AH,ordinary_undergraduate,physics,1911,002,,547,66972,,,,,,src_collected_ah_2024_group_admission
2024,AH,ordinary_undergraduate,physics,1911,003,,514,107037,,,,,,src_collected_ah_2024_group_admission
2024,AH,ordinary_undergraduate,physics,1911,004,,513,107466,,,,,,src_collected_ah_2024_group_admission
2024,AH,ordinary_undergraduate,physics,1912,001,,494,134736,,,,,,src_collected_ah_2024_group_admission
2024,AH,ordinary_undergraduate,physics,1913,001,,487,144864,,,,,,src_collected_ah_2024_group_admission
2024,AH,ordinary_undergraduate,physics,1914,001,,488,143684,,,,,,src_collected_ah_2024_group_admission
2024,AH,ordinary_undergraduate,physics,1914,002,,489,141988,,,,,,src_collected_ah_2024_group_admission
2024,AH,ordinary_undergraduate,physics,1915,001,,496,132036,,,,,,src_collected_ah_2024_group_admission
2024,AH,ordinary_undergraduate,physics,1915,002,,501,125155,,,,,,src_collected_ah_2024_group_admission
2024,AH,ordinary_undergraduate,physics,1919,001,,507,116857,,,,,,src_collected_ah_2024_group_admission
2024,AH,ordinary_undergraduate,physics,1919,002,,509,113711,,,,,,src_collected_ah_2024_group_admission
2024,AH,ordinary_undergraduate,physics,1920,001,,527,90125,,,,,,src_collected_ah_2024_group_admission
2024,AH,ordinary_undergraduate,physics,1920,002,,523,94580,,,,,,src_collected_ah_2024_group_admission
2024,AH,ordinary_undergraduate,physics,1920,003,,527,89650,,,,,,src_collected_ah_2024_group_admission
2024,AH,ordinary_undergraduate,physics,1922,001,,518,100833,,,,,,src_collected_ah_2024_group_admission
2024,AH,ordinary_undergraduate,physics,1925,001,,501,124198,,,,,,src_collected_ah_2024_group_admission
2024,AH,ordinary_undergraduate,physics,1929,002,,490,141023,,,,,,src_collected_ah_2024_group_admission
2024,AH,ordinary_undergraduate,physics,1929,003,,489,142329,,,,,,src_collected_ah_2024_group_admission
2024,AH,ordinary_undergraduate,physics,1934,001,,629,11526,,,,,,src_collected_ah_2024_group_admission
2024,AH,ordinary_undergraduate,physics,1934,002,,608,21074,,,,,,src_collected_ah_2024_group_admission
2024,AH,ordinary_undergraduate,physics,1934,003,,590,31826,,,,,,src_collected_ah_2024_group_admission
2024,AH,ordinary_undergraduate,physics,1937,001,,548,66684,,,,,,src_collected_ah_2024_group_admission
2024,AH,ordinary_undergraduate,physics,1937,006,,565,50162,,,,,,src_collected_ah_2024_group_admission
2024,AH,ordinary_undergraduate,physics,1938,002,,485,147053,,,,,,src_collected_ah_2024_group_admission
2024,AH,ordinary_undergraduate,physics,1938,003,,471,167523,,,,,,src_collected_ah_2024_group_admission
2024,AH,ordinary_undergraduate,physics,1940,001,,484,148594,,,,,,src_collected_ah_2024_group_admission
2024,AH,ordinary_undergraduate,physics,1940,002,,469,169703,,,,,,src_collected_ah_2024_group_admission
2024,AH,ordinary_undergraduate,physics,1941,001,,518,101960,,,,,,src_collected_ah_2024_group_admission
2024,AH,ordinary_undergraduate,physics,1941,002,,500,126402,,,,,,src_collected_ah_2024_group_admission
2024,AH,ordinary_undergraduate,physics,1941,003,,515,105196,,,,,,src_collected_ah_2024_group_admission
2024,AH,ordinary_undergraduate,physics,1941,004,,549,65678,,,,,,src_collected_ah_2024_group_admission
2024,AH,ordinary_undergraduate,physics,1943,001,,557,57671,,,,,,src_collected_ah_2024_group_admission
2024,AH,ordinary_undergraduate,physics,1944,001,,514,107332,,,,,,src_collected_ah_2024_group_admission
2024,AH,ordinary_undergraduate,physics,1944,002,,531,85108,,,,,,src_collected_ah_2024_group_admission
2024,AH,ordinary_undergraduate,physics,1944,003,,511,111222,,,,,,src_collected_ah_2024_group_admission
2024,AH,ordinary_undergraduate,physics,1950,001,,473,164887,,,,,,src_collected_ah_2024_group_admission
2024,AH,ordinary_undergraduate,physics,1950,002,,473,164459,,,,,,src_collected_ah_2024_group_admission
2024,AH,ordinary_undergraduate,physics,1951,001,,511,110977,,,,,,src_collected_ah_2024_group_admission
2024,AH,ordinary_undergraduate,physics,1951,002,,512,109858,,,,,,src_collected_ah_2024_group_admission
2024,AH,ordinary_undergraduate,physics,1951,003,,514,107112,,,,,,src_collected_ah_2024_group_admission
2024,AH,ordinary_undergraduate,physics,1952,001,,488,143924,,,,,,src_collected_ah_2024_group_admission
2024,AH,ordinary_undergraduate,physics,1952,003,,488,143479,,,,,,src_collected_ah_2024_group_admission
2024,AH,ordinary_undergraduate,physics,1952,008,,486,146006,,,,,,src_collected_ah_2024_group_admission
2024,AH,ordinary_undergraduate,physics,1953,004,,631,10894,,,,,,src_collected_ah_2024_group_admission
2024,AH,ordinary_undergraduate,physics,1953,005,,639,7907,,,,,,src_collected_ah_2024_group_admission
2024,AH,ordinary_undergraduate,physics,1953,006,,626,12589,,,,,,src_collected_ah_2024_group_admission
2024,AH,ordinary_undergraduate,physics,1954,002,,465,175204,,,,,,src_collected_ah_2024_group_admission
2024,AH,ordinary_undergraduate,physics,1955,001,,495,133039,,,,,,src_collected_ah_2024_group_admission
2024,AH,ordinary_undergraduate,physics,1956,001,,544,70676,,,,,,src_collected_ah_2024_group_admission
2024,AH,ordinary_undergraduate,physics,1956,002,,548,66422,,,,,,src_collected_ah_2024_group_admission
2024,AH,ordinary_undergraduate,physics,1957,001,,520,98220,,,,,,src_collected_ah_2024_group_admission
2024,AH,ordinary_undergraduate,physics,1958,001,,492,136799,,,,,,src_collected_ah_2024_group_admission
2024,AH,ordinary_undergraduate,physics,1959,001,,507,116844,,,,,,src_collected_ah_2024_group_admission
2024,AH,ordinary_undergraduate,physics,1960,001,,467,172982,,,,,,src_collected_ah_2024_group_admission
2024,AH,ordinary_undergraduate,physics,1960,002,,468,171447,,,,,,src_collected_ah_2024_group_admission
2024,AH,ordinary_undergraduate,physics,1961,002,,492,137886,,,,,,src_collected_ah_2024_group_admission
2024,AH,ordinary_undergraduate,physics,1962,002,,493,135887,,,,,,src_collected_ah_2024_group_admission
2024,AH,ordinary_undergraduate,physics,1962,004,,512,109540,,,,,,src_collected_ah_2024_group_admission
2024,AH,ordinary_undergraduate,physics,1964,001,,489,142403,,,,,,src_collected_ah_2024_group_admission
2024,AH,ordinary_undergraduate,physics,1964,002,,497,130588,,,,,,src_collected_ah_2024_group_admission
2024,AH,ordinary_undergraduate,physics,1964,003,,503,122549,,,,,,src_collected_ah_2024_group_admission
2024,AH,ordinary_undergraduate,physics,1965,001,,468,170808,,,,,,src_collected_ah_2024_group_admission
2024,AH,ordinary_undergraduate,physics,1965,002,,466,173603,,,,,,src_collected_ah_2024_group_admission
2024,AH,ordinary_undergraduate,physics,1966,001,,506,117517,,,,,,src_collected_ah_2024_group_admission
2024,AH,ordinary_undergraduate,physics,1966,002,,558,56495,,,,,,src_collected_ah_2024_group_admission
2024,AH,ordinary_undergraduate,physics,1966,003,,511,110393,,,,,,src_collected_ah_2024_group_admission
2024,AH,ordinary_undergraduate,physics,1966,004,,526,91697,,,,,,src_collected_ah_2024_group_admission
2024,AH,ordinary_undergraduate,physics,1970,001,,487,144763,,,,,,src_collected_ah_2024_group_admission
2024,AH,ordinary_undergraduate,physics,1970,002,,489,142055,,,,,,src_collected_ah_2024_group_admission
2024,AH,ordinary_undergraduate,physics,1970,003,,489,142007,,,,,,src_collected_ah_2024_group_admission
2024,AH,ordinary_undergraduate,physics,1971,002,,469,169636,,,,,,src_collected_ah_2024_group_admission
2024,AH,ordinary_undergraduate,physics,1971,003,,466,173955,,,,,,src_collected_ah_2024_group_admission
2024,AH,ordinary_undergraduate,physics,1972,001,,465,176036,,,,,,src_collected_ah_2024_group_admission
2024,AH,ordinary_undergraduate,physics,1972,002,,465,175907,,,,,,src_collected_ah_2024_group_admission
2024,AH,ordinary_undergraduate,physics,1972,003,,466,174178,,,,,,src_collected_ah_2024_group_admission
2024,AH,ordinary_undergraduate,physics,1973,002,,592,30296,,,,,,src_collected_ah_2024_group_admission
2024,AH,ordinary_undergraduate,physics,1973,003,,598,26450,,,,,,src_collected_ah_2024_group_admission
2024,AH,ordinary_undergraduate,physics,1973,004,,594,29313,,,,,,src_collected_ah_2024_group_admission
2024,AH,ordinary_undergraduate,physics,1973,005,,594,29056,,,,,,src_collected_ah_2024_group_admission
2024,AH,ordinary_undergraduate,physics,1973,008,,598,26817,,,,,,src_collected_ah_2024_group_admission
2024,AH,ordinary_undergraduate,physics,1973,009,,605,22391,,,,,,src_collected_ah_2024_group_admission
2024,AH,ordinary_undergraduate,physics,1973,010,,585,35025,,,,,,src_collected_ah_2024_group_admission
2024,AH,ordinary_undergraduate,physics,1976,003,,532,83836,,,,,,src_collected_ah_2024_group_admission
2024,AH,ordinary_undergraduate,physics,1978,001,,513,108003,,,,,,src_collected_ah_2024_group_admission
2024,AH,ordinary_undergraduate,physics,1978,002,,521,97186,,,,,,src_collected_ah_2024_group_admission
2024,AH,ordinary_undergraduate,physics,1981,001,,478,157257,,,,,,src_collected_ah_2024_group_admission
2024,AH,ordinary_undergraduate,physics,1986,002,,519,99735,,,,,,src_collected_ah_2024_group_admission
2024,AH,ordinary_undergraduate,physics,1988,001,,467,173140,,,,,,src_collected_ah_2024_group_admission
2024,AH,ordinary_undergraduate,physics,1988,002,,473,164779,,,,,,src_collected_ah_2024_group_admission
2024,AH,ordinary_undergraduate,physics,1989,001,,465,176146,,,,,,src_collected_ah_2024_group_admission
2024,AH,ordinary_undergraduate,physics,1989,002,,465,175459,,,,,,src_collected_ah_2024_group_admission
2024,AH,ordinary_undergraduate,physics,1995,001,,516,103646,,,,,,src_collected_ah_2024_group_admission
2024,AH,ordinary_undergraduate,physics,1995,003,,535,80927,,,,,,src_collected_ah_2024_group_admission
2024,AH,ordinary_undergraduate,physics,1996,001,,478,157470,,,,,,src_collected_ah_2024_group_admission
2024,AH,ordinary_undergraduate,physics,1996,002,,473,164058,,,,,,src_collected_ah_2024_group_admission
2024,AH,ordinary_undergraduate,physics,1998,002,,525,91919,,,,,,src_collected_ah_2024_group_admission
2024,AH,ordinary_undergraduate,physics,1998,003,,528,88803,,,,,,src_collected_ah_2024_group_admission
2024,AH,ordinary_undergraduate,physics,2005,001,,511,111412,,,,,,src_collected_ah_2024_group_admission
2024,AH,ordinary_undergraduate,physics,2005,002,,496,131809,,,,,,src_collected_ah_2024_group_admission
2024,AH,ordinary_undergraduate,physics,2005,003,,505,119235,,,,,,src_collected_ah_2024_group_admission
2024,AH,ordinary_undergraduate,physics,2005,004,,510,112859,,,,,,src_collected_ah_2024_group_admission
2024,AH,ordinary_undergraduate,physics,2006,001,,484,148618,,,,,,src_collected_ah_2024_group_admission
2024,AH,ordinary_undergraduate,physics,2010,001,,521,97007,,,,,,src_collected_ah_2024_group_admission
2024,AH,ordinary_undergraduate,physics,2010,002,,512,109388,,,,,,src_collected_ah_2024_group_admission
2024,AH,ordinary_undergraduate,physics,2011,001,,485,148096,,,,,,src_collected_ah_2024_group_admission
2024,AH,ordinary_undergraduate,physics,2011,003,,480,155179,,,,,,src_collected_ah_2024_group_admission
2024,AH,ordinary_undergraduate,physics,2011,004,,487,144074,,,,,,src_collected_ah_2024_group_admission
2024,AH,ordinary_undergraduate,physics,2014,001,,525,92950,,,,,,src_collected_ah_2024_group_admission
2024,AH,ordinary_undergraduate,physics,2017,001,,508,114236,,,,,,src_collected_ah_2024_group_admission
2024,AH,ordinary_undergraduate,physics,2017,002,,500,125831,,,,,,src_collected_ah_2024_group_admission
2024,AH,ordinary_undergraduate,physics,2017,003,,496,131869,,,,,,src_collected_ah_2024_group_admission
2024,AH,ordinary_undergraduate,physics,2017,004,,499,126782,,,,,,src_collected_ah_2024_group_admission
2024,AH,ordinary_undergraduate,physics,2018,001,,465,175935,,,,,,src_collected_ah_2024_group_admission
2024,AH,ordinary_undergraduate,physics,2018,002,,466,174090,,,,,,src_collected_ah_2024_group_admission
2024,AH,ordinary_undergraduate,physics,2018,003,,465,175542,,,,,,src_collected_ah_2024_group_admission
2024,AH,ordinary_undergraduate,physics,2021,001,,493,135722,,,,,,src_collected_ah_2024_group_admission
2024,AH,ordinary_undergraduate,physics,2022,001,,490,139684,,,,,,src_collected_ah_2024_group_admission
2024,AH,ordinary_undergraduate,physics,2022,002,,496,131672,,,,,,src_collected_ah_2024_group_admission
2024,AH,ordinary_undergraduate,physics,2023,001,,491,138465,,,,,,src_collected_ah_2024_group_admission
2024,AH,ordinary_undergraduate,physics,2023,002,,489,142112,,,,,,src_collected_ah_2024_group_admission
2024,AH,ordinary_undergraduate,physics,2023,004,,497,129922,,,,,,src_collected_ah_2024_group_admission
2024,AH,ordinary_undergraduate,physics,2027,001,,515,105913,,,,,,src_collected_ah_2024_group_admission
2024,AH,ordinary_undergraduate,physics,2029,001,,614,17863,,,,,,src_collected_ah_2024_group_admission
2024,AH,ordinary_undergraduate,physics,2030,001,,513,108649,,,,,,src_collected_ah_2024_group_admission
2024,AH,ordinary_undergraduate,physics,2030,002,,515,105368,,,,,,src_collected_ah_2024_group_admission
2024,AH,ordinary_undergraduate,physics,2031,001,,506,117222,,,,,,src_collected_ah_2024_group_admission
2024,AH,ordinary_undergraduate,physics,2035,001,,499,128083,,,,,,src_collected_ah_2024_group_admission
2024,AH,ordinary_undergraduate,physics,2035,003,,488,143645,,,,,,src_collected_ah_2024_group_admission
2024,AH,ordinary_undergraduate,physics,2037,001,,487,144746,,,,,,src_collected_ah_2024_group_admission
2024,AH,ordinary_undergraduate,physics,2037,003,,496,131327,,,,,,src_collected_ah_2024_group_admission
2024,AH,ordinary_undergraduate,physics,2037,004,,490,140424,,,,,,src_collected_ah_2024_group_admission
2024,AH,ordinary_undergraduate,physics,2040,001,,477,158981,,,,,,src_collected_ah_2024_group_admission
2024,AH,ordinary_undergraduate,physics,2040,002,,487,144154,,,,,,src_collected_ah_2024_group_admission
2024,AH,ordinary_undergraduate,physics,2040,003,,489,142448,,,,,,src_collected_ah_2024_group_admission
2024,AH,ordinary_undergraduate,physics,2042,001,,506,117778,,,,,,src_collected_ah_2024_group_admission
2024,AH,ordinary_undergraduate,physics,2042,002,,494,134531,,,,,,src_collected_ah_2024_group_admission
2024,AH,ordinary_undergraduate,physics,2044,001,,498,129020,,,,,,src_collected_ah_2024_group_admission
2024,AH,ordinary_undergraduate,physics,2047,001,,529,88121,,,,,,src_collected_ah_2024_group_admission
2024,AH,ordinary_undergraduate,physics,2048,001,,465,176156,,,,,,src_collected_ah_2024_group_admission
2024,AH,ordinary_undergraduate,physics,2048,002,,465,176070,,,,,,src_collected_ah_2024_group_admission
2024,AH,ordinary_undergraduate,physics,2048,003,,469,170379,,,,,,src_collected_ah_2024_group_admission
2024,AH,ordinary_undergraduate,physics,2049,001,,465,175365,,,,,,src_collected_ah_2024_group_admission
2024,AH,ordinary_undergraduate,physics,2049,002,,469,170192,,,,,,src_collected_ah_2024_group_admission
2024,AH,ordinary_undergraduate,physics,2050,001,,515,105839,,,,,,src_collected_ah_2024_group_admission
2024,AH,ordinary_undergraduate,physics,2050,002,,525,92879,,,,,,src_collected_ah_2024_group_admission
2024,AH,ordinary_undergraduate,physics,2050,003,,508,115225,,,,,,src_collected_ah_2024_group_admission
2024,AH,ordinary_undergraduate,physics,2054,001,,489,141909,,,,,,src_collected_ah_2024_group_admission
2024,AH,ordinary_undergraduate,physics,2054,002,,490,140462,,,,,,src_collected_ah_2024_group_admission
2024,AH,ordinary_undergraduate,physics,2054,003,,490,140215,,,,,,src_collected_ah_2024_group_admission
2024,AH,ordinary_undergraduate,physics,2055,001,,480,154505,,,,,,src_collected_ah_2024_group_admission
2024,AH,ordinary_undergraduate,physics,2055,002,,537,78403,,,,,,src_collected_ah_2024_group_admission
2024,AH,ordinary_undergraduate,physics,2055,003,,489,142291,,,,,,src_collected_ah_2024_group_admission
2024,AH,ordinary_undergraduate,physics,2055,004,,489,141652,,,,,,src_collected_ah_2024_group_admission
2024,AH,ordinary_undergraduate,physics,2055,005,,547,67316,,,,,,src_collected_ah_2024_group_admission
2024,AH,ordinary_undergraduate,physics,2055,006,,501,124394,,,,,,src_collected_ah_2024_group_admission
2024,AH,ordinary_undergraduate,physics,2056,001,,585,34777,,,,,,src_collected_ah_2024_group_admission
2024,AH,ordinary_undergraduate,physics,2056,002,,606,22078,,,,,,src_collected_ah_2024_group_admission
2024,AH,ordinary_undergraduate,physics,2056,004,,632,10400,,,,,,src_collected_ah_2024_group_admission
2024,AH,ordinary_undergraduate,physics,2056,005,,577,41029,,,,,,src_collected_ah_2024_group_admission
2024,AH,ordinary_undergraduate,physics,2057,002,,488,143807,,,,,,src_collected_ah_2024_group_admission
2024,AH,ordinary_undergraduate,physics,2058,003,,505,118566,,,,,,src_collected_ah_2024_group_admission
2024,AH,ordinary_undergraduate,physics,2058,004,,511,110419,,,,,,src_collected_ah_2024_group_admission
2024,AH,ordinary_undergraduate,physics,2058,006,,501,124161,,,,,,src_collected_ah_2024_group_admission
2024,AH,ordinary_undergraduate,physics,2059,002,,478,158140,,,,,,src_collected_ah_2024_group_admission
2024,AH,ordinary_undergraduate,physics,2060,001,,527,90648,,,,,,src_collected_ah_2024_group_admission
2024,AH,ordinary_undergraduate,physics,2060,003,,524,94065,,,,,,src_collected_ah_2024_group_admission
2024,AH,ordinary_undergraduate,physics,2060,004,,580,38564,,,,,,src_collected_ah_2024_group_admission
2024,AH,ordinary_undergraduate,physics,2060,005,,586,34572,,,,,,src_collected_ah_2024_group_admission
2024,AH,ordinary_undergraduate,physics,2061,001,,485,147888,,,,,,src_collected_ah_2024_group_admission
2024,AH,ordinary_undergraduate,physics,2061,002,,486,146182,,,,,,src_collected_ah_2024_group_admission
2024,AH,ordinary_undergraduate,physics,2062,001,,480,154274,,,,,,src_collected_ah_2024_group_admission
2024,AH,ordinary_undergraduate,physics,2062,002,,481,153280,,,,,,src_collected_ah_2024_group_admission
2024,AH,ordinary_undergraduate,physics,2063,001,,483,150990,,,,,,src_collected_ah_2024_group_admission
2024,AH,ordinary_undergraduate,physics,2063,002,,485,147969,,,,,,src_collected_ah_2024_group_admission
2024,AH,ordinary_undergraduate,physics,2064,001,,512,109955,,,,,,src_collected_ah_2024_group_admission
2024,AH,ordinary_undergraduate,physics,2064,002,,518,101109,,,,,,src_collected_ah_2024_group_admission
2024,AH,ordinary_undergraduate,physics,2064,003,,524,94192,,,,,,src_collected_ah_2024_group_admission
2024,AH,ordinary_undergraduate,physics,2065,001,,549,65097,,,,,,src_collected_ah_2024_group_admission
2024,AH,ordinary_undergraduate,physics,2065,002,,533,82358,,,,,,src_collected_ah_2024_group_admission
2024,AH,ordinary_undergraduate,physics,2065,003,,516,104305,,,,,,src_collected_ah_2024_group_admission
2024,AH,ordinary_undergraduate,physics,2065,051,,521,97908,,,,,,src_collected_ah_2024_group_admission
2024,AH,ordinary_undergraduate,physics,2065,052,,521,97773,,,,,,src_collected_ah_2024_group_admission
2024,AH,ordinary_undergraduate,physics,2065,053,,531,85497,,,,,,src_collected_ah_2024_group_admission
2024,AH,ordinary_undergraduate,physics,2065,054,,562,52642,,,,,,src_collected_ah_2024_group_admission
2024,AH,ordinary_undergraduate,physics,2065,055,,568,47415,,,,,,src_collected_ah_2024_group_admission
2024,AH,ordinary_undergraduate,physics,2066,001,,484,149431,,,,,,src_collected_ah_2024_group_admission
2024,AH,ordinary_undergraduate,physics,2068,001,,477,158302,,,,,,src_collected_ah_2024_group_admission
2024,AH,ordinary_undergraduate,physics,2073,001,,553,60971,,,,,,src_collected_ah_2024_group_admission
2024,AH,ordinary_undergraduate,physics,2073,002,,587,33788,,,,,,src_collected_ah_2024_group_admission
2024,AH,ordinary_undergraduate,physics,2074,001,,541,73742,,,,,,src_collected_ah_2024_group_admission
2024,AH,ordinary_undergraduate,physics,2074,002,,567,48186,,,,,,src_collected_ah_2024_group_admission
2024,AH,ordinary_undergraduate,physics,2075,001,,479,156156,,,,,,src_collected_ah_2024_group_admission
2024,AH,ordinary_undergraduate,physics,2076,002,,583,36555,,,,,,src_collected_ah_2024_group_admission
2024,AH,ordinary_undergraduate,physics,2076,004,,592,30647,,,,,,src_collected_ah_2024_group_admission
2024,AH,ordinary_undergraduate,physics,2077,001,,487,145246,,,,,,src_collected_ah_2024_group_admission
2024,AH,ordinary_undergraduate,physics,2079,001,,504,120461,,,,,,src_collected_ah_2024_group_admission
2024,AH,ordinary_undergraduate,physics,2079,002,,502,123162,,,,,,src_collected_ah_2024_group_admission
2024,AH,ordinary_undergraduate,physics,2080,003,,678,706,,,,,,src_collected_ah_2024_group_admission
2024,AH,ordinary_undergraduate,physics,2080,004,,678,675,,,,,,src_collected_ah_2024_group_admission
2024,AH,ordinary_undergraduate,physics,2081,001,,588,33131,,,,,,src_collected_ah_2024_group_admission
2024,AH,ordinary_undergraduate,physics,2081,002,,589,32539,,,,,,src_collected_ah_2024_group_admission
2024,AH,ordinary_undergraduate,physics,2082,002,,599,26250,,,,,,src_collected_ah_2024_group_admission
2024,AH,ordinary_undergraduate,physics,2083,001,,487,145137,,,,,,src_collected_ah_2024_group_admission
2024,AH,ordinary_undergraduate,physics,2083,002,,502,122973,,,,,,src_collected_ah_2024_group_admission
2024,AH,ordinary_undergraduate,physics,2083,003,,498,129567,,,,,,src_collected_ah_2024_group_admission
2024,AH,ordinary_undergraduate,physics,2083,004,,484,149337,,,,,,src_collected_ah_2024_group_admission
2024,AH,ordinary_undergraduate,physics,2084,001,,531,85121,,,,,,src_collected_ah_2024_group_admission
2024,AH,ordinary_undergraduate,physics,2085,003,,642,7122,,,,,,src_collected_ah_2024_group_admission
2024,AH,ordinary_undergraduate,physics,2086,002,,485,147615,,,,,,src_collected_ah_2024_group_admission
2024,AH,ordinary_undergraduate,physics,2086,003,,487,144357,,,,,,src_collected_ah_2024_group_admission
2024,AH,ordinary_undergraduate,physics,2086,005,,493,135543,,,,,,src_collected_ah_2024_group_admission
2024,AH,ordinary_undergraduate,physics,2091,004,,629,11624,,,,,,src_collected_ah_2024_group_admission
2024,AH,ordinary_undergraduate,physics,2091,005,,638,8232,,,,,,src_collected_ah_2024_group_admission
2024,AH,ordinary_undergraduate,physics,2092,001,,496,132389,,,,,,src_collected_ah_2024_group_admission
2024,AH,ordinary_undergraduate,physics,2093,001,,506,118148,,,,,,src_collected_ah_2024_group_admission
2024,AH,ordinary_undergraduate,physics,2093,002,,508,114270,,,,,,src_collected_ah_2024_group_admission
2024,AH,ordinary_undergraduate,physics,2094,002,,590,31975,,,,,,src_collected_ah_2024_group_admission
2024,AH,ordinary_undergraduate,physics,2094,003,,593,29935,,,,,,src_collected_ah_2024_group_admission
2024,AH,ordinary_undergraduate,physics,2094,005,,596,27727,,,,,,src_collected_ah_2024_group_admission
2024,AH,ordinary_undergraduate,physics,2094,051,,587,33573,,,,,,src_collected_ah_2024_group_admission
2024,AH,ordinary_undergraduate,physics,2094,052,,590,31696,,,,,,src_collected_ah_2024_group_admission
2024,AH,ordinary_undergraduate,physics,2094,053,,602,24647,,,,,,src_collected_ah_2024_group_admission
2024,AH,ordinary_undergraduate,physics,2094,054,,579,38916,,,,,,src_collected_ah_2024_group_admission
2024,AH,ordinary_undergraduate,physics,2094,055,,604,23059,,,,,,src_collected_ah_2024_group_admission
2024,AH,ordinary_undergraduate,physics,2096,006,,604,23163,,,,,,src_collected_ah_2024_group_admission
2024,AH,ordinary_undergraduate,physics,2097,002,,592,30117,,,,,,src_collected_ah_2024_group_admission
2024,AH,ordinary_undergraduate,physics,2097,004,,601,25143,,,,,,src_collected_ah_2024_group_admission
2024,AH,ordinary_undergraduate,physics,2098,001,,501,124409,,,,,,src_collected_ah_2024_group_admission
2024,AH,ordinary_undergraduate,physics,2098,002,,510,111631,,,,,,src_collected_ah_2024_group_admission
2024,AH,ordinary_undergraduate,physics,2099,005,,620,15094,,,,,,src_collected_ah_2024_group_admission
2024,AH,ordinary_undergraduate,physics,2099,006,,619,15877,,,,,,src_collected_ah_2024_group_admission
2024,AH,ordinary_undergraduate,physics,2101,001,,487,144211,,,,,,src_collected_ah_2024_group_admission
2024,AH,ordinary_undergraduate,physics,2103,001,,505,119031,,,,,,src_collected_ah_2024_group_admission
2024,AH,ordinary_undergraduate,physics,2103,002,,501,124393,,,,,,src_collected_ah_2024_group_admission
2024,AH,ordinary_undergraduate,physics,2104,001,,517,102519,,,,,,src_collected_ah_2024_group_admission
2024,AH,ordinary_undergraduate,physics,2104,002,,514,106603,,,,,,src_collected_ah_2024_group_admission
2024,AH,ordinary_undergraduate,physics,2106,001,,560,54979,,,,,,src_collected_ah_2024_group_admission
2024,AH,ordinary_undergraduate,physics,2106,002,,569,47260,,,,,,src_collected_ah_2024_group_admission
2024,AH,ordinary_undergraduate,physics,2107,002,,603,24077,,,,,,src_collected_ah_2024_group_admission
2024,AH,ordinary_undergraduate,physics,2107,003,,608,21190,,,,,,src_collected_ah_2024_group_admission
2024,AH,ordinary_undergraduate,physics,2109,001,,585,34975,,,,,,src_collected_ah_2024_group_admission
2024,AH,ordinary_undergraduate,physics,2109,003,,602,24311,,,,,,src_collected_ah_2024_group_admission
2024,AH,ordinary_undergraduate,physics,2110,001,,489,142431,,,,,,src_collected_ah_2024_group_admission
2024,AH,ordinary_undergraduate,physics,2110,002,,512,110174,,,,,,src_collected_ah_2024_group_admission
2024,AH,ordinary_undergraduate,physics,2110,003,,497,130449,,,,,,src_collected_ah_2024_group_admission
2024,AH,ordinary_undergraduate,physics,2110,004,,483,150187,,,,,,src_collected_ah_2024_group_admission
2024,AH,ordinary_undergraduate,physics,2111,001,,557,57078,,,,,,src_collected_ah_2024_group_admission
2024,AH,ordinary_undergraduate,physics,2112,002,,625,12998,,,,,,src_collected_ah_2024_group_admission
2024,AH,ordinary_undergraduate,physics,2113,001,,487,144481,,,,,,src_collected_ah_2024_group_admission
2024,AH,ordinary_undergraduate,physics,2113,002,,502,123290,,,,,,src_collected_ah_2024_group_admission
2024,AH,ordinary_undergraduate,physics,2114,001,,599,25892,,,,,,src_collected_ah_2024_group_admission
2024,AH,ordinary_undergraduate,physics,2114,002,,593,29949,,,,,,src_collected_ah_2024_group_admission
2024,AH,ordinary_undergraduate,physics,2114,003,,570,45926,,,,,,src_collected_ah_2024_group_admission
2024,AH,ordinary_undergraduate,physics,2115,003,,659,2936,,,,,,src_collected_ah_2024_group_admission
2024,AH,ordinary_undergraduate,physics,2115,004,,663,2317,,,,,,src_collected_ah_2024_group_admission
2024,AH,ordinary_undergraduate,physics,2117,001,,502,123957,,,,,,src_collected_ah_2024_group_admission
2024,AH,ordinary_undergraduate,physics,2117,002,,510,111932,,,,,,src_collected_ah_2024_group_admission
2024,AH,ordinary_undergraduate,physics,2118,001,,470,168190,,,,,,src_collected_ah_2024_group_admission
2024,AH,ordinary_undergraduate,physics,2118,002,,476,160065,,,,,,src_collected_ah_2024_group_admission
2024,AH,ordinary_undergraduate,physics,2119,001,,557,57385,,,,,,src_collected_ah_2024_group_admission
2024,AH,ordinary_undergraduate,physics,2119,002,,586,34450,,,,,,src_collected_ah_2024_group_admission
2024,AH,ordinary_undergraduate,physics,2119,003,,582,36910,,,,,,src_collected_ah_2024_group_admission
2024,AH,ordinary_undergraduate,physics,2120,001,,487,145194,,,,,,src_collected_ah_2024_group_admission
2024,AH,ordinary_undergraduate,physics,2122,001,,478,157083,,,,,,src_collected_ah_2024_group_admission
2024,AH,ordinary_undergraduate,physics,2125,001,,507,116740,,,,,,src_collected_ah_2024_group_admission
2024,AH,ordinary_undergraduate,physics,2125,002,,504,120760,,,,,,src_collected_ah_2024_group_admission
2024,AH,ordinary_undergraduate,physics,2125,003,,507,116068,,,,,,src_collected_ah_2024_group_admission
2024,AH,ordinary_undergraduate,physics,2125,005,,511,110705,,,,,,src_collected_ah_2024_group_admission
2024,AH,ordinary_undergraduate,physics,2125,051,,497,129900,,,,,,src_collected_ah_2024_group_admission
2024,AH,ordinary_undergraduate,physics,2125,052,,493,135511,,,,,,src_collected_ah_2024_group_admission
2024,AH,ordinary_undergraduate,physics,2127,001,,492,138170,,,,,,src_collected_ah_2024_group_admission
2024,AH,ordinary_undergraduate,physics,2127,003,,502,123485,,,,,,src_collected_ah_2024_group_admission
2024,AH,ordinary_undergraduate,physics,2127,004,,499,127900,,,,,,src_collected_ah_2024_group_admission
2024,AH,ordinary_undergraduate,physics,2127,051,,500,125785,,,,,,src_collected_ah_2024_group_admission
2024,AH,ordinary_undergraduate,physics,2130,001,,510,112806,,,,,,src_collected_ah_2024_group_admission
2024,AH,ordinary_undergraduate,physics,2130,002,,510,111567,,,,,,src_collected_ah_2024_group_admission
2024,AH,ordinary_undergraduate,physics,2130,003,,510,111775,,,,,,src_collected_ah_2024_group_admission
2024,AH,ordinary_undergraduate,physics,2130,004,,513,108498,,,,,,src_collected_ah_2024_group_admission
2024,AH,ordinary_undergraduate,physics,2131,001,,495,133239,,,,,,src_collected_ah_2024_group_admission
2024,AH,ordinary_undergraduate,physics,2131,003,,502,122697,,,,,,src_collected_ah_2024_group_admission
2024,AH,ordinary_undergraduate,physics,2132,001,,573,43842,,,,,,src_collected_ah_2024_group_admission
2024,AH,ordinary_undergraduate,physics,2132,003,,588,33334,,,,,,src_collected_ah_2024_group_admission
2024,AH,ordinary_undergraduate,physics,2134,001,,504,120829,,,,,,src_collected_ah_2024_group_admission
2024,AH,ordinary_undergraduate,physics,2134,002,,512,109978,,,,,,src_collected_ah_2024_group_admission
2024,AH,ordinary_undergraduate,physics,2136,001,,498,129391,,,,,,src_collected_ah_2024_group_admission
2024,AH,ordinary_undergraduate,physics,2136,002,,497,130268,,,,,,src_collected_ah_2024_group_admission
2024,AH,ordinary_undergraduate,physics,2136,003,,498,128903,,,,,,src_collected_ah_2024_group_admission
2024,AH,ordinary_undergraduate,physics,2136,004,,506,116952,,,,,,src_collected_ah_2024_group_admission
2024,AH,ordinary_undergraduate,physics,2137,001,,494,135062,,,,,,src_collected_ah_2024_group_admission
2024,AH,ordinary_undergraduate,physics,2137,002,,489,142480,,,,,,src_collected_ah_2024_group_admission
2024,AH,ordinary_undergraduate,physics,2137,003,,500,125491,,,,,,src_collected_ah_2024_group_admission
2024,AH,ordinary_undergraduate,physics,2138,001,,517,103050,,,,,,src_collected_ah_2024_group_admission
2024,AH,ordinary_undergraduate,physics,2139,001,,502,123357,,,,,,src_collected_ah_2024_group_admission
2024,AH,ordinary_undergraduate,physics,2139,002,,498,128445,,,,,,src_collected_ah_2024_group_admission
2024,AH,ordinary_undergraduate,physics,2139,003,,497,130586,,,,,,src_collected_ah_2024_group_admission
2024,AH,ordinary_undergraduate,physics,2139,004,,496,131932,,,,,,src_collected_ah_2024_group_admission
2024,AH,ordinary_undergraduate,physics,2140,001,,495,133620,,,,,,src_collected_ah_2024_group_admission
2024,AH,ordinary_undergraduate,physics,2140,002,,499,128143,,,,,,src_collected_ah_2024_group_admission
2024,AH,ordinary_undergraduate,physics,2141,001,,498,129549,,,,,,src_collected_ah_2024_group_admission
2024,AH,ordinary_undergraduate,physics,2141,002,,502,123553,,,,,,src_collected_ah_2024_group_admission
2024,AH,ordinary_undergraduate,physics,2142,001,,541,74172,,,,,,src_collected_ah_2024_group_admission
2024,AH,ordinary_undergraduate,physics,2142,002,,528,88715,,,,,,src_collected_ah_2024_group_admission
2024,AH,ordinary_undergraduate,physics,2144,001,,480,154428,,,,,,src_collected_ah_2024_group_admission
2024,AH,ordinary_undergraduate,physics,2144,002,,480,155063,,,,,,src_collected_ah_2024_group_admission
2024,AH,ordinary_undergraduate,physics,2146,003,,595,28556,,,,,,src_collected_ah_2024_group_admission
2024,AH,ordinary_undergraduate,physics,2146,004,,601,24890,,,,,,src_collected_ah_2024_group_admission
2024,AH,ordinary_undergraduate,physics,2146,005,,600,25788,,,,,,src_collected_ah_2024_group_admission
2024,AH,ordinary_undergraduate,physics,2146,051,,596,27914,,,,,,src_collected_ah_2024_group_admission
2024,AH,ordinary_undergraduate,physics,2147,001,,484,148602,,,,,,src_collected_ah_2024_group_admission
2024,AH,ordinary_undergraduate,physics,2147,002,,574,42919,,,,,,src_collected_ah_2024_group_admission
2024,AH,ordinary_undergraduate,physics,2148,001,,523,94432,,,,,,src_collected_ah_2024_group_admission
2024,AH,ordinary_undergraduate,physics,2148,003,,528,88236,,,,,,src_collected_ah_2024_group_admission
2024,AH,ordinary_undergraduate,physics,2152,001,,500,126082,,,,,,src_collected_ah_2024_group_admission
2024,AH,ordinary_undergraduate,physics,2152,002,,503,122411,,,,,,src_collected_ah_2024_group_admission
2024,AH,ordinary_undergraduate,physics,2154,001,,581,37989,,,,,,src_collected_ah_2024_group_admission
2024,AH,ordinary_undergraduate,physics,2154,002,,577,40444,,,,,,src_collected_ah_2024_group_admission
2024,AH,ordinary_undergraduate,physics,2154,003,,572,44815,,,,,,src_collected_ah_2024_group_admission
2024,AH,ordinary_undergraduate,physics,2154,004,,575,42427,,,,,,src_collected_ah_2024_group_admission
2024,AH,ordinary_undergraduate,physics,2154,005,,583,36162,,,,,,src_collected_ah_2024_group_admission
2024,AH,ordinary_undergraduate,physics,2154,006,,572,44272,,,,,,src_collected_ah_2024_group_admission
2024,AH,ordinary_undergraduate,physics,2155,001,,466,173982,,,,,,src_collected_ah_2024_group_admission
2024,AH,ordinary_undergraduate,physics,2156,001,,468,171515,,,,,,src_collected_ah_2024_group_admission
2024,AH,ordinary_undergraduate,physics,2157,001,,508,114324,,,,,,src_collected_ah_2024_group_admission
2024,AH,ordinary_undergraduate,physics,2157,002,,507,116180,,,,,,src_collected_ah_2024_group_admission
2024,AH,ordinary_undergraduate,physics,2159,001,,495,133546,,,,,,src_collected_ah_2024_group_admission
2024,AH,ordinary_undergraduate,physics,2159,002,,555,58981,,,,,,src_collected_ah_2024_group_admission
2024,AH,ordinary_undergraduate,physics,2159,003,,513,107497,,,,,,src_collected_ah_2024_group_admission
2024,AH,ordinary_undergraduate,physics,2159,004,,517,102158,,,,,,src_collected_ah_2024_group_admission
2024,AH,ordinary_undergraduate,physics,2159,005,,538,77163,,,,,,src_collected_ah_2024_group_admission
2024,AH,ordinary_undergraduate,physics,2159,006,,507,116316,,,,,,src_collected_ah_2024_group_admission
2024,AH,ordinary_undergraduate,physics,2162,001,,485,147551,,,,,,src_collected_ah_2024_group_admission
2024,AH,ordinary_undergraduate,physics,2162,002,,545,69553,,,,,,src_collected_ah_2024_group_admission
2024,AH,ordinary_undergraduate,physics,2165,001,,488,143915,,,,,,src_collected_ah_2024_group_admission
2024,AH,ordinary_undergraduate,physics,2165,002,,492,137816,,,,,,src_collected_ah_2024_group_admission
2024,AH,ordinary_undergraduate,physics,2167,001,,497,130324,,,,,,src_collected_ah_2024_group_admission
2024,AH,ordinary_undergraduate,physics,2167,002,,491,138246,,,,,,src_collected_ah_2024_group_admission
2024,AH,ordinary_undergraduate,physics,2168,001,,499,127413,,,,,,src_collected_ah_2024_group_admission
2024,AH,ordinary_undergraduate,physics,2168,003,,499,127619,,,,,,src_collected_ah_2024_group_admission
2024,AH,ordinary_undergraduate,physics,2168,004,,506,117452,,,,,,src_collected_ah_2024_group_admission
2024,AH,ordinary_undergraduate,physics,2170,001,,490,140782,,,,,,src_collected_ah_2024_group_admission
2024,AH,ordinary_undergraduate,physics,2171,001,,551,63510,,,,,,src_collected_ah_2024_group_admission
2024,AH,ordinary_undergraduate,physics,2172,001,,472,166238,,,,,,src_collected_ah_2024_group_admission
2024,AH,ordinary_undergraduate,physics,2172,002,,477,159397,,,,,,src_collected_ah_2024_group_admission
2024,AH,ordinary_undergraduate,physics,2173,001,,516,104297,,,,,,src_collected_ah_2024_group_admission
2024,AH,ordinary_undergraduate,physics,2174,001,,483,150492,,,,,,src_collected_ah_2024_group_admission
2024,AH,ordinary_undergraduate,physics,2174,002,,484,149414,,,,,,src_collected_ah_2024_group_admission
2024,AH,ordinary_undergraduate,physics,2174,003,,485,147673,,,,,,src_collected_ah_2024_group_admission
2024,AH,ordinary_undergraduate,physics,2175,001,,520,98641,,,,,,src_collected_ah_2024_group_admission
2024,AH,ordinary_undergraduate,physics,2175,002,,500,126022,,,,,,src_collected_ah_2024_group_admission
2024,AH,ordinary_undergraduate,physics,2177,002,,534,81498,,,,,,src_collected_ah_2024_group_admission
2024,AH,ordinary_undergraduate,physics,2177,003,,486,145982,,,,,,src_collected_ah_2024_group_admission
2024,AH,ordinary_undergraduate,physics,2177,004,,486,145499,,,,,,src_collected_ah_2024_group_admission
2024,AH,ordinary_undergraduate,physics,2182,001,,466,174424,,,,,,src_collected_ah_2024_group_admission
2024,AH,ordinary_undergraduate,physics,2182,002,,476,160326,,,,,,src_collected_ah_2024_group_admission
2024,AH,ordinary_undergraduate,physics,2182,003,,479,155747,,,,,,src_collected_ah_2024_group_admission
2024,AH,ordinary_undergraduate,physics,2183,001,,468,171717,,,,,,src_collected_ah_2024_group_admission
2024,AH,ordinary_undergraduate,physics,2183,002,,475,161089,,,,,,src_collected_ah_2024_group_admission
2024,AH,ordinary_undergraduate,physics,2183,003,,477,158444,,,,,,src_collected_ah_2024_group_admission
2024,AH,ordinary_undergraduate,physics,2183,004,,465,174958,,,,,,src_collected_ah_2024_group_admission
2024,AH,ordinary_undergraduate,physics,2183,005,,477,158468,,,,,,src_collected_ah_2024_group_admission
2024,AH,ordinary_undergraduate,physics,2184,001,,583,36404,,,,,,src_collected_ah_2024_group_admission
2024,AH,ordinary_undergraduate,physics,2184,002,,585,34710,,,,,,src_collected_ah_2024_group_admission
2024,AH,ordinary_undergraduate,physics,2184,003,,596,27929,,,,,,src_collected_ah_2024_group_admission
2024,AH,ordinary_undergraduate,physics,2186,001,,479,156236,,,,,,src_collected_ah_2024_group_admission
2024,AH,ordinary_undergraduate,physics,2188,001,,465,176133,,,,,,src_collected_ah_2024_group_admission
2024,AH,ordinary_undergraduate,physics,2188,002,,469,170284,,,,,,src_collected_ah_2024_group_admission
2024,AH,ordinary_undergraduate,physics,2188,003,,465,175549,,,,,,src_collected_ah_2024_group_admission
2024,AH,ordinary_undergraduate,physics,2191,001,,521,98134,,,,,,src_collected_ah_2024_group_admission
2024,AH,ordinary_undergraduate,physics,2191,002,,571,45585,,,,,,src_collected_ah_2024_group_admission
2024,AH,ordinary_undergraduate,physics,2192,001,,569,46540,,,,,,src_collected_ah_2024_group_admission
2024,AH,ordinary_undergraduate,physics,2192,002,,571,45427,,,,,,src_collected_ah_2024_group_admission
2024,AH,ordinary_undergraduate,physics,2192,003,,577,40357,,,,,,src_collected_ah_2024_group_admission
2024,AH,ordinary_undergraduate,physics,2193,001,,519,100261,,,,,,src_collected_ah_2024_group_admission
2024,AH,ordinary_undergraduate,physics,2194,001,,478,157498,,,,,,src_collected_ah_2024_group_admission
2024,AH,ordinary_undergraduate,physics,2194,002,,488,143857,,,,,,src_collected_ah_2024_group_admission
2024,AH,ordinary_undergraduate,physics,2194,003,,475,161441,,,,,,src_collected_ah_2024_group_admission
2024,AH,ordinary_undergraduate,physics,2197,001,,572,44140,,,,,,src_collected_ah_2024_group_admission
2024,AH,ordinary_undergraduate,physics,2197,002,,589,32630,,,,,,src_collected_ah_2024_group_admission
2024,AH,ordinary_undergraduate,physics,2197,003,,581,37575,,,,,,src_collected_ah_2024_group_admission
2024,AH,ordinary_undergraduate,physics,2197,004,,585,35292,,,,,,src_collected_ah_2024_group_admission
2024,AH,ordinary_undergraduate,physics,2198,001,,500,125982,,,,,,src_collected_ah_2024_group_admission
2024,AH,ordinary_undergraduate,physics,2198,002,,511,111344,,,,,,src_collected_ah_2024_group_admission
2024,AH,ordinary_undergraduate,physics,2198,003,,514,107170,,,,,,src_collected_ah_2024_group_admission
2024,AH,ordinary_undergraduate,physics,2198,004,,506,118102,,,,,,src_collected_ah_2024_group_admission
2024,AH,ordinary_undergraduate,physics,2199,001,,491,139042,,,,,,src_collected_ah_2024_group_admission
2024,AH,ordinary_undergraduate,physics,2199,002,,518,101642,,,,,,src_collected_ah_2024_group_admission
2024,AH,ordinary_undergraduate,physics,2200,006,,702,25,,,,,,src_collected_ah_2024_group_admission
2024,AH,ordinary_undergraduate,physics,2200,007,,695,75,,,,,,src_collected_ah_2024_group_admission
2024,AH,ordinary_undergraduate,physics,2202,001,,489,142113,,,,,,src_collected_ah_2024_group_admission
2024,AH,ordinary_undergraduate,physics,2202,002,,488,142718,,,,,,src_collected_ah_2024_group_admission
2024,AH,ordinary_undergraduate,physics,2202,003,,491,139240,,,,,,src_collected_ah_2024_group_admission
2024,AH,ordinary_undergraduate,physics,2203,001,,528,88699,,,,,,src_collected_ah_2024_group_admission
2024,AH,ordinary_undergraduate,physics,2203,002,,531,85197,,,,,,src_collected_ah_2024_group_admission
2024,AH,ordinary_undergraduate,physics,2203,003,,565,50586,,,,,,src_collected_ah_2024_group_admission
2024,AH,ordinary_undergraduate,physics,2205,001,,511,111037,,,,,,src_collected_ah_2024_group_admission
2024,AH,ordinary_undergraduate,physics,2205,002,,491,139096,,,,,,src_collected_ah_2024_group_admission
2024,AH,ordinary_undergraduate,physics,2207,001,,513,108202,,,,,,src_collected_ah_2024_group_admission
2024,AH,ordinary_undergraduate,physics,2216,002,,494,135206,,,,,,src_collected_ah_2024_group_admission
2024,AH,ordinary_undergraduate,physics,2216,003,,495,133446,,,,,,src_collected_ah_2024_group_admission
2024,AH,ordinary_undergraduate,physics,2217,001,,465,176144,,,,,,src_collected_ah_2024_group_admission
2024,AH,ordinary_undergraduate,physics,2217,002,,465,175929,,,,,,src_collected_ah_2024_group_admission
2024,AH,ordinary_undergraduate,physics,2219,001,,466,173671,,,,,,src_collected_ah_2024_group_admission
2024,AH,ordinary_undergraduate,physics,2222,001,,483,150754,,,,,,src_collected_ah_2024_group_admission
2024,AH,ordinary_undergraduate,physics,2224,002,,495,133176,,,,,,src_collected_ah_2024_group_admission
2024,AH,ordinary_undergraduate,physics,2226,001,,558,56367,,,,,,src_collected_ah_2024_group_admission
2024,AH,ordinary_undergraduate,physics,2226,002,,591,31282,,,,,,src_collected_ah_2024_group_admission
2024,AH,ordinary_undergraduate,physics,2226,003,,550,64603,,,,,,src_collected_ah_2024_group_admission
2024,AH,ordinary_undergraduate,physics,2227,001,,490,140638,,,,,,src_collected_ah_2024_group_admission
2024,AH,ordinary_undergraduate,physics,2233,001,,466,174082,,,,,,src_collected_ah_2024_group_admission
2024,AH,ordinary_undergraduate,physics,2233,002,,471,167679,,,,,,src_collected_ah_2024_group_admission
2024,AH,ordinary_undergraduate,physics,2233,003,,474,162666,,,,,,src_collected_ah_2024_group_admission
2024,AH,ordinary_undergraduate,physics,2236,001,,564,51612,,,,,,src_collected_ah_2024_group_admission
2024,AH,ordinary_undergraduate,physics,2236,002,,565,50599,,,,,,src_collected_ah_2024_group_admission
2024,AH,ordinary_undergraduate,physics,2236,003,,571,45615,,,,,,src_collected_ah_2024_group_admission
2024,AH,ordinary_undergraduate,physics,2237,001,,480,154391,,,,,,src_collected_ah_2024_group_admission
2024,AH,ordinary_undergraduate,physics,2237,002,,478,157019,,,,,,src_collected_ah_2024_group_admission
2024,AH,ordinary_undergraduate,physics,2237,003,,483,150194,,,,,,src_collected_ah_2024_group_admission
2024,AH,ordinary_undergraduate,physics,2241,003,,641,7260,,,,,,src_collected_ah_2024_group_admission
2024,AH,ordinary_undergraduate,physics,2241,004,,648,5371,,,,,,src_collected_ah_2024_group_admission
2024,AH,ordinary_undergraduate,physics,2241,005,,641,7343,,,,,,src_collected_ah_2024_group_admission
2024,AH,ordinary_undergraduate,physics,2241,006,,654,3935,,,,,,src_collected_ah_2024_group_admission
2024,AH,ordinary_undergraduate,physics,2242,003,,635,9393,,,,,,src_collected_ah_2024_group_admission
2024,AH,ordinary_undergraduate,physics,2242,004,,641,7235,,,,,,src_collected_ah_2024_group_admission
2024,AH,ordinary_undergraduate,physics,2243,001,,522,96385,,,,,,src_collected_ah_2024_group_admission
2024,AH,ordinary_undergraduate,physics,2243,002,,558,56674,,,,,,src_collected_ah_2024_group_admission
2024,AH,ordinary_undergraduate,physics,2244,001,,524,94356,,,,,,src_collected_ah_2024_group_admission
2024,AH,ordinary_undergraduate,physics,2244,002,,589,32439,,,,,,src_collected_ah_2024_group_admission
2024,AH,ordinary_undergraduate,physics,2244,051,,525,92291,,,,,,src_collected_ah_2024_group_admission
2024,AH,ordinary_undergraduate,physics,2244,052,,518,100971,,,,,,src_collected_ah_2024_group_admission
2024,AH,ordinary_undergraduate,physics,2244,053,,518,101252,,,,,,src_collected_ah_2024_group_admission
2024,AH,ordinary_undergraduate,physics,2244,054,,518,100879,,,,,,src_collected_ah_2024_group_admission
2024,AH,ordinary_undergraduate,physics,2244,055,,548,66657,,,,,,src_collected_ah_2024_group_admission
2024,AH,ordinary_undergraduate,physics,2244,056,,523,95063,,,,,,src_collected_ah_2024_group_admission
2024,AH,ordinary_undergraduate,physics,2244,057,,526,91805,,,,,,src_collected_ah_2024_group_admission
2024,AH,ordinary_undergraduate,physics,2246,001,,469,169964,,,,,,src_collected_ah_2024_group_admission
2024,AH,ordinary_undergraduate,physics,2247,001,,511,111050,,,,,,src_collected_ah_2024_group_admission
2024,AH,ordinary_undergraduate,physics,2247,002,,507,116324,,,,,,src_collected_ah_2024_group_admission
2024,AH,ordinary_undergraduate,physics,2247,004,,512,109938,,,,,,src_collected_ah_2024_group_admission
2024,AH,ordinary_undergraduate,physics,2249,002,,490,140573,,,,,,src_collected_ah_2024_group_admission
2024,AH,ordinary_undergraduate,physics,2249,003,,491,138925,,,,,,src_collected_ah_2024_group_admission
2024,AH,ordinary_undergraduate,physics,2250,001,,512,109937,,,,,,src_collected_ah_2024_group_admission
2024,AH,ordinary_undergraduate,physics,2250,002,,515,105683,,,,,,src_collected_ah_2024_group_admission
2024,AH,ordinary_undergraduate,physics,2252,001,,530,86657,,,,,,src_collected_ah_2024_group_admission
2024,AH,ordinary_undergraduate,physics,2252,002,,501,124080,,,,,,src_collected_ah_2024_group_admission
2024,AH,ordinary_undergraduate,physics,2252,003,,524,94246,,,,,,src_collected_ah_2024_group_admission
2024,AH,ordinary_undergraduate,physics,2253,001,,474,163523,,,,,,src_collected_ah_2024_group_admission
2024,AH,ordinary_undergraduate,physics,2253,002,,469,170120,,,,,,src_collected_ah_2024_group_admission
2024,AH,ordinary_undergraduate,physics,2255,001,,530,86365,,,,,,src_collected_ah_2024_group_admission
2024,AH,ordinary_undergraduate,physics,2255,002,,521,97440,,,,,,src_collected_ah_2024_group_admission
2024,AH,ordinary_undergraduate,physics,2255,003,,533,82931,,,,,,src_collected_ah_2024_group_admission
2024,AH,ordinary_undergraduate,physics,2255,004,,544,70764,,,,,,src_collected_ah_2024_group_admission
2024,AH,ordinary_undergraduate,physics,2255,005,,531,84698,,,,,,src_collected_ah_2024_group_admission
2024,AH,ordinary_undergraduate,physics,2256,002,,519,99533,,,,,,src_collected_ah_2024_group_admission
2024,AH,ordinary_undergraduate,physics,2256,003,,520,99261,,,,,,src_collected_ah_2024_group_admission
2024,AH,ordinary_undergraduate,physics,2259,002,,590,31937,,,,,,src_collected_ah_2024_group_admission
2024,AH,ordinary_undergraduate,physics,2259,004,,582,37081,,,,,,src_collected_ah_2024_group_admission
2024,AH,ordinary_undergraduate,physics,2259,006,,588,32724,,,,,,src_collected_ah_2024_group_admission
2024,AH,ordinary_undergraduate,physics,2262,001,,532,84438,,,,,,src_collected_ah_2024_group_admission
2024,AH,ordinary_undergraduate,physics,2262,002,,531,85551,,,,,,src_collected_ah_2024_group_admission
2024,AH,ordinary_undergraduate,physics,2267,001,,534,81808,,,,,,src_collected_ah_2024_group_admission
2024,AH,ordinary_undergraduate,physics,2268,001,,500,126050,,,,,,src_collected_ah_2024_group_admission
2024,AH,ordinary_undergraduate,physics,2269,001,,489,141927,,,,,,src_collected_ah_2024_group_admission
2024,AH,ordinary_undergraduate,physics,2269,002,,515,105431,,,,,,src_collected_ah_2024_group_admission
2024,AH,ordinary_undergraduate,physics,2269,003,,491,139285,,,,,,src_collected_ah_2024_group_admission
2024,AH,ordinary_undergraduate,physics,2269,004,,487,145085,,,,,,src_collected_ah_2024_group_admission
2024,AH,ordinary_undergraduate,physics,2269,005,,510,111921,,,,,,src_collected_ah_2024_group_admission
2024,AH,ordinary_undergraduate,physics,2269,006,,499,127872,,,,,,src_collected_ah_2024_group_admission
2024,AH,ordinary_undergraduate,physics,2270,001,,502,123150,,,,,,src_collected_ah_2024_group_admission
2024,AH,ordinary_undergraduate,physics,2275,004,,567,48598,,,,,,src_collected_ah_2024_group_admission
2024,AH,ordinary_undergraduate,physics,2275,006,,571,45255,,,,,,src_collected_ah_2024_group_admission
2024,AH,ordinary_undergraduate,physics,2275,007,,580,38569,,,,,,src_collected_ah_2024_group_admission
2024,AH,ordinary_undergraduate,physics,2276,001,,507,115851,,,,,,src_collected_ah_2024_group_admission
2024,AH,ordinary_undergraduate,physics,2281,001,,472,166258,,,,,,src_collected_ah_2024_group_admission
2024,AH,ordinary_undergraduate,physics,2285,001,,469,170614,,,,,,src_collected_ah_2024_group_admission
2024,AH,ordinary_undergraduate,physics,2285,002,,468,171361,,,,,,src_collected_ah_2024_group_admission
2024,AH,ordinary_undergraduate,physics,2285,003,,481,153710,,,,,,src_collected_ah_2024_group_admission
2024,AH,ordinary_undergraduate,physics,2286,001,,477,159611,,,,,,src_collected_ah_2024_group_admission
2024,AH,ordinary_undergraduate,physics,2286,002,,479,156329,,,,,,src_collected_ah_2024_group_admission
2024,AH,ordinary_undergraduate,physics,2286,003,,478,157457,,,,,,src_collected_ah_2024_group_admission
2024,AH,ordinary_undergraduate,physics,2291,001,,465,175589,,,,,,src_collected_ah_2024_group_admission
2024,AH,ordinary_undergraduate,physics,2291,002,,465,175642,,,,,,src_collected_ah_2024_group_admission
2024,AH,ordinary_undergraduate,physics,2291,003,,473,163965,,,,,,src_collected_ah_2024_group_admission
2024,AH,ordinary_undergraduate,physics,2292,001,,536,79199,,,,,,src_collected_ah_2024_group_admission
2024,AH,ordinary_undergraduate,physics,2292,003,,529,87732,,,,,,src_collected_ah_2024_group_admission
2024,AH,ordinary_undergraduate,physics,2294,001,,528,89358,,,,,,src_collected_ah_2024_group_admission
2024,AH,ordinary_undergraduate,physics,2294,002,,570,45864,,,,,,src_collected_ah_2024_group_admission
2024,AH,ordinary_undergraduate,physics,2296,001,,532,84296,,,,,,src_collected_ah_2024_group_admission
2024,AH,ordinary_undergraduate,physics,2296,002,,529,87531,,,,,,src_collected_ah_2024_group_admission
2024,AH,ordinary_undergraduate,physics,2296,003,,544,70598,,,,,,src_collected_ah_2024_group_admission
2024,AH,ordinary_undergraduate,physics,2296,004,,552,62379,,,,,,src_collected_ah_2024_group_admission
2024,AH,ordinary_undergraduate,physics,2297,001,,486,145657,,,,,,src_collected_ah_2024_group_admission
2024,AH,ordinary_undergraduate,physics,2297,002,,500,126408,,,,,,src_collected_ah_2024_group_admission
2024,AH,ordinary_undergraduate,physics,2298,001,,504,119890,,,,,,src_collected_ah_2024_group_admission
2024,AH,ordinary_undergraduate,physics,2298,002,,513,108481,,,,,,src_collected_ah_2024_group_admission
2024,AH,ordinary_undergraduate,physics,2299,001,,580,38432,,,,,,src_collected_ah_2024_group_admission
2024,AH,ordinary_undergraduate,physics,2299,002,,601,24990,,,,,,src_collected_ah_2024_group_admission
2024,AH,ordinary_undergraduate,physics,2299,003,,593,29598,,,,,,src_collected_ah_2024_group_admission
2024,AH,ordinary_undergraduate,physics,2299,004,,570,46437,,,,,,src_collected_ah_2024_group_admission
2024,AH,ordinary_undergraduate,physics,2300,001,,495,133527,,,,,,src_collected_ah_2024_group_admission
2024,AH,ordinary_undergraduate,physics,2300,002,,492,137624,,,,,,src_collected_ah_2024_group_admission
2024,AH,ordinary_undergraduate,physics,2300,003,,523,95654,,,,,,src_collected_ah_2024_group_admission
2024,AH,ordinary_undergraduate,physics,2301,001,,498,128598,,,,,,src_collected_ah_2024_group_admission
2024,AH,ordinary_undergraduate,physics,2302,002,,480,154239,,,,,,src_collected_ah_2024_group_admission
2024,AH,ordinary_undergraduate,physics,2302,003,,486,146343,,,,,,src_collected_ah_2024_group_admission
2024,AH,ordinary_undergraduate,physics,2303,001,,503,121131,,,,,,src_collected_ah_2024_group_admission
2024,AH,ordinary_undergraduate,physics,2304,001,,485,147477,,,,,,src_collected_ah_2024_group_admission
2024,AH,ordinary_undergraduate,physics,2305,001,,502,123907,,,,,,src_collected_ah_2024_group_admission
2024,AH,ordinary_undergraduate,physics,2305,002,,512,110190,,,,,,src_collected_ah_2024_group_admission
2024,AH,ordinary_undergraduate,physics,2307,001,,511,111176,,,,,,src_collected_ah_2024_group_admission
2024,AH,ordinary_undergraduate,physics,2307,002,,510,111706,,,,,,src_collected_ah_2024_group_admission
2024,AH,ordinary_undergraduate,physics,2307,003,,505,118867,,,,,,src_collected_ah_2024_group_admission
2024,AH,ordinary_undergraduate,physics,2307,004,,504,119920,,,,,,src_collected_ah_2024_group_admission
2024,AH,ordinary_undergraduate,physics,2309,001,,529,87998,,,,,,src_collected_ah_2024_group_admission
2024,AH,ordinary_undergraduate,physics,2309,003,,528,88906,,,,,,src_collected_ah_2024_group_admission
2024,AH,ordinary_undergraduate,physics,2309,004,,533,82565,,,,,,src_collected_ah_2024_group_admission
2024,AH,ordinary_undergraduate,physics,2313,001,,531,84771,,,,,,src_collected_ah_2024_group_admission
2024,AH,ordinary_undergraduate,physics,2313,002,,521,97388,,,,,,src_collected_ah_2024_group_admission
2024,AH,ordinary_undergraduate,physics,2313,003,,517,103186,,,,,,src_collected_ah_2024_group_admission
2024,AH,ordinary_undergraduate,physics,2313,004,,519,100027,,,,,,src_collected_ah_2024_group_admission
2024,AH,ordinary_undergraduate,physics,2313,005,,556,57977,,,,,,src_collected_ah_2024_group_admission
2024,AH,ordinary_undergraduate,physics,2313,006,,560,55097,,,,,,src_collected_ah_2024_group_admission
2024,AH,ordinary_undergraduate,physics,2313,007,,532,83726,,,,,,src_collected_ah_2024_group_admission
2024,AH,ordinary_undergraduate,physics,2313,008,,517,102365,,,,,,src_collected_ah_2024_group_admission
2024,AH,ordinary_undergraduate,physics,2313,051,,528,88559,,,,,,src_collected_ah_2024_group_admission
2024,AH,ordinary_undergraduate,physics,2315,001,,520,99015,,,,,,src_collected_ah_2024_group_admission
2024,AH,ordinary_undergraduate,physics,2315,002,,530,86616,,,,,,src_collected_ah_2024_group_admission
2024,AH,ordinary_undergraduate,physics,2315,003,,508,115418,,,,,,src_collected_ah_2024_group_admission
2024,AH,ordinary_undergraduate,physics,2315,004,,530,86179,,,,,,src_collected_ah_2024_group_admission
2024,AH,ordinary_undergraduate,physics,2315,005,,530,86631,,,,,,src_collected_ah_2024_group_admission
2024,AH,ordinary_undergraduate,physics,2321,001,,469,169718,,,,,,src_collected_ah_2024_group_admission
2024,AH,ordinary_undergraduate,physics,2321,002,,471,167557,,,,,,src_collected_ah_2024_group_admission
2024,AH,ordinary_undergraduate,physics,2326,001,,568,47734,,,,,,src_collected_ah_2024_group_admission
2024,AH,ordinary_undergraduate,physics,2327,001,,465,176148,,,,,,src_collected_ah_2024_group_admission
2024,AH,ordinary_undergraduate,physics,2328,001,,528,88818,,,,,,src_collected_ah_2024_group_admission
2024,AH,ordinary_undergraduate,physics,2328,002,,522,96034,,,,,,src_collected_ah_2024_group_admission
2024,AH,ordinary_undergraduate,physics,2328,003,,528,88600,,,,,,src_collected_ah_2024_group_admission
2024,AH,ordinary_undergraduate,physics,2331,011,,596,27799,,,,,,src_collected_ah_2024_group_admission
2024,AH,ordinary_undergraduate,physics,2331,012,,586,34064,,,,,,src_collected_ah_2024_group_admission
2024,AH,ordinary_undergraduate,physics,2331,013,,614,18079,,,,,,src_collected_ah_2024_group_admission
2024,AH,ordinary_undergraduate,physics,2333,001,,498,128603,,,,,,src_collected_ah_2024_group_admission
2024,AH,ordinary_undergraduate,physics,2336,001,,548,66285,,,,,,src_collected_ah_2024_group_admission
2024,AH,ordinary_undergraduate,physics,2336,002,,530,86007,,,,,,src_collected_ah_2024_group_admission
2024,AH,ordinary_undergraduate,physics,2337,001,,579,38889,,,,,,src_collected_ah_2024_group_admission
2024,AH,ordinary_undergraduate,physics,2337,002,,583,36490,,,,,,src_collected_ah_2024_group_admission
2024,AH,ordinary_undergraduate,physics,2337,003,,592,30590,,,,,,src_collected_ah_2024_group_admission
2024,AH,ordinary_undergraduate,physics,2339,001,,497,130024,,,,,,src_collected_ah_2024_group_admission
2024,AH,ordinary_undergraduate,physics,2339,002,,504,120771,,,,,,src_collected_ah_2024_group_admission
2024,AH,ordinary_undergraduate,physics,2341,001,,482,151780,,,,,,src_collected_ah_2024_group_admission
2024,AH,ordinary_undergraduate,physics,2341,002,,479,155850,,,,,,src_collected_ah_2024_group_admission
2024,AH,ordinary_undergraduate,physics,2342,001,,498,128914,,,,,,src_collected_ah_2024_group_admission
2024,AH,ordinary_undergraduate,physics,2342,003,,491,139037,,,,,,src_collected_ah_2024_group_admission
2024,AH,ordinary_undergraduate,physics,2346,005,,640,7548,,,,,,src_collected_ah_2024_group_admission
2024,AH,ordinary_undergraduate,physics,2346,006,,644,6342,,,,,,src_collected_ah_2024_group_admission
2024,AH,ordinary_undergraduate,physics,2347,001,,483,150058,,,,,,src_collected_ah_2024_group_admission
2024,AH,ordinary_undergraduate,physics,2347,002,,494,135140,,,,,,src_collected_ah_2024_group_admission
2024,AH,ordinary_undergraduate,physics,2350,002,,624,13386,,,,,,src_collected_ah_2024_group_admission
2024,AH,ordinary_undergraduate,physics,2350,004,,631,10868,,,,,,src_collected_ah_2024_group_admission
2024,AH,ordinary_undergraduate,physics,2351,001,,564,51562,,,,,,src_collected_ah_2024_group_admission
2024,AH,ordinary_undergraduate,physics,2351,002,,555,59633,,,,,,src_collected_ah_2024_group_admission
2024,AH,ordinary_undergraduate,physics,2352,002,,549,65831,,,,,,src_collected_ah_2024_group_admission
2024,AH,ordinary_undergraduate,physics,2352,003,,550,63867,,,,,,src_collected_ah_2024_group_admission
2024,AH,ordinary_undergraduate,physics,2353,001,,599,25847,,,,,,src_collected_ah_2024_group_admission
2024,AH,ordinary_undergraduate,physics,2357,002,,588,32750,,,,,,src_collected_ah_2024_group_admission
2024,AH,ordinary_undergraduate,physics,2357,004,,597,27274,,,,,,src_collected_ah_2024_group_admission
2024,AH,ordinary_undergraduate,physics,2358,002,,570,45689,,,,,,src_collected_ah_2024_group_admission
2024,AH,ordinary_undergraduate,physics,2358,003,,577,40545,,,,,,src_collected_ah_2024_group_admission
2024,AH,ordinary_undergraduate,physics,2363,003,,591,31277,,,,,,src_collected_ah_2024_group_admission
2024,AH,ordinary_undergraduate,physics,2364,002,,588,33278,,,,,,src_collected_ah_2024_group_admission
2024,AH,ordinary_undergraduate,physics,2366,001,,472,165754,,,,,,src_collected_ah_2024_group_admission
2024,AH,ordinary_undergraduate,physics,2366,002,,475,161950,,,,,,src_collected_ah_2024_group_admission
2024,AH,ordinary_undergraduate,physics,2366,003,,470,169268,,,,,,src_collected_ah_2024_group_admission
2024,AH,ordinary_undergraduate,physics,2368,001,,526,91312,,,,,,src_collected_ah_2024_group_admission
2024,AH,ordinary_undergraduate,physics,2368,002,,517,103303,,,,,,src_collected_ah_2024_group_admission
2024,AH,ordinary_undergraduate,physics,2368,003,,527,89844,,,,,,src_collected_ah_2024_group_admission
2024,AH,ordinary_undergraduate,physics,2368,004,,522,96149,,,,,,src_collected_ah_2024_group_admission
2024,AH,ordinary_undergraduate,physics,2369,003,,694,90,,,,,,src_collected_ah_2024_group_admission
2024,AH,ordinary_undergraduate,physics,2369,004,,686,294,,,,,,src_collected_ah_2024_group_admission
2024,AH,ordinary_undergraduate,physics,2370,003,,686,297,,,,,,src_collected_ah_2024_group_admission
2024,AH,ordinary_undergraduate,physics,2370,004,,674,1000,,,,,,src_collected_ah_2024_group_admission
2024,AH,ordinary_undergraduate,physics,2374,002,,597,27443,,,,,,src_collected_ah_2024_group_admission
2024,AH,ordinary_undergraduate,physics,2374,003,,601,24982,,,,,,src_collected_ah_2024_group_admission
2024,AH,ordinary_undergraduate,physics,2375,001,,471,166907,,,,,,src_collected_ah_2024_group_admission
2024,AH,ordinary_undergraduate,physics,2375,002,,465,176125,,,,,,src_collected_ah_2024_group_admission
2024,AH,ordinary_undergraduate,physics,2376,003,,531,85373,,,,,,src_collected_ah_2024_group_admission
2024,AH,ordinary_undergraduate,physics,2376,004,,530,86842,,,,,,src_collected_ah_2024_group_admission
2024,AH,ordinary_undergraduate,physics,2385,001,,471,166976,,,,,,src_collected_ah_2024_group_admission
2024,AH,ordinary_undergraduate,physics,2385,002,,467,172204,,,,,,src_collected_ah_2024_group_admission
2024,AH,ordinary_undergraduate,physics,2385,003,,467,172365,,,,,,src_collected_ah_2024_group_admission
2024,AH,ordinary_undergraduate,physics,2385,005,,465,175900,,,,,,src_collected_ah_2024_group_admission
2024,AH,ordinary_undergraduate,physics,2386,001,,550,64070,,,,,,src_collected_ah_2024_group_admission
2024,AH,ordinary_undergraduate,physics,2386,002,,551,63178,,,,,,src_collected_ah_2024_group_admission
2024,AH,ordinary_undergraduate,physics,2387,001,,569,47145,,,,,,src_collected_ah_2024_group_admission
2024,AH,ordinary_undergraduate,physics,2387,002,,582,37348,,,,,,src_collected_ah_2024_group_admission
2024,AH,ordinary_undergraduate,physics,2387,004,,581,38018,,,,,,src_collected_ah_2024_group_admission
2024,AH,ordinary_undergraduate,physics,2388,001,,465,175691,,,,,,src_collected_ah_2024_group_admission
2024,AH,ordinary_undergraduate,physics,2388,002,,466,174329,,,,,,src_collected_ah_2024_group_admission
2024,AH,ordinary_undergraduate,physics,2388,004,,465,175934,,,,,,src_collected_ah_2024_group_admission
2024,AH,ordinary_undergraduate,physics,2389,001,,502,123135,,,,,,src_collected_ah_2024_group_admission
2024,AH,ordinary_undergraduate,physics,2391,001,,563,51905,,,,,,src_collected_ah_2024_group_admission
2024,AH,ordinary_undergraduate,physics,2391,003,,568,47618,,,,,,src_collected_ah_2024_group_admission
2024,AH,ordinary_undergraduate,physics,2392,005,,621,14961,,,,,,src_collected_ah_2024_group_admission
2024,AH,ordinary_undergraduate,physics,2392,006,,632,10511,,,,,,src_collected_ah_2024_group_admission
2024,AH,ordinary_undergraduate,physics,2397,001,,475,161404,,,,,,src_collected_ah_2024_group_admission
2024,AH,ordinary_undergraduate,physics,2399,001,,568,48043,,,,,,src_collected_ah_2024_group_admission
2024,AH,ordinary_undergraduate,physics,2399,002,,565,50677,,,,,,src_collected_ah_2024_group_admission
2024,AH,ordinary_undergraduate,physics,2399,003,,569,46740,,,,,,src_collected_ah_2024_group_admission
2024,AH,ordinary_undergraduate,physics,2399,004,,579,39402,,,,,,src_collected_ah_2024_group_admission
2024,AH,ordinary_undergraduate,physics,2399,005,,564,51447,,,,,,src_collected_ah_2024_group_admission
2024,AH,ordinary_undergraduate,physics,2399,006,,583,36220,,,,,,src_collected_ah_2024_group_admission
2024,AH,ordinary_undergraduate,physics,2399,007,,567,48368,,,,,,src_collected_ah_2024_group_admission
2024,AH,ordinary_undergraduate,physics,2399,008,,529,87954,,,,,,src_collected_ah_2024_group_admission
2024,AH,ordinary_undergraduate,physics,2401,001,,601,25257,,,,,,src_collected_ah_2024_group_admission
2024,AH,ordinary_undergraduate,physics,2401,002,,576,41680,,,,,,src_collected_ah_2024_group_admission
2024,AH,ordinary_undergraduate,physics,2401,003,,563,52166,,,,,,src_collected_ah_2024_group_admission
2024,AH,ordinary_undergraduate,physics,2402,001,,465,176155,,,,,,src_collected_ah_2024_group_admission
2024,AH,ordinary_undergraduate,physics,2403,003,,598,26551,,,,,,src_collected_ah_2024_group_admission
2024,AH,ordinary_undergraduate,physics,2404,001,,503,122312,,,,,,src_collected_ah_2024_group_admission
2024,AH,ordinary_undergraduate,physics,2404,002,,504,120147,,,,,,src_collected_ah_2024_group_admission
2024,AH,ordinary_undergraduate,physics,2408,001,,500,125554,,,,,,src_collected_ah_2024_group_admission
2024,AH,ordinary_undergraduate,physics,2408,002,,491,138519,,,,,,src_collected_ah_2024_group_admission
2024,AH,ordinary_undergraduate,physics,2408,003,,489,142033,,,,,,src_collected_ah_2024_group_admission
2024,AH,ordinary_undergraduate,physics,2408,004,,504,120124,,,,,,src_collected_ah_2024_group_admission
2024,AH,ordinary_undergraduate,physics,2408,005,,492,137917,,,,,,src_collected_ah_2024_group_admission
2024,AH,ordinary_undergraduate,physics,2409,001,,500,125600,,,,,,src_collected_ah_2024_group_admission
2024,AH,ordinary_undergraduate,physics,2409,002,,498,129456,,,,,,src_collected_ah_2024_group_admission
2024,AH,ordinary_undergraduate,physics,2410,001,,520,98295,,,,,,src_collected_ah_2024_group_admission
2024,AH,ordinary_undergraduate,physics,2411,001,,487,144558,,,,,,src_collected_ah_2024_group_admission
2024,AH,ordinary_undergraduate,physics,2411,002,,487,144340,,,,,,src_collected_ah_2024_group_admission
2024,AH,ordinary_undergraduate,physics,2414,001,,608,20797,,,,,,src_collected_ah_2024_group_admission
2024,AH,ordinary_undergraduate,physics,2414,003,,623,14168,,,,,,src_collected_ah_2024_group_admission
2024,AH,ordinary_undergraduate,physics,2414,004,,616,16839,,,,,,src_collected_ah_2024_group_admission
2024,AH,ordinary_undergraduate,physics,2415,001,,592,30036,,,,,,src_collected_ah_2024_group_admission
2024,AH,ordinary_undergraduate,physics,2415,002,,599,26260,,,,,,src_collected_ah_2024_group_admission
2024,AH,ordinary_undergraduate,physics,2418,002,,465,175110,,,,,,src_collected_ah_2024_group_admission
2024,AH,ordinary_undergraduate,physics,2419,001,,469,170488,,,,,,src_collected_ah_2024_group_admission
2024,AH,ordinary_undergraduate,physics,2419,002,,465,176114,,,,,,src_collected_ah_2024_group_admission
2024,AH,ordinary_undergraduate,physics,2420,001,,514,106944,,,,,,src_collected_ah_2024_group_admission
2024,AH,ordinary_undergraduate,physics,2420,002,,526,91680,,,,,,src_collected_ah_2024_group_admission
2024,AH,ordinary_undergraduate,physics,2420,003,,514,107100,,,,,,src_collected_ah_2024_group_admission
2024,AH,ordinary_undergraduate,physics,2421,001,,561,54285,,,,,,src_collected_ah_2024_group_admission
2024,AH,ordinary_undergraduate,physics,2422,001,,465,175084,,,,,,src_collected_ah_2024_group_admission
2024,AH,ordinary_undergraduate,physics,2422,002,,472,166341,,,,,,src_collected_ah_2024_group_admission
2024,AH,ordinary_undergraduate,physics,2423,002,,542,72399,,,,,,src_collected_ah_2024_group_admission
2024,AH,ordinary_undergraduate,physics,2423,003,,548,66375,,,,,,src_collected_ah_2024_group_admission
2024,AH,ordinary_undergraduate,physics,2423,004,,528,88577,,,,,,src_collected_ah_2024_group_admission
2024,AH,ordinary_undergraduate,physics,2424,002,,527,89947,,,,,,src_collected_ah_2024_group_admission
2024,AH,ordinary_undergraduate,physics,2424,003,,555,59433,,,,,,src_collected_ah_2024_group_admission
2024,AH,ordinary_undergraduate,physics,2425,001,,514,106157,,,,,,src_collected_ah_2024_group_admission
2024,AH,ordinary_undergraduate,physics,2425,002,,521,98081,,,,,,src_collected_ah_2024_group_admission
2024,AH,ordinary_undergraduate,physics,2426,002,,528,89325,,,,,,src_collected_ah_2024_group_admission
2024,AH,ordinary_undergraduate,physics,2426,003,,525,92254,,,,,,src_collected_ah_2024_group_admission
2024,AH,ordinary_undergraduate,physics,2426,004,,516,103879,,,,,,src_collected_ah_2024_group_admission
2024,AH,ordinary_undergraduate,physics,2426,006,,532,83555,,,,,,src_collected_ah_2024_group_admission
2024,AH,ordinary_undergraduate,physics,2426,007,,535,80981,,,,,,src_collected_ah_2024_group_admission
2024,AH,ordinary_undergraduate,physics,2427,001,,467,172736,,,,,,src_collected_ah_2024_group_admission
2024,AH,ordinary_undergraduate,physics,2427,002,,466,173771,,,,,,src_collected_ah_2024_group_admission
2024,AH,ordinary_undergraduate,physics,2428,002,,555,59335,,,,,,src_collected_ah_2024_group_admission
2024,AH,ordinary_undergraduate,physics,2428,003,,546,67987,,,,,,src_collected_ah_2024_group_admission
2024,AH,ordinary_undergraduate,physics,2429,002,,526,90840,,,,,,src_collected_ah_2024_group_admission
2024,AH,ordinary_undergraduate,physics,2429,003,,527,89656,,,,,,src_collected_ah_2024_group_admission
2024,AH,ordinary_undergraduate,physics,2429,005,,531,85698,,,,,,src_collected_ah_2024_group_admission
2024,AH,ordinary_undergraduate,physics,2430,001,,504,120638,,,,,,src_collected_ah_2024_group_admission
2024,AH,ordinary_undergraduate,physics,2430,002,,504,120392,,,,,,src_collected_ah_2024_group_admission
2024,AH,ordinary_undergraduate,physics,2430,003,,508,114421,,,,,,src_collected_ah_2024_group_admission
2024,AH,ordinary_undergraduate,physics,2430,004,,525,91994,,,,,,src_collected_ah_2024_group_admission
2024,AH,ordinary_undergraduate,physics,2431,001,,488,143886,,,,,,src_collected_ah_2024_group_admission
2024,AH,ordinary_undergraduate,physics,2431,002,,493,136625,,,,,,src_collected_ah_2024_group_admission
2024,AH,ordinary_undergraduate,physics,2432,003,,487,145223,,,,,,src_collected_ah_2024_group_admission
2024,AH,ordinary_undergraduate,physics,2432,004,,555,59671,,,,,,src_collected_ah_2024_group_admission
2024,AH,ordinary_undergraduate,physics,2433,001,,508,115098,,,,,,src_collected_ah_2024_group_admission
2024,AH,ordinary_undergraduate,physics,2433,002,,552,62735,,,,,,src_collected_ah_2024_group_admission
2024,AH,ordinary_undergraduate,physics,2433,003,,481,152790,,,,,,src_collected_ah_2024_group_admission
2024,AH,ordinary_undergraduate,physics,2433,004,,520,98852,,,,,,src_collected_ah_2024_group_admission
2024,AH,ordinary_undergraduate,physics,2433,005,,541,74375,,,,,,src_collected_ah_2024_group_admission
2024,AH,ordinary_undergraduate,physics,2434,001,,489,141409,,,,,,src_collected_ah_2024_group_admission
2024,AH,ordinary_undergraduate,physics,2436,005,,547,67398,,,,,,src_collected_ah_2024_group_admission
2024,AH,ordinary_undergraduate,physics,2436,006,,552,62599,,,,,,src_collected_ah_2024_group_admission
2024,AH,ordinary_undergraduate,physics,2436,007,,576,41666,,,,,,src_collected_ah_2024_group_admission
2024,AH,ordinary_undergraduate,physics,2436,008,,553,61015,,,,,,src_collected_ah_2024_group_admission
2024,AH,ordinary_undergraduate,physics,2436,009,,556,58514,,,,,,src_collected_ah_2024_group_admission
2024,AH,ordinary_undergraduate,physics,2441,001,,546,68566,,,,,,src_collected_ah_2024_group_admission
2024,AH,ordinary_undergraduate,physics,2441,002,,532,84260,,,,,,src_collected_ah_2024_group_admission
2024,AH,ordinary_undergraduate,physics,2441,003,,541,73360,,,,,,src_collected_ah_2024_group_admission
2024,AH,ordinary_undergraduate,physics,2442,001,,504,120247,,,,,,src_collected_ah_2024_group_admission
2024,AH,ordinary_undergraduate,physics,2442,002,,495,133742,,,,,,src_collected_ah_2024_group_admission
2024,AH,ordinary_undergraduate,physics,2445,002,,506,118180,,,,,,src_collected_ah_2024_group_admission
2024,AH,ordinary_undergraduate,physics,2450,001,,588,33231,,,,,,src_collected_ah_2024_group_admission
2024,AH,ordinary_undergraduate,physics,2451,001,,608,21213,,,,,,src_collected_ah_2024_group_admission
2024,AH,ordinary_undergraduate,physics,2451,002,,617,16321,,,,,,src_collected_ah_2024_group_admission
2024,AH,ordinary_undergraduate,physics,2453,003,,634,9830,,,,,,src_collected_ah_2024_group_admission
2024,AH,ordinary_undergraduate,physics,2453,004,,653,4278,,,,,,src_collected_ah_2024_group_admission
2024,AH,ordinary_undergraduate,physics,2453,005,,613,18498,,,,,,src_collected_ah_2024_group_admission
2024,AH,ordinary_undergraduate,physics,2457,001,,477,159002,,,,,,src_collected_ah_2024_group_admission
2024,AH,ordinary_undergraduate,physics,2457,002,,479,155945,,,,,,src_collected_ah_2024_group_admission
2024,AH,ordinary_undergraduate,physics,2458,003,,645,6074,,,,,,src_collected_ah_2024_group_admission
2024,AH,ordinary_undergraduate,physics,2458,004,,621,14741,,,,,,src_collected_ah_2024_group_admission
2024,AH,ordinary_undergraduate,physics,2458,006,,648,5228,,,,,,src_collected_ah_2024_group_admission
2024,AH,ordinary_undergraduate,physics,2458,007,,661,2600,,,,,,src_collected_ah_2024_group_admission
2024,AH,ordinary_undergraduate,physics,2459,001,,478,157921,,,,,,src_collected_ah_2024_group_admission
2024,AH,ordinary_undergraduate,physics,2459,002,,484,149545,,,,,,src_collected_ah_2024_group_admission
2024,AH,ordinary_undergraduate,physics,2460,001,,472,165700,,,,,,src_collected_ah_2024_group_admission
2024,AH,ordinary_undergraduate,physics,2463,001,,488,143290,,,,,,src_collected_ah_2024_group_admission
2024,AH,ordinary_undergraduate,physics,2463,002,,489,141627,,,,,,src_collected_ah_2024_group_admission
2024,AH,ordinary_undergraduate,physics,2464,001,,481,152769,,,,,,src_collected_ah_2024_group_admission
2024,AH,ordinary_undergraduate,physics,2464,002,,485,148027,,,,,,src_collected_ah_2024_group_admission
2024,AH,ordinary_undergraduate,physics,2472,001,,493,136732,,,,,,src_collected_ah_2024_group_admission
2024,AH,ordinary_undergraduate,physics,2472,002,,499,128060,,,,,,src_collected_ah_2024_group_admission
2024,AH,ordinary_undergraduate,physics,2472,004,,507,116134,,,,,,src_collected_ah_2024_group_admission
2024,AH,ordinary_undergraduate,physics,2473,001,,528,89205,,,,,,src_collected_ah_2024_group_admission
2024,AH,ordinary_undergraduate,physics,2473,002,,543,72046,,,,,,src_collected_ah_2024_group_admission
2024,AH,ordinary_undergraduate,physics,2474,001,,584,35881,,,,,,src_collected_ah_2024_group_admission
2024,AH,ordinary_undergraduate,physics,2474,002,,591,31112,,,,,,src_collected_ah_2024_group_admission
2024,AH,ordinary_undergraduate,physics,2476,001,,524,94052,,,,,,src_collected_ah_2024_group_admission
2024,AH,ordinary_undergraduate,physics,2477,001,,549,65177,,,,,,src_collected_ah_2024_group_admission
2024,AH,ordinary_undergraduate,physics,2477,002,,550,64492,,,,,,src_collected_ah_2024_group_admission
2024,AH,ordinary_undergraduate,physics,2477,003,,575,41804,,,,,,src_collected_ah_2024_group_admission
2024,AH,ordinary_undergraduate,physics,2477,004,,559,55895,,,,,,src_collected_ah_2024_group_admission
2024,AH,ordinary_undergraduate,physics,2477,005,,551,62891,,,,,,src_collected_ah_2024_group_admission
2024,AH,ordinary_undergraduate,physics,2477,006,,563,51916,,,,,,src_collected_ah_2024_group_admission
2024,AH,ordinary_undergraduate,physics,2478,002,,562,53164,,,,,,src_collected_ah_2024_group_admission
2024,AH,ordinary_undergraduate,physics,2478,003,,555,59844,,,,,,src_collected_ah_2024_group_admission
2024,AH,ordinary_undergraduate,physics,2478,005,,575,41997,,,,,,src_collected_ah_2024_group_admission
2024,AH,ordinary_undergraduate,physics,2480,001,,476,159857,,,,,,src_collected_ah_2024_group_admission
2024,AH,ordinary_undergraduate,physics,2480,002,,471,167026,,,,,,src_collected_ah_2024_group_admission
2024,AH,ordinary_undergraduate,physics,2481,001,,497,130366,,,,,,src_collected_ah_2024_group_admission
2024,AH,ordinary_undergraduate,physics,2481,002,,499,127275,,,,,,src_collected_ah_2024_group_admission
2024,AH,ordinary_undergraduate,physics,2481,003,,493,136352,,,,,,src_collected_ah_2024_group_admission
2024,AH,ordinary_undergraduate,physics,2488,001,,540,75130,,,,,,src_collected_ah_2024_group_admission
2024,AH,ordinary_undergraduate,physics,2489,004,,632,10248,,,,,,src_collected_ah_2024_group_admission
2024,AH,ordinary_undergraduate,physics,2489,005,,640,7766,,,,,,src_collected_ah_2024_group_admission
2024,AH,ordinary_undergraduate,physics,2490,001,,504,120542,,,,,,src_collected_ah_2024_group_admission
2024,AH,ordinary_undergraduate,physics,2498,001,,575,42275,,,,,,src_collected_ah_2024_group_admission
2024,AH,ordinary_undergraduate,physics,2498,003,,581,37703,,,,,,src_collected_ah_2024_group_admission
2024,AH,ordinary_undergraduate,physics,2499,001,,486,145535,,,,,,src_collected_ah_2024_group_admission
2024,AH,ordinary_undergraduate,physics,2504,001,,514,106875,,,,,,src_collected_ah_2024_group_admission
2024,AH,ordinary_undergraduate,physics,2504,002,,513,108172,,,,,,src_collected_ah_2024_group_admission
2024,AH,ordinary_undergraduate,physics,2504,003,,512,110089,,,,,,src_collected_ah_2024_group_admission
2024,AH,ordinary_undergraduate,physics,2507,001,,487,144039,,,,,,src_collected_ah_2024_group_admission
2024,AH,ordinary_undergraduate,physics,2507,002,,488,142498,,,,,,src_collected_ah_2024_group_admission
2024,AH,ordinary_undergraduate,physics,2512,002,,488,143689,,,,,,src_collected_ah_2024_group_admission
2024,AH,ordinary_undergraduate,physics,2512,003,,487,143940,,,,,,src_collected_ah_2024_group_admission
2024,AH,ordinary_undergraduate,physics,2512,004,,488,143685,,,,,,src_collected_ah_2024_group_admission
2024,AH,ordinary_undergraduate,physics,2515,001,,519,100789,,,,,,src_collected_ah_2024_group_admission
2024,AH,ordinary_undergraduate,physics,2518,001,,487,144352,,,,,,src_collected_ah_2024_group_admission
2024,AH,ordinary_undergraduate,physics,2518,002,,506,117390,,,,,,src_collected_ah_2024_group_admission
2024,AH,ordinary_undergraduate,physics,2519,001,,534,81374,,,,,,src_collected_ah_2024_group_admission
2024,AH,ordinary_undergraduate,physics,2520,001,,597,27077,,,,,,src_collected_ah_2024_group_admission
2024,AH,ordinary_undergraduate,physics,2520,002,,602,24316,,,,,,src_collected_ah_2024_group_admission
2024,AH,ordinary_undergraduate,physics,2521,001,,503,121976,,,,,,src_collected_ah_2024_group_admission
2024,AH,ordinary_undergraduate,physics,2521,002,,508,114510,,,,,,src_collected_ah_2024_group_admission
2024,AH,ordinary_undergraduate,physics,2522,001,,490,140609,,,,,,src_collected_ah_2024_group_admission
2024,AH,ordinary_undergraduate,physics,2522,002,,493,136048,,,,,,src_collected_ah_2024_group_admission
2024,AH,ordinary_undergraduate,physics,2522,003,,490,140644,,,,,,src_collected_ah_2024_group_admission
2024,AH,ordinary_undergraduate,physics,2524,001,,468,171521,,,,,,src_collected_ah_2024_group_admission
2024,AH,ordinary_undergraduate,physics,2524,002,,465,175967,,,,,,src_collected_ah_2024_group_admission
2024,AH,ordinary_undergraduate,physics,2525,001,,496,131441,,,,,,src_collected_ah_2024_group_admission
2024,AH,ordinary_undergraduate,physics,2527,001,,514,106987,,,,,,src_collected_ah_2024_group_admission
2024,AH,ordinary_undergraduate,physics,2530,001,,496,132178,,,,,,src_collected_ah_2024_group_admission
2024,AH,ordinary_undergraduate,physics,2538,001,,572,44690,,,,,,src_collected_ah_2024_group_admission
2024,AH,ordinary_undergraduate,physics,2538,002,,571,44902,,,,,,src_collected_ah_2024_group_admission
2024,AH,ordinary_undergraduate,physics,2538,004,,579,39098,,,,,,src_collected_ah_2024_group_admission
2024,AH,ordinary_undergraduate,physics,2539,001,,479,156077,,,,,,src_collected_ah_2024_group_admission
2024,AH,ordinary_undergraduate,physics,2539,002,,482,152411,,,,,,src_collected_ah_2024_group_admission
2024,AH,ordinary_undergraduate,physics,2539,003,,480,154309,,,,,,src_collected_ah_2024_group_admission
2024,AH,ordinary_undergraduate,physics,2540,004,,522,96321,,,,,,src_collected_ah_2024_group_admission
2024,AH,ordinary_undergraduate,physics,2540,006,,528,88718,,,,,,src_collected_ah_2024_group_admission
2024,AH,ordinary_undergraduate,physics,2544,003,,658,3132,,,,,,src_collected_ah_2024_group_admission
2024,AH,ordinary_undergraduate,physics,2546,002,,589,32315,,,,,,src_collected_ah_2024_group_admission
2024,AH,ordinary_undergraduate,physics,2546,004,,598,26901,,,,,,src_collected_ah_2024_group_admission
2024,AH,ordinary_undergraduate,physics,2554,001,,560,54578,,,,,,src_collected_ah_2024_group_admission
2024,AH,ordinary_undergraduate,physics,2554,003,,577,40408,,,,,,src_collected_ah_2024_group_admission
2024,AH,ordinary_undergraduate,physics,2554,004,,583,36202,,,,,,src_collected_ah_2024_group_admission
2024,AH,ordinary_undergraduate,physics,2554,005,,585,34890,,,,,,src_collected_ah_2024_group_admission
2024,AH,ordinary_undergraduate,physics,2554,006,,543,71461,,,,,,src_collected_ah_2024_group_admission
2024,AH,ordinary_undergraduate,physics,2554,007,,538,76769,,,,,,src_collected_ah_2024_group_admission
2024,AH,ordinary_undergraduate,physics,2555,004,,579,39380,,,,,,src_collected_ah_2024_group_admission
2024,AH,ordinary_undergraduate,physics,2555,005,,580,38181,,,,,,src_collected_ah_2024_group_admission
2024,AH,ordinary_undergraduate,physics,2556,001,,479,155639,,,,,,src_collected_ah_2024_group_admission
2024,AH,ordinary_undergraduate,physics,2556,002,,479,155471,,,,,,src_collected_ah_2024_group_admission
2024,AH,ordinary_undergraduate,physics,2557,001,,514,106962,,,,,,src_collected_ah_2024_group_admission
2024,AH,ordinary_undergraduate,physics,2558,001,,509,113872,,,,,,src_collected_ah_2024_group_admission
2024,AH,ordinary_undergraduate,physics,2558,002,,510,112812,,,,,,src_collected_ah_2024_group_admission
2024,AH,ordinary_undergraduate,physics,2558,003,,506,118043,,,,,,src_collected_ah_2024_group_admission
2024,AH,ordinary_undergraduate,physics,2558,004,,516,104197,,,,,,src_collected_ah_2024_group_admission
2024,AH,ordinary_undergraduate,physics,2558,005,,507,116633,,,,,,src_collected_ah_2024_group_admission
2024,AH,ordinary_undergraduate,physics,2560,001,,465,174995,,,,,,src_collected_ah_2024_group_admission
2024,AH,ordinary_undergraduate,physics,2560,003,,465,175616,,,,,,src_collected_ah_2024_group_admission
2024,AH,ordinary_undergraduate,physics,2562,002,,537,78277,,,,,,src_collected_ah_2024_group_admission
2024,AH,ordinary_undergraduate,physics,2562,004,,537,78075,,,,,,src_collected_ah_2024_group_admission
2024,AH,ordinary_undergraduate,physics,2562,005,,530,86682,,,,,,src_collected_ah_2024_group_admission
2024,AH,ordinary_undergraduate,physics,2563,001,,479,155519,,,,,,src_collected_ah_2024_group_admission
2024,AH,ordinary_undergraduate,physics,2563,002,,468,171294,,,,,,src_collected_ah_2024_group_admission
2024,AH,ordinary_undergraduate,physics,2565,001,,559,55570,,,,,,src_collected_ah_2024_group_admission
2024,AH,ordinary_undergraduate,physics,2565,002,,574,43048,,,,,,src_collected_ah_2024_group_admission
2024,AH,ordinary_undergraduate,physics,2565,003,,569,47003,,,,,,src_collected_ah_2024_group_admission
2024,AH,ordinary_undergraduate,physics,2570,001,,465,176052,,,,,,src_collected_ah_2024_group_admission
2024,AH,ordinary_undergraduate,physics,2570,002,,465,176111,,,,,,src_collected_ah_2024_group_admission
2024,AH,ordinary_undergraduate,physics,2572,002,,541,74367,,,,,,src_collected_ah_2024_group_admission
2024,AH,ordinary_undergraduate,physics,2572,003,,528,89389,,,,,,src_collected_ah_2024_group_admission
2024,AH,ordinary_undergraduate,physics,2572,005,,588,32847,,,,,,src_collected_ah_2024_group_admission
2024,AH,ordinary_undergraduate,physics,2572,006,,540,75121,,,,,,src_collected_ah_2024_group_admission
2024,AH,ordinary_undergraduate,physics,2573,001,,484,149466,,,,,,src_collected_ah_2024_group_admission
2024,AH,ordinary_undergraduate,physics,2575,004,,621,14778,,,,,,src_collected_ah_2024_group_admission
2024,AH,ordinary_undergraduate,physics,2575,005,,616,16947,,,,,,src_collected_ah_2024_group_admission
2024,AH,ordinary_undergraduate,physics,2575,006,,615,17452,,,,,,src_collected_ah_2024_group_admission
2024,AH,ordinary_undergraduate,physics,2575,051,,650,4799,,,,,,src_collected_ah_2024_group_admission
2024,AH,ordinary_undergraduate,physics,2575,052,,637,8629,,,,,,src_collected_ah_2024_group_admission
2024,AH,ordinary_undergraduate,physics,2575,053,,645,6257,,,,,,src_collected_ah_2024_group_admission
2024,AH,ordinary_undergraduate,physics,2575,054,,660,2881,,,,,,src_collected_ah_2024_group_admission
2024,AH,ordinary_undergraduate,physics,2575,055,,614,17747,,,,,,src_collected_ah_2024_group_admission
2024,AH,ordinary_undergraduate,physics,2576,001,,479,156666,,,,,,src_collected_ah_2024_group_admission
2024,AH,ordinary_undergraduate,physics,2576,002,,488,142658,,,,,,src_collected_ah_2024_group_admission
2024,AH,ordinary_undergraduate,physics,2576,003,,493,136462,,,,,,src_collected_ah_2024_group_admission
2024,AH,ordinary_undergraduate,physics,2576,004,,542,72905,,,,,,src_collected_ah_2024_group_admission
2024,AH,ordinary_undergraduate,physics,2580,001,,514,106338,,,,,,src_collected_ah_2024_group_admission
2024,AH,ordinary_undergraduate,physics,2580,002,,528,88684,,,,,,src_collected_ah_2024_group_admission
2024,AH,ordinary_undergraduate,physics,2581,001,,508,115239,,,,,,src_collected_ah_2024_group_admission
2024,AH,ordinary_undergraduate,physics,2581,002,,516,104331,,,,,,src_collected_ah_2024_group_admission
2024,AH,ordinary_undergraduate,physics,2582,001,,547,67155,,,,,,src_collected_ah_2024_group_admission
2024,AH,ordinary_undergraduate,physics,2582,002,,590,31925,,,,,,src_collected_ah_2024_group_admission
2024,AH,ordinary_undergraduate,physics,2582,051,,557,57027,,,,,,src_collected_ah_2024_group_admission
2024,AH,ordinary_undergraduate,physics,2582,054,,543,71228,,,,,,src_collected_ah_2024_group_admission
2024,AH,ordinary_undergraduate,physics,2582,055,,566,49560,,,,,,src_collected_ah_2024_group_admission
2024,AH,ordinary_undergraduate,physics,2584,001,,491,138443,,,,,,src_collected_ah_2024_group_admission
2024,AH,ordinary_undergraduate,physics,2584,002,,497,130342,,,,,,src_collected_ah_2024_group_admission
2024,AH,ordinary_undergraduate,physics,2588,001,,488,143004,,,,,,src_collected_ah_2024_group_admission
2024,AH,ordinary_undergraduate,physics,2589,003,,665,2046,,,,,,src_collected_ah_2024_group_admission
2024,AH,ordinary_undergraduate,physics,2589,004,,663,2312,,,,,,src_collected_ah_2024_group_admission
2024,AH,ordinary_undergraduate,physics,2599,001,,478,157898,,,,,,src_collected_ah_2024_group_admission
2024,AH,ordinary_undergraduate,physics,2599,002,,484,148383,,,,,,src_collected_ah_2024_group_admission
2024,AH,ordinary_undergraduate,physics,2602,001,,509,113669,,,,,,src_collected_ah_2024_group_admission
2024,AH,ordinary_undergraduate,physics,2602,002,,507,116096,,,,,,src_collected_ah_2024_group_admission
2024,AH,ordinary_undergraduate,physics,2602,003,,482,151076,,,,,,src_collected_ah_2024_group_admission
2024,AH,ordinary_undergraduate,physics,2602,004,,523,95361,,,,,,src_collected_ah_2024_group_admission
2024,AH,ordinary_undergraduate,physics,2604,001,,495,133589,,,,,,src_collected_ah_2024_group_admission
2024,AH,ordinary_undergraduate,physics,2606,001,,565,50510,,,,,,src_collected_ah_2024_group_admission
2024,AH,ordinary_undergraduate,physics,2606,002,,554,60171,,,,,,src_collected_ah_2024_group_admission
2024,AH,ordinary_undergraduate,physics,2606,003,,571,44987,,,,,,src_collected_ah_2024_group_admission
2024,AH,ordinary_undergraduate,physics,2609,001,,526,90709,,,,,,src_collected_ah_2024_group_admission
2024,AH,ordinary_undergraduate,physics,2609,002,,529,87150,,,,,,src_collected_ah_2024_group_admission
2024,AH,ordinary_undergraduate,physics,2610,001,,481,153407,,,,,,src_collected_ah_2024_group_admission
2024,AH,ordinary_undergraduate,physics,2610,002,,482,151690,,,,,,src_collected_ah_2024_group_admission
2024,AH,ordinary_undergraduate,physics,2611,001,,561,53434,,,,,,src_collected_ah_2024_group_admission
2024,AH,ordinary_undergraduate,physics,2611,002,,588,32827,,,,,,src_collected_ah_2024_group_admission
2024,AH,ordinary_undergraduate,physics,2611,003,,565,50111,,,,,,src_collected_ah_2024_group_admission
2024,AH,ordinary_undergraduate,physics,2611,004,,550,63849,,,,,,src_collected_ah_2024_group_admission
2024,AH,ordinary_undergraduate,physics,2612,002,,495,133279,,,,,,src_collected_ah_2024_group_admission
2024,AH,ordinary_undergraduate,physics,2612,003,,498,128517,,,,,,src_collected_ah_2024_group_admission
2024,AH,ordinary_undergraduate,physics,2614,001,,484,149242,,,,,,src_collected_ah_2024_group_admission
2024,AH,ordinary_undergraduate,physics,2622,003,,484,148876,,,,,,src_collected_ah_2024_group_admission
2024,AH,ordinary_undergraduate,physics,2623,001,,534,81424,,,,,,src_collected_ah_2024_group_admission
2024,AH,ordinary_undergraduate,physics,2623,002,,539,75762,,,,,,src_collected_ah_2024_group_admission
2024,AH,ordinary_undergraduate,physics,2625,001,,492,137431,,,,,,src_collected_ah_2024_group_admission
2024,AH,ordinary_undergraduate,physics,2625,002,,496,131089,,,,,,src_collected_ah_2024_group_admission
2024,AH,ordinary_undergraduate,physics,2625,003,,489,142144,,,,,,src_collected_ah_2024_group_admission
2024,AH,ordinary_undergraduate,physics,2627,001,,529,87340,,,,,,src_collected_ah_2024_group_admission
2024,AH,ordinary_undergraduate,physics,2627,002,,529,87484,,,,,,src_collected_ah_2024_group_admission
2024,AH,ordinary_undergraduate,physics,2627,003,,516,104530,,,,,,src_collected_ah_2024_group_admission
2024,AH,ordinary_undergraduate,physics,2627,004,,511,111447,,,,,,src_collected_ah_2024_group_admission
2024,AH,ordinary_undergraduate,physics,2628,001,,471,167710,,,,,,src_collected_ah_2024_group_admission
2024,AH,ordinary_undergraduate,physics,2628,002,,484,148344,,,,,,src_collected_ah_2024_group_admission
2024,AH,ordinary_undergraduate,physics,2629,001,,483,149803,,,,,,src_collected_ah_2024_group_admission
2024,AH,ordinary_undergraduate,physics,2630,001,,484,148299,,,,,,src_collected_ah_2024_group_admission
2024,AH,ordinary_undergraduate,physics,2632,001,,483,150670,,,,,,src_collected_ah_2024_group_admission
2024,AH,ordinary_undergraduate,physics,2634,001,,478,158064,,,,,,src_collected_ah_2024_group_admission
2024,AH,ordinary_undergraduate,physics,2637,003,,658,3233,,,,,,src_collected_ah_2024_group_admission
2024,AH,ordinary_undergraduate,physics,2637,004,,665,2073,,,,,,src_collected_ah_2024_group_admission
2024,AH,ordinary_undergraduate,physics,2637,005,,669,1517,,,,,,src_collected_ah_2024_group_admission
2024,AH,ordinary_undergraduate,physics,2637,006,,664,2109,,,,,,src_collected_ah_2024_group_admission
2024,AH,ordinary_undergraduate,physics,2637,007,,662,2524,,,,,,src_collected_ah_2024_group_admission
2024,AH,ordinary_undergraduate,physics,2640,001,,484,149469,,,,,,src_collected_ah_2024_group_admission
2024,AH,ordinary_undergraduate,physics,2640,002,,482,151355,,,,,,src_collected_ah_2024_group_admission
2024,AH,ordinary_undergraduate,physics,2641,001,,548,66123,,,,,,src_collected_ah_2024_group_admission
2024,AH,ordinary_undergraduate,physics,2642,001,,476,160453,,,,,,src_collected_ah_2024_group_admission
2024,AH,ordinary_undergraduate,physics,2642,002,,476,160286,,,,,,src_collected_ah_2024_group_admission
2024,AH,ordinary_undergraduate,physics,2642,003,,479,156225,,,,,,src_collected_ah_2024_group_admission
2024,AH,ordinary_undergraduate,physics,2643,001,,574,43286,,,,,,src_collected_ah_2024_group_admission
2024,AH,ordinary_undergraduate,physics,2643,002,,584,35893,,,,,,src_collected_ah_2024_group_admission
2024,AH,ordinary_undergraduate,physics,2644,001,,487,145049,,,,,,src_collected_ah_2024_group_admission
2024,AH,ordinary_undergraduate,physics,2645,001,,484,149284,,,,,,src_collected_ah_2024_group_admission
2024,AH,ordinary_undergraduate,physics,2645,002,,482,152343,,,,,,src_collected_ah_2024_group_admission
2024,AH,ordinary_undergraduate,physics,2647,001,,482,151518,,,,,,src_collected_ah_2024_group_admission
2024,AH,ordinary_undergraduate,physics,2651,001,,481,153208,,,,,,src_collected_ah_2024_group_admission
2024,AH,ordinary_undergraduate,physics,2651,002,,482,152319,,,,,,src_collected_ah_2024_group_admission
2024,AH,ordinary_undergraduate,physics,2654,001,,571,45677,,,,,,src_collected_ah_2024_group_admission
2024,AH,ordinary_undergraduate,physics,2654,002,,596,27643,,,,,,src_collected_ah_2024_group_admission
2024,AH,ordinary_undergraduate,physics,2656,006,,643,6731,,,,,,src_collected_ah_2024_group_admission
2024,AH,ordinary_undergraduate,physics,2656,007,,642,6957,,,,,,src_collected_ah_2024_group_admission
2024,AH,ordinary_undergraduate,physics,2656,008,,640,7601,,,,,,src_collected_ah_2024_group_admission
2024,AH,ordinary_undergraduate,physics,2656,009,,623,13928,,,,,,src_collected_ah_2024_group_admission
2024,AH,ordinary_undergraduate,physics,2658,001,,540,74939,,,,,,src_collected_ah_2024_group_admission
2024,AH,ordinary_undergraduate,physics,2659,001,,477,158520,,,,,,src_collected_ah_2024_group_admission
2024,AH,ordinary_undergraduate,physics,2665,001,,506,117844,,,,,,src_collected_ah_2024_group_admission
2024,AH,ordinary_undergraduate,physics,2665,002,,505,119486,,,,,,src_collected_ah_2024_group_admission
2024,AH,ordinary_undergraduate,physics,2665,003,,508,115578,,,,,,src_collected_ah_2024_group_admission
2024,AH,ordinary_undergraduate,physics,2665,004,,525,92233,,,,,,src_collected_ah_2024_group_admission
2024,AH,ordinary_undergraduate,physics,2666,001,,483,150573,,,,,,src_collected_ah_2024_group_admission
2024,AH,ordinary_undergraduate,physics,2670,001,,481,153163,,,,,,src_collected_ah_2024_group_admission
2024,AH,ordinary_undergraduate,physics,2670,002,,487,144140,,,,,,src_collected_ah_2024_group_admission
2024,AH,ordinary_undergraduate,physics,2670,003,,506,117896,,,,,,src_collected_ah_2024_group_admission
2024,AH,ordinary_undergraduate,physics,2672,001,,486,146633,,,,,,src_collected_ah_2024_group_admission
2024,AH,ordinary_undergraduate,physics,2672,002,,495,132523,,,,,,src_collected_ah_2024_group_admission
2024,AH,ordinary_undergraduate,physics,2676,001,,493,135432,,,,,,src_collected_ah_2024_group_admission
2024,AH,ordinary_undergraduate,physics,2677,001,,555,59223,,,,,,src_collected_ah_2024_group_admission
2024,AH,ordinary_undergraduate,physics,2680,004,,637,8587,,,,,,src_collected_ah_2024_group_admission
2024,AH,ordinary_undergraduate,physics,2680,006,,646,5755,,,,,,src_collected_ah_2024_group_admission
2024,AH,ordinary_undergraduate,physics,2681,001,,468,171562,,,,,,src_collected_ah_2024_group_admission
2024,AH,ordinary_undergraduate,physics,2681,002,,477,158356,,,,,,src_collected_ah_2024_group_admission
2024,AH,ordinary_undergraduate,physics,2683,001,,544,70387,,,,,,src_collected_ah_2024_group_admission
2024,AH,ordinary_undergraduate,physics,2683,003,,549,65435,,,,,,src_collected_ah_2024_group_admission
2024,AH,ordinary_undergraduate,physics,2685,001,,579,39033,,,,,,src_collected_ah_2024_group_admission
2024,AH,ordinary_undergraduate,physics,2685,002,,585,35247,,,,,,src_collected_ah_2024_group_admission
2024,AH,ordinary_undergraduate,physics,2687,004,,514,107453,,,,,,src_collected_ah_2024_group_admission
2024,AH,ordinary_undergraduate,physics,2689,001,,565,50235,,,,,,src_collected_ah_2024_group_admission
2024,AH,ordinary_undergraduate,physics,2689,002,,559,55675,,,,,,src_collected_ah_2024_group_admission
2024,AH,ordinary_undergraduate,physics,2689,003,,572,44257,,,,,,src_collected_ah_2024_group_admission
2024,AH,ordinary_undergraduate,physics,2689,005,,565,50256,,,,,,src_collected_ah_2024_group_admission
2024,AH,ordinary_undergraduate,physics,2689,006,,554,60666,,,,,,src_collected_ah_2024_group_admission
2024,AH,ordinary_undergraduate,physics,2690,001,,482,152321,,,,,,src_collected_ah_2024_group_admission
2024,AH,ordinary_undergraduate,physics,2691,007,,654,4070,,,,,,src_collected_ah_2024_group_admission
2024,AH,ordinary_undergraduate,physics,2691,008,,670,1437,,,,,,src_collected_ah_2024_group_admission
2024,AH,ordinary_undergraduate,physics,2691,010,,653,4198,,,,,,src_collected_ah_2024_group_admission
2024,AH,ordinary_undergraduate,physics,2692,001,,483,150547,,,,,,src_collected_ah_2024_group_admission
2024,AH,ordinary_undergraduate,physics,2692,002,,480,154062,,,,,,src_collected_ah_2024_group_admission
2024,AH,ordinary_undergraduate,physics,2693,001,,562,53179,,,,,,src_collected_ah_2024_group_admission
2024,AH,ordinary_undergraduate,physics,2693,003,,570,46125,,,,,,src_collected_ah_2024_group_admission
2024,AH,ordinary_undergraduate,physics,2694,001,,477,158434,,,,,,src_collected_ah_2024_group_admission
2024,AH,ordinary_undergraduate,physics,2694,002,,468,171053,,,,,,src_collected_ah_2024_group_admission
2024,AH,ordinary_undergraduate,physics,2694,003,,524,94062,,,,,,src_collected_ah_2024_group_admission
2024,AH,ordinary_undergraduate,physics,2695,001,,581,37458,,,,,,src_collected_ah_2024_group_admission
2024,AH,ordinary_undergraduate,physics,2697,001,,475,161061,,,,,,src_collected_ah_2024_group_admission
2024,AH,ordinary_undergraduate,physics,2697,002,,469,169828,,,,,,src_collected_ah_2024_group_admission
2024,AH,ordinary_undergraduate,physics,2698,001,,465,176098,,,,,,src_collected_ah_2024_group_admission
2024,AH,ordinary_undergraduate,physics,2698,002,,465,175393,,,,,,src_collected_ah_2024_group_admission
2024,AH,ordinary_undergraduate,physics,2699,001,,478,157918,,,,,,src_collected_ah_2024_group_admission
2024,AH,ordinary_undergraduate,physics,2699,002,,482,151139,,,,,,src_collected_ah_2024_group_admission
2024,AH,ordinary_undergraduate,physics,2699,003,,477,158904,,,,,,src_collected_ah_2024_group_admission
2024,AH,ordinary_undergraduate,physics,2699,004,,484,149116,,,,,,src_collected_ah_2024_group_admission
2024,AH,ordinary_undergraduate,physics,2700,001,,468,171794,,,,,,src_collected_ah_2024_group_admission
2024,AH,ordinary_undergraduate,physics,2701,001,,535,80149,,,,,,src_collected_ah_2024_group_admission
2024,AH,ordinary_undergraduate,physics,2701,003,,542,72968,,,,,,src_collected_ah_2024_group_admission
2024,AH,ordinary_undergraduate,physics,2702,001,,475,161322,,,,,,src_collected_ah_2024_group_admission
2024,AH,ordinary_undergraduate,physics,2702,002,,475,161010,,,,,,src_collected_ah_2024_group_admission
2024,AH,ordinary_undergraduate,physics,2702,003,,474,162600,,,,,,src_collected_ah_2024_group_admission
2024,AH,ordinary_undergraduate,physics,2702,004,,477,158561,,,,,,src_collected_ah_2024_group_admission
2024,AH,ordinary_undergraduate,physics,2702,005,,482,151288,,,,,,src_collected_ah_2024_group_admission
2024,AH,ordinary_undergraduate,physics,2705,002,,553,61708,,,,,,src_collected_ah_2024_group_admission
2024,AH,ordinary_undergraduate,physics,2705,004,,550,63880,,,,,,src_collected_ah_2024_group_admission
2024,AH,ordinary_undergraduate,physics,2706,001,,471,167180,,,,,,src_collected_ah_2024_group_admission
2024,AH,ordinary_undergraduate,physics,2706,002,,474,162448,,,,,,src_collected_ah_2024_group_admission
2024,AH,ordinary_undergraduate,physics,2707,001,,502,123462,,,,,,src_collected_ah_2024_group_admission
2024,AH,ordinary_undergraduate,physics,2707,002,,501,124415,,,,,,src_collected_ah_2024_group_admission
2024,AH,ordinary_undergraduate,physics,2707,003,,499,127308,,,,,,src_collected_ah_2024_group_admission
2024,AH,ordinary_undergraduate,physics,2708,001,,479,156580,,,,,,src_collected_ah_2024_group_admission
2024,AH,ordinary_undergraduate,physics,2710,001,,582,37225,,,,,,src_collected_ah_2024_group_admission
2024,AH,ordinary_undergraduate,physics,2712,001,,593,30011,,,,,,src_collected_ah_2024_group_admission
2024,AH,ordinary_undergraduate,physics,2712,002,,598,26429,,,,,,src_collected_ah_2024_group_admission
2024,AH,ordinary_undergraduate,physics,2714,002,,593,29536,,,,,,src_collected_ah_2024_group_admission
2024,AH,ordinary_undergraduate,physics,2714,004,,613,18544,,,,,,src_collected_ah_2024_group_admission
2024,AH,ordinary_undergraduate,physics,2714,005,,628,11757,,,,,,src_collected_ah_2024_group_admission
2024,AH,ordinary_undergraduate,physics,2714,007,,611,19356,,,,,,src_collected_ah_2024_group_admission
2024,AH,ordinary_undergraduate,physics,2716,003,,658,3208,,,,,,src_collected_ah_2024_group_admission
2024,AH,ordinary_undergraduate,physics,2717,003,,520,98388,,,,,,src_collected_ah_2024_group_admission
2024,AH,ordinary_undergraduate,physics,2717,004,,516,103785,,,,,,src_collected_ah_2024_group_admission
2024,AH,ordinary_undergraduate,physics,2718,004,,606,22225,,,,,,src_collected_ah_2024_group_admission
2024,AH,ordinary_undergraduate,physics,2718,005,,615,17676,,,,,,src_collected_ah_2024_group_admission
2024,AH,ordinary_undergraduate,physics,2718,007,,621,14921,,,,,,src_collected_ah_2024_group_admission
2024,AH,ordinary_undergraduate,physics,2718,008,,610,19998,,,,,,src_collected_ah_2024_group_admission
2024,AH,ordinary_undergraduate,physics,2718,009,,617,16643,,,,,,src_collected_ah_2024_group_admission
2024,AH,ordinary_undergraduate,physics,2719,001,,520,98411,,,,,,src_collected_ah_2024_group_admission
2024,AH,ordinary_undergraduate,physics,2719,003,,536,79617,,,,,,src_collected_ah_2024_group_admission
2024,AH,ordinary_undergraduate,physics,2720,001,,602,24203,,,,,,src_collected_ah_2024_group_admission
2024,AH,ordinary_undergraduate,physics,2721,001,,546,68241,,,,,,src_collected_ah_2024_group_admission
2024,AH,ordinary_undergraduate,physics,2721,002,,564,51317,,,,,,src_collected_ah_2024_group_admission
2024,AH,ordinary_undergraduate,physics,2721,003,,567,48313,,,,,,src_collected_ah_2024_group_admission
2024,AH,ordinary_undergraduate,physics,2721,004,,578,39642,,,,,,src_collected_ah_2024_group_admission
2024,AH,ordinary_undergraduate,physics,2723,001,,480,154200,,,,,,src_collected_ah_2024_group_admission
2024,AH,ordinary_undergraduate,physics,2723,003,,483,150054,,,,,,src_collected_ah_2024_group_admission
2024,AH,ordinary_undergraduate,physics,2725,001,,492,137189,,,,,,src_collected_ah_2024_group_admission
2024,AH,ordinary_undergraduate,physics,2725,002,,490,140074,,,,,,src_collected_ah_2024_group_admission
2024,AH,ordinary_undergraduate,physics,2725,003,,494,134071,,,,,,src_collected_ah_2024_group_admission
2024,AH,ordinary_undergraduate,physics,2725,004,,498,128322,,,,,,src_collected_ah_2024_group_admission
2024,AH,ordinary_undergraduate,physics,2725,005,,496,131464,,,,,,src_collected_ah_2024_group_admission
2024,AH,ordinary_undergraduate,physics,2726,001,,532,84182,,,,,,src_collected_ah_2024_group_admission
2024,AH,ordinary_undergraduate,physics,2726,002,,537,77795,,,,,,src_collected_ah_2024_group_admission
2024,AH,ordinary_undergraduate,physics,2727,001,,514,106777,,,,,,src_collected_ah_2024_group_admission
2024,AH,ordinary_undergraduate,physics,2727,002,,520,99202,,,,,,src_collected_ah_2024_group_admission
2024,AH,ordinary_undergraduate,physics,2729,001,,472,165746,,,,,,src_collected_ah_2024_group_admission
2024,AH,ordinary_undergraduate,physics,2729,002,,473,163998,,,,,,src_collected_ah_2024_group_admission
2024,AH,ordinary_undergraduate,physics,2729,003,,479,156282,,,,,,src_collected_ah_2024_group_admission
2024,AH,ordinary_undergraduate,physics,2729,004,,475,161617,,,,,,src_collected_ah_2024_group_admission
2024,AH,ordinary_undergraduate,physics,2730,004,,618,15913,,,,,,src_collected_ah_2024_group_admission
2024,AH,ordinary_undergraduate,physics,2730,007,,626,12813,,,,,,src_collected_ah_2024_group_admission
2024,AH,ordinary_undergraduate,physics,2731,002,,484,149309,,,,,,src_collected_ah_2024_group_admission
2024,AH,ordinary_undergraduate,physics,2731,003,,479,155686,,,,,,src_collected_ah_2024_group_admission
2024,AH,ordinary_undergraduate,physics,2732,008,,611,19547,,,,,,src_collected_ah_2024_group_admission
2024,AH,ordinary_undergraduate,physics,2732,010,,617,16691,,,,,,src_collected_ah_2024_group_admission
2024,AH,ordinary_undergraduate,physics,2732,012,,619,15876,,,,,,src_collected_ah_2024_group_admission
2024,AH,ordinary_undergraduate,physics,2732,013,,608,20794,,,,,,src_collected_ah_2024_group_admission
2024,AH,ordinary_undergraduate,physics,2734,003,,619,15828,,,,,,src_collected_ah_2024_group_admission
2024,AH,ordinary_undergraduate,physics,2735,001,,478,157105,,,,,,src_collected_ah_2024_group_admission
2024,AH,ordinary_undergraduate,physics,2735,002,,485,146902,,,,,,src_collected_ah_2024_group_admission
2024,AH,ordinary_undergraduate,physics,2736,001,,539,76414,,,,,,src_collected_ah_2024_group_admission
2024,AH,ordinary_undergraduate,physics,2736,003,,545,69169,,,,,,src_collected_ah_2024_group_admission
2024,AH,ordinary_undergraduate,physics,2737,001,,512,109128,,,,,,src_collected_ah_2024_group_admission
2024,AH,ordinary_undergraduate,physics,2738,002,,535,80914,,,,,,src_collected_ah_2024_group_admission
2024,AH,ordinary_undergraduate,physics,2738,003,,538,77221,,,,,,src_collected_ah_2024_group_admission
2024,AH,ordinary_undergraduate,physics,2739,001,,583,36533,,,,,,src_collected_ah_2024_group_admission
2024,AH,ordinary_undergraduate,physics,2739,002,,587,34018,,,,,,src_collected_ah_2024_group_admission
2024,AH,ordinary_undergraduate,physics,2740,001,,594,29016,,,,,,src_collected_ah_2024_group_admission
2024,AH,ordinary_undergraduate,physics,2740,002,,554,60045,,,,,,src_collected_ah_2024_group_admission
2024,AH,ordinary_undergraduate,physics,2740,004,,569,47048,,,,,,src_collected_ah_2024_group_admission
2024,AH,ordinary_undergraduate,physics,2740,005,,536,79540,,,,,,src_collected_ah_2024_group_admission
2024,AH,ordinary_undergraduate,physics,2741,003,,606,22316,,,,,,src_collected_ah_2024_group_admission
2024,AH,ordinary_undergraduate,physics,2744,004,,648,5385,,,,,,src_collected_ah_2024_group_admission
2024,AH,ordinary_undergraduate,physics,2744,005,,652,4326,,,,,,src_collected_ah_2024_group_admission
2024,AH,ordinary_undergraduate,physics,2744,006,,616,17232,,,,,,src_collected_ah_2024_group_admission
2024,AH,ordinary_undergraduate,physics,2744,007,,617,16657,,,,,,src_collected_ah_2024_group_admission
2024,AH,ordinary_undergraduate,physics,2745,001,,500,125732,,,,,,src_collected_ah_2024_group_admission
2024,AH,ordinary_undergraduate,physics,2745,003,,488,143577,,,,,,src_collected_ah_2024_group_admission
2024,AH,ordinary_undergraduate,physics,2747,001,,465,176127,,,,,,src_collected_ah_2024_group_admission
2024,AH,ordinary_undergraduate,physics,2747,002,,477,158621,,,,,,src_collected_ah_2024_group_admission
2024,AH,ordinary_undergraduate,physics,2750,001,,468,170870,,,,,,src_collected_ah_2024_group_admission
2024,AH,ordinary_undergraduate,physics,2750,003,,467,172783,,,,,,src_collected_ah_2024_group_admission
2024,AH,ordinary_undergraduate,physics,2751,001,,537,78600,,,,,,src_collected_ah_2024_group_admission
2024,AH,ordinary_undergraduate,physics,2751,002,,536,79879,,,,,,src_collected_ah_2024_group_admission
2024,AH,ordinary_undergraduate,physics,2756,001,,555,59464,,,,,,src_collected_ah_2024_group_admission
2024,AH,ordinary_undergraduate,physics,2759,001,,510,111801,,,,,,src_collected_ah_2024_group_admission
2024,AH,ordinary_undergraduate,physics,2761,001,,535,80352,,,,,,src_collected_ah_2024_group_admission
2024,AH,ordinary_undergraduate,physics,2761,002,,520,98631,,,,,,src_collected_ah_2024_group_admission
2024,AH,ordinary_undergraduate,physics,2763,001,,582,37019,,,,,,src_collected_ah_2024_group_admission
2024,AH,ordinary_undergraduate,physics,2764,001,,477,159159,,,,,,src_collected_ah_2024_group_admission
2024,AH,ordinary_undergraduate,physics,2769,001,,489,141338,,,,,,src_collected_ah_2024_group_admission
2024,AH,ordinary_undergraduate,physics,2769,002,,492,137088,,,,,,src_collected_ah_2024_group_admission
2024,AH,ordinary_undergraduate,physics,2769,003,,497,130970,,,,,,src_collected_ah_2024_group_admission
2024,AH,ordinary_undergraduate,physics,2770,001,,490,139794,,,,,,src_collected_ah_2024_group_admission
2024,AH,ordinary_undergraduate,physics,2770,002,,497,129772,,,,,,src_collected_ah_2024_group_admission
2024,AH,ordinary_undergraduate,physics,2770,003,,497,130093,,,,,,src_collected_ah_2024_group_admission
2024,AH,ordinary_undergraduate,physics,2771,001,,563,51962,,,,,,src_collected_ah_2024_group_admission
2024,AH,ordinary_undergraduate,physics,2771,002,,576,41383,,,,,,src_collected_ah_2024_group_admission
2024,AH,ordinary_undergraduate,physics,2771,003,,577,40642,,,,,,src_collected_ah_2024_group_admission
2024,AH,ordinary_undergraduate,physics,2771,004,,581,37993,,,,,,src_collected_ah_2024_group_admission
2024,AH,ordinary_undergraduate,physics,2771,005,,583,36719,,,,,,src_collected_ah_2024_group_admission
2024,AH,ordinary_undergraduate,physics,2772,001,,511,110832,,,,,,src_collected_ah_2024_group_admission
2024,AH,ordinary_undergraduate,physics,2773,003,,483,150896,,,,,,src_collected_ah_2024_group_admission
2024,AH,ordinary_undergraduate,physics,2774,001,,487,143973,,,,,,src_collected_ah_2024_group_admission
2024,AH,ordinary_undergraduate,physics,2774,002,,482,151651,,,,,,src_collected_ah_2024_group_admission
2024,AH,ordinary_undergraduate,physics,2776,001,,492,137964,,,,,,src_collected_ah_2024_group_admission
2024,AH,ordinary_undergraduate,physics,2777,001,,484,148297,,,,,,src_collected_ah_2024_group_admission
2024,AH,ordinary_undergraduate,physics,2777,002,,482,151832,,,,,,src_collected_ah_2024_group_admission
2024,AH,ordinary_undergraduate,physics,2777,003,,484,149153,,,,,,src_collected_ah_2024_group_admission
2024,AH,ordinary_undergraduate,physics,2777,004,,482,151433,,,,,,src_collected_ah_2024_group_admission
2024,AH,ordinary_undergraduate,physics,2777,005,,488,142862,,,,,,src_collected_ah_2024_group_admission
2024,AH,ordinary_undergraduate,physics,2777,006,,482,152278,,,,,,src_collected_ah_2024_group_admission
2024,AH,ordinary_undergraduate,physics,2780,001,,485,148024,,,,,,src_collected_ah_2024_group_admission
2024,AH,ordinary_undergraduate,physics,2780,002,,485,147316,,,,,,src_collected_ah_2024_group_admission
2024,AH,ordinary_undergraduate,physics,2782,001,,486,146068,,,,,,src_collected_ah_2024_group_admission
2024,AH,ordinary_undergraduate,physics,2782,002,,488,142521,,,,,,src_collected_ah_2024_group_admission
2024,AH,ordinary_undergraduate,physics,2782,003,,490,140699,,,,,,src_collected_ah_2024_group_admission
2024,AH,ordinary_undergraduate,physics,2782,004,,490,140587,,,,,,src_collected_ah_2024_group_admission
2024,AH,ordinary_undergraduate,physics,2782,006,,488,143540,,,,,,src_collected_ah_2024_group_admission
2024,AH,ordinary_undergraduate,physics,2786,001,,497,129801,,,,,,src_collected_ah_2024_group_admission
2024,AH,ordinary_undergraduate,physics,2786,003,,496,131448,,,,,,src_collected_ah_2024_group_admission
2024,AH,ordinary_undergraduate,physics,2786,004,,501,124840,,,,,,src_collected_ah_2024_group_admission
2024,AH,ordinary_undergraduate,physics,2788,001,,470,169239,,,,,,src_collected_ah_2024_group_admission
2024,AH,ordinary_undergraduate,physics,2789,001,,487,145259,,,,,,src_collected_ah_2024_group_admission
2024,AH,ordinary_undergraduate,physics,2789,002,,568,47408,,,,,,src_collected_ah_2024_group_admission
2024,AH,ordinary_undergraduate,physics,2789,003,,507,115717,,,,,,src_collected_ah_2024_group_admission
2024,AH,ordinary_undergraduate,physics,2789,004,,529,87476,,,,,,src_collected_ah_2024_group_admission
2024,AH,ordinary_undergraduate,physics,2789,005,,488,143213,,,,,,src_collected_ah_2024_group_admission
2024,AH,ordinary_undergraduate,physics,2790,001,,481,152936,,,,,,src_collected_ah_2024_group_admission
2024,AH,ordinary_undergraduate,physics,2792,001,,493,135998,,,,,,src_collected_ah_2024_group_admission
2024,AH,ordinary_undergraduate,physics,2792,002,,486,145554,,,,,,src_collected_ah_2024_group_admission
2024,AH,ordinary_undergraduate,physics,2794,001,,493,136594,,,,,,src_collected_ah_2024_group_admission
2024,AH,ordinary_undergraduate,physics,2794,002,,494,134704,,,,,,src_collected_ah_2024_group_admission
2024,AH,ordinary_undergraduate,physics,2795,001,,571,45668,,,,,,src_collected_ah_2024_group_admission
2024,AH,ordinary_undergraduate,physics,2796,002,,528,89229,,,,,,src_collected_ah_2024_group_admission
2024,AH,ordinary_undergraduate,physics,2796,003,,492,137881,,,,,,src_collected_ah_2024_group_admission
2024,AH,ordinary_undergraduate,physics,2797,002,,498,128755,,,,,,src_collected_ah_2024_group_admission
2024,AH,ordinary_undergraduate,physics,2797,003,,506,118119,,,,,,src_collected_ah_2024_group_admission
2024,AH,ordinary_undergraduate,physics,2797,004,,511,110519,,,,,,src_collected_ah_2024_group_admission
2024,AH,ordinary_undergraduate,physics,2799,001,,488,142959,,,,,,src_collected_ah_2024_group_admission
2024,AH,ordinary_undergraduate,physics,2801,001,,510,112202,,,,,,src_collected_ah_2024_group_admission
2024,AH,ordinary_undergraduate,physics,2801,002,,503,122052,,,,,,src_collected_ah_2024_group_admission
2024,AH,ordinary_undergraduate,physics,2802,001,,485,147270,,,,,,src_collected_ah_2024_group_admission
2024,AH,ordinary_undergraduate,physics,2805,001,,505,118609,,,,,,src_collected_ah_2024_group_admission
2024,AH,ordinary_undergraduate,physics,2805,002,,490,140065,,,,,,src_collected_ah_2024_group_admission
2024,AH,ordinary_undergraduate,physics,2807,001,,490,140251,,,,,,src_collected_ah_2024_group_admission
2024,AH,ordinary_undergraduate,physics,2808,001,,524,93743,,,,,,src_collected_ah_2024_group_admission
2024,AH,ordinary_undergraduate,physics,2808,002,,523,94445,,,,,,src_collected_ah_2024_group_admission
2024,AH,ordinary_undergraduate,physics,2811,001,,587,33479,,,,,,src_collected_ah_2024_group_admission
2024,AH,ordinary_undergraduate,physics,2815,002,,531,85054,,,,,,src_collected_ah_2024_group_admission
2024,AH,ordinary_undergraduate,physics,2818,001,,484,149568,,,,,,src_collected_ah_2024_group_admission
2024,AH,ordinary_undergraduate,physics,2819,001,,486,146405,,,,,,src_collected_ah_2024_group_admission
2024,AH,ordinary_undergraduate,physics,2819,002,,488,143649,,,,,,src_collected_ah_2024_group_admission
2024,AH,ordinary_undergraduate,physics,2820,001,,478,157400,,,,,,src_collected_ah_2024_group_admission
2024,AH,ordinary_undergraduate,physics,2820,002,,479,156226,,,,,,src_collected_ah_2024_group_admission
2024,AH,ordinary_undergraduate,physics,2824,001,,509,113999,,,,,,src_collected_ah_2024_group_admission
2024,AH,ordinary_undergraduate,physics,2824,002,,518,101105,,,,,,src_collected_ah_2024_group_admission
2024,AH,ordinary_undergraduate,physics,2825,001,,486,145698,,,,,,src_collected_ah_2024_group_admission
2024,AH,ordinary_undergraduate,physics,2825,002,,487,144539,,,,,,src_collected_ah_2024_group_admission
2024,AH,ordinary_undergraduate,physics,2825,003,,481,153350,,,,,,src_collected_ah_2024_group_admission
2024,AH,ordinary_undergraduate,physics,2827,003,,575,42480,,,,,,src_collected_ah_2024_group_admission
2024,AH,ordinary_undergraduate,physics,2827,004,,586,34146,,,,,,src_collected_ah_2024_group_admission
2024,AH,ordinary_undergraduate,physics,2827,005,,584,35538,,,,,,src_collected_ah_2024_group_admission
2024,AH,ordinary_undergraduate,physics,2829,001,,512,108909,,,,,,src_collected_ah_2024_group_admission
2024,AH,ordinary_undergraduate,physics,2831,001,,502,123108,,,,,,src_collected_ah_2024_group_admission
2024,AH,ordinary_undergraduate,physics,2833,001,,566,49311,,,,,,src_collected_ah_2024_group_admission
2024,AH,ordinary_undergraduate,physics,2833,002,,555,58953,,,,,,src_collected_ah_2024_group_admission
2024,AH,ordinary_undergraduate,physics,2833,004,,596,27610,,,,,,src_collected_ah_2024_group_admission
2024,AH,ordinary_undergraduate,physics,2834,002,,588,32975,,,,,,src_collected_ah_2024_group_admission
2024,AH,ordinary_undergraduate,physics,2834,004,,586,34483,,,,,,src_collected_ah_2024_group_admission
2024,AH,ordinary_undergraduate,physics,2834,006,,587,33874,,,,,,src_collected_ah_2024_group_admission
2024,AH,ordinary_undergraduate,physics,2834,051,,599,25840,,,,,,src_collected_ah_2024_group_admission
2024,AH,ordinary_undergraduate,physics,2835,001,,496,132154,,,,,,src_collected_ah_2024_group_admission
2024,AH,ordinary_undergraduate,physics,2835,002,,487,144356,,,,,,src_collected_ah_2024_group_admission
2024,AH,ordinary_undergraduate,physics,2839,001,,466,174248,,,,,,src_collected_ah_2024_group_admission
2024,AH,ordinary_undergraduate,physics,2839,003,,465,176071,,,,,,src_collected_ah_2024_group_admission
2024,AH,ordinary_undergraduate,physics,2841,001,,488,142651,,,,,,src_collected_ah_2024_group_admission
2024,AH,ordinary_undergraduate,physics,2841,002,,487,144780,,,,,,src_collected_ah_2024_group_admission
2024,AH,ordinary_undergraduate,physics,2841,003,,487,144727,,,,,,src_collected_ah_2024_group_admission
2024,AH,ordinary_undergraduate,physics,2841,004,,489,141394,,,,,,src_collected_ah_2024_group_admission
2024,AH,ordinary_undergraduate,physics,2843,001,,512,109052,,,,,,src_collected_ah_2024_group_admission
2024,AH,ordinary_undergraduate,physics,2846,001,,508,115284,,,,,,src_collected_ah_2024_group_admission
2024,AH,ordinary_undergraduate,physics,2846,002,,503,121928,,,,,,src_collected_ah_2024_group_admission
2024,AH,ordinary_undergraduate,physics,2846,003,,499,126756,,,,,,src_collected_ah_2024_group_admission
2024,AH,ordinary_undergraduate,physics,2846,004,,525,93127,,,,,,src_collected_ah_2024_group_admission
2024,AH,ordinary_undergraduate,physics,2846,005,,512,109949,,,,,,src_collected_ah_2024_group_admission
2024,AH,ordinary_undergraduate,physics,2852,001,,467,172995,,,,,,src_collected_ah_2024_group_admission
2024,AH,ordinary_undergraduate,physics,2852,002,,474,163374,,,,,,src_collected_ah_2024_group_admission
2024,AH,ordinary_undergraduate,physics,2852,003,,467,172602,,,,,,src_collected_ah_2024_group_admission
2024,AH,ordinary_undergraduate,physics,2852,004,,470,168723,,,,,,src_collected_ah_2024_group_admission
2024,AH,ordinary_undergraduate,physics,2853,001,,499,127865,,,,,,src_collected_ah_2024_group_admission
2024,AH,ordinary_undergraduate,physics,2853,002,,492,138069,,,,,,src_collected_ah_2024_group_admission
2024,AH,ordinary_undergraduate,physics,2853,003,,495,132796,,,,,,src_collected_ah_2024_group_admission
2024,AH,ordinary_undergraduate,physics,2856,001,,529,87350,,,,,,src_collected_ah_2024_group_admission
2024,AH,ordinary_undergraduate,physics,2856,002,,503,121487,,,,,,src_collected_ah_2024_group_admission
2024,AH,ordinary_undergraduate,physics,2856,003,,526,90787,,,,,,src_collected_ah_2024_group_admission
2024,AH,ordinary_undergraduate,physics,2856,004,,521,97256,,,,,,src_collected_ah_2024_group_admission
2024,AH,ordinary_undergraduate,physics,2858,001,,494,134405,,,,,,src_collected_ah_2024_group_admission
2024,AH,ordinary_undergraduate,physics,2859,001,,491,138588,,,,,,src_collected_ah_2024_group_admission
2024,AH,ordinary_undergraduate,physics,2860,001,,491,138238,,,,,,src_collected_ah_2024_group_admission
2024,AH,ordinary_undergraduate,physics,2861,001,,497,130656,,,,,,src_collected_ah_2024_group_admission
2024,AH,ordinary_undergraduate,physics,2861,002,,495,133714,,,,,,src_collected_ah_2024_group_admission
2024,AH,ordinary_undergraduate,physics,2863,001,,511,110331,,,,,,src_collected_ah_2024_group_admission
2024,AH,ordinary_undergraduate,physics,2863,004,,524,93844,,,,,,src_collected_ah_2024_group_admission
2024,AH,ordinary_undergraduate,physics,2863,005,,502,123742,,,,,,src_collected_ah_2024_group_admission
2024,AH,ordinary_undergraduate,physics,2865,002,,593,29606,,,,,,src_collected_ah_2024_group_admission
2024,AH,ordinary_undergraduate,physics,2865,003,,600,25300,,,,,,src_collected_ah_2024_group_admission
2024,AH,ordinary_undergraduate,physics,2865,004,,607,21596,,,,,,src_collected_ah_2024_group_admission
2024,AH,ordinary_undergraduate,physics,2865,005,,606,22337,,,,,,src_collected_ah_2024_group_admission
2024,AH,ordinary_undergraduate,physics,2865,006,,590,31598,,,,,,src_collected_ah_2024_group_admission
2024,AH,ordinary_undergraduate,physics,2871,001,,502,123522,,,,,,src_collected_ah_2024_group_admission
2024,AH,ordinary_undergraduate,physics,2871,003,,478,157090,,,,,,src_collected_ah_2024_group_admission
2024,AH,ordinary_undergraduate,physics,2876,001,,500,125652,,,,,,src_collected_ah_2024_group_admission
2024,AH,ordinary_undergraduate,physics,2876,002,,503,122281,,,,,,src_collected_ah_2024_group_admission
2024,AH,ordinary_undergraduate,physics,2878,001,,516,103797,,,,,,src_collected_ah_2024_group_admission
2024,AH,ordinary_undergraduate,physics,2878,004,,515,105268,,,,,,src_collected_ah_2024_group_admission
2024,AH,ordinary_undergraduate,physics,2878,005,,517,103235,,,,,,src_collected_ah_2024_group_admission
2024,AH,ordinary_undergraduate,physics,2880,002,,532,83845,,,,,,src_collected_ah_2024_group_admission
2024,AH,ordinary_undergraduate,physics,2884,001,,501,125046,,,,,,src_collected_ah_2024_group_admission
2024,AH,ordinary_undergraduate,physics,2884,002,,524,93746,,,,,,src_collected_ah_2024_group_admission
2024,AH,ordinary_undergraduate,physics,2884,003,,515,105228,,,,,,src_collected_ah_2024_group_admission
2024,AH,ordinary_undergraduate,physics,2887,001,,491,139065,,,,,,src_collected_ah_2024_group_admission
2024,AH,ordinary_undergraduate,physics,2887,002,,494,135070,,,,,,src_collected_ah_2024_group_admission
2024,AH,ordinary_undergraduate,physics,2889,001,,472,166458,,,,,,src_collected_ah_2024_group_admission
2024,AH,ordinary_undergraduate,physics,2891,001,,492,137127,,,,,,src_collected_ah_2024_group_admission
2024,AH,ordinary_undergraduate,physics,2891,002,,492,137372,,,,,,src_collected_ah_2024_group_admission
2024,AH,ordinary_undergraduate,physics,2896,001,,501,124372,,,,,,src_collected_ah_2024_group_admission
2024,AH,ordinary_undergraduate,physics,2896,002,,496,132265,,,,,,src_collected_ah_2024_group_admission
2024,AH,ordinary_undergraduate,physics,2902,001,,493,136385,,,,,,src_collected_ah_2024_group_admission
2024,AH,ordinary_undergraduate,physics,2902,002,,489,142149,,,,,,src_collected_ah_2024_group_admission
2024,AH,ordinary_undergraduate,physics,2902,003,,489,142150,,,,,,src_collected_ah_2024_group_admission
2024,AH,ordinary_undergraduate,physics,2903,001,,511,110485,,,,,,src_collected_ah_2024_group_admission
2024,AH,ordinary_undergraduate,physics,2905,002,,552,62754,,,,,,src_collected_ah_2024_group_admission
2024,AH,ordinary_undergraduate,physics,2906,001,,548,66861,,,,,,src_collected_ah_2024_group_admission
2024,AH,ordinary_undergraduate,physics,2906,002,,553,61742,,,,,,src_collected_ah_2024_group_admission
2024,AH,ordinary_undergraduate,physics,2908,001,,579,39168,,,,,,src_collected_ah_2024_group_admission
2024,AH,ordinary_undergraduate,physics,2908,002,,580,38590,,,,,,src_collected_ah_2024_group_admission
2024,AH,ordinary_undergraduate,physics,2908,004,,590,31921,,,,,,src_collected_ah_2024_group_admission
2024,AH,ordinary_undergraduate,physics,2909,001,,481,152625,,,,,,src_collected_ah_2024_group_admission
2024,AH,ordinary_undergraduate,physics,2909,002,,484,148455,,,,,,src_collected_ah_2024_group_admission
2024,AH,ordinary_undergraduate,physics,2909,003,,485,147939,,,,,,src_collected_ah_2024_group_admission
2024,AH,ordinary_undergraduate,physics,2910,001,,528,89116,,,,,,src_collected_ah_2024_group_admission
2024,AH,ordinary_undergraduate,physics,2910,002,,529,87140,,,,,,src_collected_ah_2024_group_admission
2024,AH,ordinary_undergraduate,physics,2910,003,,535,80212,,,,,,src_collected_ah_2024_group_admission
2024,AH,ordinary_undergraduate,physics,2910,004,,519,99572,,,,,,src_collected_ah_2024_group_admission
2024,AH,ordinary_undergraduate,physics,2911,005,,685,344,,,,,,src_collected_ah_2024_group_admission
2024,AH,ordinary_undergraduate,physics,2912,002,,674,1021,,,,,,src_collected_ah_2024_group_admission
2024,AH,ordinary_undergraduate,physics,2916,002,,576,41184,,,,,,src_collected_ah_2024_group_admission
2024,AH,ordinary_undergraduate,physics,2916,003,,586,34132,,,,,,src_collected_ah_2024_group_admission
2024,AH,ordinary_undergraduate,physics,2916,004,,584,35732,,,,,,src_collected_ah_2024_group_admission
2024,AH,ordinary_undergraduate,physics,2917,001,,487,144952,,,,,,src_collected_ah_2024_group_admission
2024,AH,ordinary_undergraduate,physics,2917,002,,497,130984,,,,,,src_collected_ah_2024_group_admission
2024,AH,ordinary_undergraduate,physics,2919,001,,599,26155,,,,,,src_collected_ah_2024_group_admission
2024,AH,ordinary_undergraduate,physics,2919,002,,556,58381,,,,,,src_collected_ah_2024_group_admission
2024,AH,ordinary_undergraduate,physics,2919,003,,602,24467,,,,,,src_collected_ah_2024_group_admission
2024,AH,ordinary_undergraduate,physics,2919,004,,610,19879,,,,,,src_collected_ah_2024_group_admission
2024,AH,ordinary_undergraduate,physics,2919,005,,599,26280,,,,,,src_collected_ah_2024_group_admission
2024,AH,ordinary_undergraduate,physics,2920,001,,485,147926,,,,,,src_collected_ah_2024_group_admission
2024,AH,ordinary_undergraduate,physics,2922,001,,470,169014,,,,,,src_collected_ah_2024_group_admission
2024,AH,ordinary_undergraduate,physics,2924,003,,550,64783,,,,,,src_collected_ah_2024_group_admission
2024,AH,ordinary_undergraduate,physics,2933,001,,567,48343,,,,,,src_collected_ah_2024_group_admission
2024,AH,ordinary_undergraduate,physics,2933,002,,565,49960,,,,,,src_collected_ah_2024_group_admission
2024,AH,ordinary_undergraduate,physics,2934,003,,577,40872,,,,,,src_collected_ah_2024_group_admission
2024,AH,ordinary_undergraduate,physics,2934,005,,595,28670,,,,,,src_collected_ah_2024_group_admission
2024,AH,ordinary_undergraduate,physics,2935,001,,482,151845,,,,,,src_collected_ah_2024_group_admission
2024,AH,ordinary_undergraduate,physics,2935,002,,487,144669,,,,,,src_collected_ah_2024_group_admission
2024,AH,ordinary_undergraduate,physics,2937,002,,556,58247,,,,,,src_collected_ah_2024_group_admission
2024,AH,ordinary_undergraduate,physics,2937,003,,569,47236,,,,,,src_collected_ah_2024_group_admission
2024,AH,ordinary_undergraduate,physics,2937,004,,548,66486,,,,,,src_collected_ah_2024_group_admission
2024,AH,ordinary_undergraduate,physics,2937,006,,566,49488,,,,,,src_collected_ah_2024_group_admission
2024,AH,ordinary_undergraduate,physics,2937,007,,582,36870,,,,,,src_collected_ah_2024_group_admission
2024,AH,ordinary_undergraduate,physics,2938,001,,482,152185,,,,,,src_collected_ah_2024_group_admission
2024,AH,ordinary_undergraduate,physics,2938,002,,481,152717,,,,,,src_collected_ah_2024_group_admission
2024,AH,ordinary_undergraduate,physics,2938,004,,485,148143,,,,,,src_collected_ah_2024_group_admission
2024,AH,ordinary_undergraduate,physics,2938,005,,487,144731,,,,,,src_collected_ah_2024_group_admission
2024,AH,ordinary_undergraduate,physics,2941,001,,585,34785,,,,,,src_collected_ah_2024_group_admission
2024,AH,ordinary_undergraduate,physics,2941,004,,582,37194,,,,,,src_collected_ah_2024_group_admission
2024,AH,ordinary_undergraduate,physics,2942,001,,487,144108,,,,,,src_collected_ah_2024_group_admission
2024,AH,ordinary_undergraduate,physics,2942,002,,487,144269,,,,,,src_collected_ah_2024_group_admission
2024,AH,ordinary_undergraduate,physics,2942,003,,538,77566,,,,,,src_collected_ah_2024_group_admission
2024,AH,ordinary_undergraduate,physics,2943,001,,480,155158,,,,,,src_collected_ah_2024_group_admission
2024,AH,ordinary_undergraduate,physics,2943,002,,484,148819,,,,,,src_collected_ah_2024_group_admission
2024,AH,ordinary_undergraduate,physics,2944,001,,525,92955,,,,,,src_collected_ah_2024_group_admission
2024,AH,ordinary_undergraduate,physics,2944,002,,526,91143,,,,,,src_collected_ah_2024_group_admission
2024,AH,ordinary_undergraduate,physics,2947,002,,545,69273,,,,,,src_collected_ah_2024_group_admission
2024,AH,ordinary_undergraduate,physics,2948,001,,498,129336,,,,,,src_collected_ah_2024_group_admission
2024,AH,ordinary_undergraduate,physics,2948,002,,501,125296,,,,,,src_collected_ah_2024_group_admission
2024,AH,ordinary_undergraduate,physics,2948,003,,498,128205,,,,,,src_collected_ah_2024_group_admission
2024,AH,ordinary_undergraduate,physics,2949,001,,506,117690,,,,,,src_collected_ah_2024_group_admission
2024,AH,ordinary_undergraduate,physics,2954,002,,469,170439,,,,,,src_collected_ah_2024_group_admission
2024,AH,ordinary_undergraduate,physics,2954,004,,470,169024,,,,,,src_collected_ah_2024_group_admission
2024,AH,ordinary_undergraduate,physics,2955,001,,560,54775,,,,,,src_collected_ah_2024_group_admission
2024,AH,ordinary_undergraduate,physics,2958,001,,484,148781,,,,,,src_collected_ah_2024_group_admission
2024,AH,ordinary_undergraduate,physics,2958,003,,481,153017,,,,,,src_collected_ah_2024_group_admission
2024,AH,ordinary_undergraduate,physics,2959,001,,595,28661,,,,,,src_collected_ah_2024_group_admission
2024,AH,ordinary_undergraduate,physics,2959,002,,607,21800,,,,,,src_collected_ah_2024_group_admission
2024,AH,ordinary_undergraduate,physics,2961,001,,508,114231,,,,,,src_collected_ah_2024_group_admission
2024,AH,ordinary_undergraduate,physics,2961,002,,506,117973,,,,,,src_collected_ah_2024_group_admission
2024,AH,ordinary_undergraduate,physics,2962,001,,484,148790,,,,,,src_collected_ah_2024_group_admission
2024,AH,ordinary_undergraduate,physics,2963,001,,474,162863,,,,,,src_collected_ah_2024_group_admission
2024,AH,ordinary_undergraduate,physics,2963,002,,479,155931,,,,,,src_collected_ah_2024_group_admission
2024,AH,ordinary_undergraduate,physics,2964,001,,504,121083,,,,,,src_collected_ah_2024_group_admission
2024,AH,ordinary_undergraduate,physics,2964,003,,513,107598,,,,,,src_collected_ah_2024_group_admission
2024,AH,ordinary_undergraduate,physics,2967,005,,481,153004,,,,,,src_collected_ah_2024_group_admission
2024,AH,ordinary_undergraduate,physics,2970,001,,531,85312,,,,,,src_collected_ah_2024_group_admission
2024,AH,ordinary_undergraduate,physics,2971,001,,482,152080,,,,,,src_collected_ah_2024_group_admission
2024,AH,ordinary_undergraduate,physics,2971,003,,485,147038,,,,,,src_collected_ah_2024_group_admission
2024,AH,ordinary_undergraduate,physics,2972,001,,472,166527,,,,,,src_collected_ah_2024_group_admission
2024,AH,ordinary_undergraduate,physics,2972,002,,480,155151,,,,,,src_collected_ah_2024_group_admission
2024,AH,ordinary_undergraduate,physics,2977,002,,481,152797,,,,,,src_collected_ah_2024_group_admission
2024,AH,ordinary_undergraduate,physics,2981,001,,549,65409,,,,,,src_collected_ah_2024_group_admission
2024,AH,ordinary_undergraduate,physics,2981,002,,550,64766,,,,,,src_collected_ah_2024_group_admission
2024,AH,ordinary_undergraduate,physics,2981,003,,565,50220,,,,,,src_collected_ah_2024_group_admission
2024,AH,ordinary_undergraduate,physics,2982,004,,608,20901,,,,,,src_collected_ah_2024_group_admission
2024,AH,ordinary_undergraduate,physics,2982,005,,625,13265,,,,,,src_collected_ah_2024_group_admission
2024,AH,ordinary_undergraduate,physics,2983,003,,607,21621,,,,,,src_collected_ah_2024_group_admission
2024,AH,ordinary_undergraduate,physics,2983,005,,611,19426,,,,,,src_collected_ah_2024_group_admission
2024,AH,ordinary_undergraduate,physics,2984,003,,602,24546,,,,,,src_collected_ah_2024_group_admission
2024,AH,ordinary_undergraduate,physics,2984,004,,615,17448,,,,,,src_collected_ah_2024_group_admission
2024,AH,ordinary_undergraduate,physics,2984,005,,618,16098,,,,,,src_collected_ah_2024_group_admission
2024,AH,ordinary_undergraduate,physics,2985,004,,627,12494,,,,,,src_collected_ah_2024_group_admission
2024,AH,ordinary_undergraduate,physics,2985,005,,636,8967,,,,,,src_collected_ah_2024_group_admission
2024,AH,ordinary_undergraduate,physics,2986,003,,593,29633,,,,,,src_collected_ah_2024_group_admission
2024,AH,ordinary_undergraduate,physics,2986,004,,595,28761,,,,,,src_collected_ah_2024_group_admission
2024,AH,ordinary_undergraduate,physics,2987,001,,485,147883,,,,,,src_collected_ah_2024_group_admission
2024,AH,ordinary_undergraduate,physics,2987,002,,488,143705,,,,,,src_collected_ah_2024_group_admission
2024,AH,ordinary_undergraduate,physics,2988,003,,680,601,,,,,,src_collected_ah_2024_group_admission
2024,AH,ordinary_undergraduate,physics,2989,005,,608,21025,,,,,,src_collected_ah_2024_group_admission
2024,AH,ordinary_undergraduate,physics,2989,006,,622,14476,,,,,,src_collected_ah_2024_group_admission
2024,AH,ordinary_undergraduate,physics,2990,005,,596,27956,,,,,,src_collected_ah_2024_group_admission
2024,AH,ordinary_undergraduate,physics,2990,006,,606,22142,,,,,,src_collected_ah_2024_group_admission
2024,AH,ordinary_undergraduate,physics,2991,001,,494,135122,,,,,,src_collected_ah_2024_group_admission
2024,AH,ordinary_undergraduate,physics,2991,002,,482,151952,,,,,,src_collected_ah_2024_group_admission
2024,AH,ordinary_undergraduate,physics,2992,003,,524,93625,,,,,,src_collected_ah_2024_group_admission
2024,AH,ordinary_undergraduate,physics,2992,004,,528,89183,,,,,,src_collected_ah_2024_group_admission
2024,AH,ordinary_undergraduate,physics,2994,005,,581,37936,,,,,,src_collected_ah_2024_group_admission
2024,AH,ordinary_undergraduate,physics,2994,006,,588,33291,,,,,,src_collected_ah_2024_group_admission
2024,AH,ordinary_undergraduate,physics,2995,006,,511,110417,,,,,,src_collected_ah_2024_group_admission
2024,AH,ordinary_undergraduate,physics,2995,007,,537,78246,,,,,,src_collected_ah_2024_group_admission
2024,AH,ordinary_undergraduate,physics,2995,008,,523,95613,,,,,,src_collected_ah_2024_group_admission
2024,AH,ordinary_undergraduate,physics,2996,004,,640,7736,,,,,,src_collected_ah_2024_group_admission
2024,AH,ordinary_undergraduate,physics,2996,006,,640,7692,,,,,,src_collected_ah_2024_group_admission
2024,AH,ordinary_undergraduate,physics,2996,007,,624,13665,,,,,,src_collected_ah_2024_group_admission
2024,AH,ordinary_undergraduate,physics,2997,005,,668,1637,,,,,,src_collected_ah_2024_group_admission
2024,AH,ordinary_undergraduate,physics,2997,006,,676,793,,,,,,src_collected_ah_2024_group_admission
2024,AH,ordinary_undergraduate,physics,3000,006,,561,53814,,,,,,src_collected_ah_2024_group_admission
2024,AH,ordinary_undergraduate,physics,3000,007,,564,50899,,,,,,src_collected_ah_2024_group_admission
2024,AH,ordinary_undergraduate,physics,3001,002,,632,10467,,,,,,src_collected_ah_2024_group_admission
2024,AH,ordinary_undergraduate,physics,3002,003,,610,19804,,,,,,src_collected_ah_2024_group_admission
2024,AH,ordinary_undergraduate,physics,3002,004,,617,16376,,,,,,src_collected_ah_2024_group_admission
2024,AH,ordinary_undergraduate,physics,3003,003,,576,41743,,,,,,src_collected_ah_2024_group_admission
2024,AH,ordinary_undergraduate,physics,3003,004,,576,41491,,,,,,src_collected_ah_2024_group_admission
2024,AH,ordinary_undergraduate,physics,3004,003,,612,18923,,,,,,src_collected_ah_2024_group_admission
2024,AH,ordinary_undergraduate,physics,3004,004,,606,22089,,,,,,src_collected_ah_2024_group_admission
2024,AH,ordinary_undergraduate,physics,3004,005,,613,18407,,,,,,src_collected_ah_2024_group_admission
2024,AH,ordinary_undergraduate,physics,3008,004,,620,15185,,,,,,src_collected_ah_2024_group_admission
2024,AH,ordinary_undergraduate,physics,3008,005,,621,14729,,,,,,src_collected_ah_2024_group_admission
2024,AH,ordinary_undergraduate,physics,3009,002,,611,19599,,,,,,src_collected_ah_2024_group_admission
2024,AH,ordinary_undergraduate,physics,3009,003,,586,34376,,,,,,src_collected_ah_2024_group_admission
2024,AH,ordinary_undergraduate,physics,3011,003,,631,10569,,,,,,src_collected_ah_2024_group_admission
2024,AH,ordinary_undergraduate,physics,3012,001,,522,96352,,,,,,src_collected_ah_2024_group_admission
2024,AH,ordinary_undergraduate,physics,3012,002,,524,93323,,,,,,src_collected_ah_2024_group_admission
2024,AH,ordinary_undergraduate,physics,3013,005,,617,16497,,,,,,src_collected_ah_2024_group_admission
2024,AH,ordinary_undergraduate,physics,3013,007,,620,15126,,,,,,src_collected_ah_2024_group_admission
2024,AH,ordinary_undergraduate,physics,3014,005,,642,6894,,,,,,src_collected_ah_2024_group_admission
2024,AH,ordinary_undergraduate,physics,3014,007,,639,7954,,,,,,src_collected_ah_2024_group_admission
2024,AH,ordinary_undergraduate,physics,3014,008,,673,1065,,,,,,src_collected_ah_2024_group_admission
2024,AH,ordinary_undergraduate,physics,3015,002,,539,75976,,,,,,src_collected_ah_2024_group_admission
2024,AH,ordinary_undergraduate,physics,3016,001,,486,145954,,,,,,src_collected_ah_2024_group_admission
2024,AH,ordinary_undergraduate,physics,3016,002,,489,141573,,,,,,src_collected_ah_2024_group_admission
2024,AH,ordinary_undergraduate,physics,3017,002,,550,63894,,,,,,src_collected_ah_2024_group_admission
2024,AH,ordinary_undergraduate,physics,3017,003,,550,64218,,,,,,src_collected_ah_2024_group_admission
2024,AH,ordinary_undergraduate,physics,3017,004,,578,39883,,,,,,src_collected_ah_2024_group_admission
2024,AH,ordinary_undergraduate,physics,3018,003,,646,5795,,,,,,src_collected_ah_2024_group_admission
2024,AH,ordinary_undergraduate,physics,3018,004,,658,3137,,,,,,src_collected_ah_2024_group_admission
2024,AH,ordinary_undergraduate,physics,3021,004,,635,9108,,,,,,src_collected_ah_2024_group_admission
2024,AH,ordinary_undergraduate,physics,3023,002,,624,13548,,,,,,src_collected_ah_2024_group_admission
2024,AH,ordinary_undergraduate,physics,3023,003,,630,11020,,,,,,src_collected_ah_2024_group_admission
2024,AH,ordinary_undergraduate,physics,3027,001,,512,109354,,,,,,src_collected_ah_2024_group_admission
2024,AH,ordinary_undergraduate,physics,3027,002,,510,112103,,,,,,src_collected_ah_2024_group_admission
2024,AH,ordinary_undergraduate,physics,3030,001,,490,140539,,,,,,src_collected_ah_2024_group_admission
2024,AH,ordinary_undergraduate,physics,3033,001,,487,144354,,,,,,src_collected_ah_2024_group_admission
2024,AH,ordinary_undergraduate,physics,3039,002,,513,108578,,,,,,src_collected_ah_2024_group_admission
2024,AH,ordinary_undergraduate,physics,3040,001,,576,41388,,,,,,src_collected_ah_2024_group_admission
2024,AH,ordinary_undergraduate,physics,3040,002,,548,66051,,,,,,src_collected_ah_2024_group_admission
2024,AH,ordinary_undergraduate,physics,3040,003,,584,35795,,,,,,src_collected_ah_2024_group_admission
2024,AH,ordinary_undergraduate,physics,3040,004,,543,72040,,,,,,src_collected_ah_2024_group_admission
2024,AH,ordinary_undergraduate,physics,3040,005,,530,86085,,,,,,src_collected_ah_2024_group_admission
2024,AH,ordinary_undergraduate,physics,3041,001,,519,100460,,,,,,src_collected_ah_2024_group_admission
2024,AH,ordinary_undergraduate,physics,9001,005,,590,31533,,,,,,src_collected_ah_2024_group_admission
2024,AH,ordinary_undergraduate,physics,9001,006,,603,23641,,,,,,src_collected_ah_2024_group_admission
2024,AH,ordinary_undergraduate,physics,9002,003,,536,78893,,,,,,src_collected_ah_2024_group_admission
2024,AH,ordinary_undergraduate,physics,9002,004,,547,67212,,,,,,src_collected_ah_2024_group_admission
2024,AH,ordinary_undergraduate,physics,9003,004,,548,66649,,,,,,src_collected_ah_2024_group_admission
2024,AH,ordinary_undergraduate,physics,9003,005,,541,73657,,,,,,src_collected_ah_2024_group_admission
2024,AH,ordinary_undergraduate,physics,9004,005,,533,82918,,,,,,src_collected_ah_2024_group_admission
2024,AH,ordinary_undergraduate,physics,9004,006,,540,75018,,,,,,src_collected_ah_2024_group_admission
2024,AH,ordinary_undergraduate,physics,9005,007,,534,82214,,,,,,src_collected_ah_2024_group_admission
2024,AH,ordinary_undergraduate,physics,9005,008,,560,54488,,,,,,src_collected_ah_2024_group_admission
2024,AH,ordinary_undergraduate,physics,9005,009,,538,76919,,,,,,src_collected_ah_2024_group_admission
2024,AH,ordinary_undergraduate,physics,9005,010,,549,65078,,,,,,src_collected_ah_2024_group_admission
2024,AH,ordinary_undergraduate,physics,9006,007,,557,57490,,,,,,src_collected_ah_2024_group_admission
2024,AH,ordinary_undergraduate,physics,9006,008,,557,57746,,,,,,src_collected_ah_2024_group_admission
2024,AH,ordinary_undergraduate,physics,9006,009,,561,53980,,,,,,src_collected_ah_2024_group_admission
2024,AH,ordinary_undergraduate,physics,9007,004,,551,62939,,,,,,src_collected_ah_2024_group_admission
2024,AH,ordinary_undergraduate,physics,9007,005,,553,60970,,,,,,src_collected_ah_2024_group_admission
2024,AH,ordinary_undergraduate,physics,9007,007,,556,58437,,,,,,src_collected_ah_2024_group_admission
2024,AH,ordinary_undergraduate,physics,9008,042,,590,31503,,,,,,src_collected_ah_2024_group_admission
2024,AH,ordinary_undergraduate,physics,9008,043,,586,34265,,,,,,src_collected_ah_2024_group_admission
2024,AH,ordinary_undergraduate,physics,9008,044,,577,40783,,,,,,src_collected_ah_2024_group_admission
2024,AH,ordinary_undergraduate,physics,9008,045,,568,47782,,,,,,src_collected_ah_2024_group_admission
2024,AH,ordinary_undergraduate,physics,9008,046,,571,45331,,,,,,src_collected_ah_2024_group_admission
2024,AH,ordinary_undergraduate,physics,9008,047,,567,48213,,,,,,src_collected_ah_2024_group_admission
2024,AH,ordinary_undergraduate,physics,9008,048,,585,35205,,,,,,src_collected_ah_2024_group_admission
2024,AH,ordinary_undergraduate,physics,9008,049,,556,58373,,,,,,src_collected_ah_2024_group_admission
2024,AH,ordinary_undergraduate,physics,9008,050,,557,57855,,,,,,src_collected_ah_2024_group_admission
2024,AH,ordinary_undergraduate,physics,9008,052,,572,44790,,,,,,src_collected_ah_2024_group_admission
2024,AH,ordinary_undergraduate,physics,9008,053,,582,37336,,,,,,src_collected_ah_2024_group_admission
2024,AH,ordinary_undergraduate,physics,9008,054,,580,38325,,,,,,src_collected_ah_2024_group_admission
2024,AH,ordinary_undergraduate,physics,9008,055,,587,33770,,,,,,src_collected_ah_2024_group_admission
2024,AH,ordinary_undergraduate,physics,9008,056,,578,40189,,,,,,src_collected_ah_2024_group_admission
2024,AH,ordinary_undergraduate,physics,9008,057,,586,34603,,,,,,src_collected_ah_2024_group_admission
2024,AH,ordinary_undergraduate,physics,9008,058,,572,44311,,,,,,src_collected_ah_2024_group_admission
2024,AH,ordinary_undergraduate,physics,9008,059,,567,48276,,,,,,src_collected_ah_2024_group_admission
2024,AH,ordinary_undergraduate,physics,9008,060,,570,46120,,,,,,src_collected_ah_2024_group_admission
2024,AH,ordinary_undergraduate,physics,9008,065,,529,87321,,,,,,src_collected_ah_2024_group_admission
2024,AH,ordinary_undergraduate,physics,9008,066,,562,52991,,,,,,src_collected_ah_2024_group_admission
2024,AH,ordinary_undergraduate,physics,9009,006,,533,82423,,,,,,src_collected_ah_2024_group_admission
2024,AH,ordinary_undergraduate,physics,9009,008,,629,11626,,,,,,src_collected_ah_2024_group_admission
2024,AH,ordinary_undergraduate,physics,9009,009,,539,76174,,,,,,src_collected_ah_2024_group_admission
2024,AH,ordinary_undergraduate,physics,9009,010,,527,90099,,,,,,src_collected_ah_2024_group_admission
2024,AH,ordinary_undergraduate,physics,9010,004,,524,94013,,,,,,src_collected_ah_2024_group_admission
2024,AH,ordinary_undergraduate,physics,9010,005,,587,34023,,,,,,src_collected_ah_2024_group_admission
2024,AH,ordinary_undergraduate,physics,9010,006,,519,100309,,,,,,src_collected_ah_2024_group_admission
2024,AH,ordinary_undergraduate,physics,9011,006,,521,97370,,,,,,src_collected_ah_2024_group_admission
2024,AH,ordinary_undergraduate,physics,9011,009,,546,68383,,,,,,src_collected_ah_2024_group_admission
2024,AH,ordinary_undergraduate,physics,9012,004,,515,106053,,,,,,src_collected_ah_2024_group_admission
2024,AH,ordinary_undergraduate,physics,9012,006,,525,92850,,,,,,src_collected_ah_2024_group_admission
2024,AH,ordinary_undergraduate,physics,9012,007,,508,114259,,,,,,src_collected_ah_2024_group_admission
2024,AH,ordinary_undergraduate,physics,9013,004,,516,103789,,,,,,src_collected_ah_2024_group_admission
2024,AH,ordinary_undergraduate,physics,9013,006,,517,103493,,,,,,src_collected_ah_2024_group_admission
2024,AH,ordinary_undergraduate,physics,9013,008,,522,96132,,,,,,src_collected_ah_2024_group_admission
2024,AH,ordinary_undergraduate,physics,9013,009,,535,80974,,,,,,src_collected_ah_2024_group_admission
2024,AH,ordinary_undergraduate,physics,9014,005,,511,110204,,,,,,src_collected_ah_2024_group_admission
2024,AH,ordinary_undergraduate,physics,9014,007,,575,42111,,,,,,src_collected_ah_2024_group_admission
2024,AH,ordinary_undergraduate,physics,9014,008,,513,108236,,,,,,src_collected_ah_2024_group_admission
2024,AH,ordinary_undergraduate,physics,9014,009,,511,111312,,,,,,src_collected_ah_2024_group_admission
2024,AH,ordinary_undergraduate,physics,9015,003,,531,85360,,,,,,src_collected_ah_2024_group_admission
2024,AH,ordinary_undergraduate,physics,9015,005,,535,80637,,,,,,src_collected_ah_2024_group_admission
2024,AH,ordinary_undergraduate,physics,9101,005,,515,105872,,,,,,src_collected_ah_2024_group_admission
2024,AH,ordinary_undergraduate,physics,9101,006,,526,90916,,,,,,src_collected_ah_2024_group_admission
2024,AH,ordinary_undergraduate,physics,9101,007,,515,105304,,,,,,src_collected_ah_2024_group_admission
2024,AH,ordinary_undergraduate,physics,9102,002,,490,140057,,,,,,src_collected_ah_2024_group_admission
2024,AH,ordinary_undergraduate,physics,9104,002,,489,141071,,,,,,src_collected_ah_2024_group_admission
2024,AH,ordinary_undergraduate,physics,9104,003,,488,143292,,,,,,src_collected_ah_2024_group_admission
2024,AH,ordinary_undergraduate,physics,9105,001,,502,122957,,,,,,src_collected_ah_2024_group_admission
2024,AH,ordinary_undergraduate,physics,9105,004,,499,127489,,,,,,src_collected_ah_2024_group_admission
2024,AH,ordinary_undergraduate,physics,9106,002,,505,118650,,,,,,src_collected_ah_2024_group_admission
2024,AH,ordinary_undergraduate,physics,9106,003,,494,135001,,,,,,src_collected_ah_2024_group_admission
2024,AH,ordinary_undergraduate,physics,9106,004,,488,143545,,,,,,src_collected_ah_2024_group_admission
2024,AH,ordinary_undergraduate,physics,9106,005,,504,120453,,,,,,src_collected_ah_2024_group_admission
2024,AH,ordinary_undergraduate,physics,9107,003,,500,126692,,,,,,src_collected_ah_2024_group_admission
2024,AH,ordinary_undergraduate,physics,9107,004,,501,125236,,,,,,src_collected_ah_2024_group_admission
2024,AH,ordinary_undergraduate,physics,9107,006,,498,128503,,,,,,src_collected_ah_2024_group_admission
2024,AH,ordinary_undergraduate,physics,9107,007,,515,105170,,,,,,src_collected_ah_2024_group_admission
2024,AH,ordinary_undergraduate,physics,9109,005,,515,105109,,,,,,src_collected_ah_2024_group_admission
2024,AH,ordinary_undergraduate,physics,9109,006,,516,103612,,,,,,src_collected_ah_2024_group_admission
2024,AH,ordinary_undergraduate,physics,9109,008,,507,115989,,,,,,src_collected_ah_2024_group_admission
2024,AH,ordinary_undergraduate,physics,9109,009,,521,97691,,,,,,src_collected_ah_2024_group_admission
2024,AH,ordinary_undergraduate,physics,9109,010,,528,89350,,,,,,src_collected_ah_2024_group_admission
2024,AH,ordinary_undergraduate,physics,9111,005,,498,129207,,,,,,src_collected_ah_2024_group_admission
2024,AH,ordinary_undergraduate,physics,9111,006,,518,101284,,,,,,src_collected_ah_2024_group_admission
2024,AH,ordinary_undergraduate,physics,9112,002,,494,134073,,,,,,src_collected_ah_2024_group_admission
2024,AH,ordinary_undergraduate,physics,9112,004,,491,138889,,,,,,src_collected_ah_2024_group_admission
2024,AH,ordinary_undergraduate,physics,9112,005,,492,138013,,,,,,src_collected_ah_2024_group_admission
2024,AH,ordinary_undergraduate,physics,9113,001,,511,111099,,,,,,src_collected_ah_2024_group_admission
2024,AH,ordinary_undergraduate,physics,9113,002,,492,137233,,,,,,src_collected_ah_2024_group_admission
2024,AH,ordinary_undergraduate,physics,9113,003,,509,114060,,,,,,src_collected_ah_2024_group_admission
2024,AH,ordinary_undergraduate,physics,9113,004,,495,133774,,,,,,src_collected_ah_2024_group_admission
2024,AH,ordinary_undergraduate,physics,9114,004,,509,113753,,,,,,src_collected_ah_2024_group_admission
2024,AH,ordinary_undergraduate,physics,9114,005,,507,116363,,,,,,src_collected_ah_2024_group_admission
2024,AH,ordinary_undergraduate,physics,9114,006,,501,124383,,,,,,src_collected_ah_2024_group_admission
2024,AH,ordinary_undergraduate,physics,9115,004,,504,119985,,,,,,src_collected_ah_2024_group_admission
2024,AH,ordinary_undergraduate,physics,9115,005,,498,128636,,,,,,src_collected_ah_2024_group_admission
2024,AH,ordinary_undergraduate,physics,9115,006,,515,105279,,,,,,src_collected_ah_2024_group_admission
2024,AH,ordinary_undergraduate,physics,9116,001,,489,141182,,,,,,src_collected_ah_2024_group_admission
2024,AH,ordinary_undergraduate,physics,9116,002,,489,141449,,,,,,src_collected_ah_2024_group_admission
2024,AH,ordinary_undergraduate,physics,9116,003,,503,122536,,,,,,src_collected_ah_2024_group_admission
2024,AH,ordinary_undergraduate,physics,9117,001,,491,139211,,,,,,src_collected_ah_2024_group_admission
2024,AH,ordinary_undergraduate,physics,9201,001,,472,166433,,,,,,src_collected_ah_2024_group_admission
2024,AH,ordinary_undergraduate,physics,9201,002,,479,156436,,,,,,src_collected_ah_2024_group_admission
2024,AH,ordinary_undergraduate,physics,9203,001,,471,167708,,,,,,src_collected_ah_2024_group_admission
2024,AH,ordinary_undergraduate,physics,9203,002,,468,171504,,,,,,src_collected_ah_2024_group_admission
2024,AH,ordinary_undergraduate,physics,9205,001,,470,168372,,,,,,src_collected_ah_2024_group_admission
2024,AH,ordinary_undergraduate,physics,9205,002,,473,164185,,,,,,src_collected_ah_2024_group_admission
2024,AH,ordinary_undergraduate,physics,9205,003,,473,164753,,,,,,src_collected_ah_2024_group_admission
2024,AH,ordinary_undergraduate,physics,9206,001,,466,174435,,,,,,src_collected_ah_2024_group_admission
2024,AH,ordinary_undergraduate,physics,9206,002,,465,176140,,,,,,src_collected_ah_2024_group_admission
2024,AH,ordinary_undergraduate,physics,9206,003,,472,166420,,,,,,src_collected_ah_2024_group_admission
2024,AH,ordinary_undergraduate,physics,9207,001,,487,144538,,,,,,src_collected_ah_2024_group_admission
2024,AH,ordinary_undergraduate,physics,9207,002,,480,154553,,,,,,src_collected_ah_2024_group_admission
2024,AH,ordinary_undergraduate,physics,9207,003,,481,152616,,,,,,src_collected_ah_2024_group_admission
2024,AH,ordinary_undergraduate,physics,9208,001,,465,176150,,,,,,src_collected_ah_2024_group_admission
2024,AH,ordinary_undergraduate,physics,9208,002,,465,176138,,,,,,src_collected_ah_2024_group_admission
2024,AH,ordinary_undergraduate,physics,9209,001,,465,176152,,,,,,src_collected_ah_2024_group_admission
2024,AH,ordinary_undergraduate,physics,9209,002,,465,176132,,,,,,src_collected_ah_2024_group_admission
2024,AH,ordinary_undergraduate,physics,9210,001,,469,170041,,,,,,src_collected_ah_2024_group_admission
2024,AH,ordinary_undergraduate,physics,9210,003,,469,170402,,,,,,src_collected_ah_2024_group_admission
2024,AH,ordinary_undergraduate,physics,9212,001,,485,146843,,,,,,src_collected_ah_2024_group_admission
2024,AH,ordinary_undergraduate,physics,9212,002,,486,146180,,,,,,src_collected_ah_2024_group_admission
2024,AH,ordinary_undergraduate,physics,9213,001,,481,153713,,,,,,src_collected_ah_2024_group_admission
2024,AH,ordinary_undergraduate,physics,9213,002,,474,163675,,,,,,src_collected_ah_2024_group_admission
2024,AH,ordinary_undergraduate,physics,9213,003,,479,155825,,,,,,src_collected_ah_2024_group_admission
2024,AH,ordinary_undergraduate,physics,9214,002,,467,173222,,,,,,src_collected_ah_2024_group_admission
2024,AH,ordinary_undergraduate,physics,9215,001,,473,163945,,,,,,src_collected_ah_2024_group_admission
2024,AH,ordinary_undergraduate,physics,9215,002,,467,173192,,,,,,src_collected_ah_2024_group_admission
2025,AH,ordinary_undergraduate,history,1003,001,,503,31694,,,,,8,src_collected_ah_2025_group_admission
2025,AH,ordinary_undergraduate,history,1005,001,,504,31245,,,,,4,src_collected_ah_2025_group_admission
2025,AH,ordinary_undergraduate,history,1006,001,,528,21246,,,,,6,src_collected_ah_2025_group_admission
2025,AH,ordinary_undergraduate,history,1006,002,,526,21915,,,,,2,src_collected_ah_2025_group_admission
2025,AH,ordinary_undergraduate,history,1009,001,,503,31700,,,,,1,src_collected_ah_2025_group_admission
2025,AH,ordinary_undergraduate,history,1009,002,,501,32583,,,,,2,src_collected_ah_2025_group_admission
2025,AH,ordinary_undergraduate,history,1009,003,,505,31036,,,,,9,src_collected_ah_2025_group_admission
2025,AH,ordinary_undergraduate,history,1009,004,,502,32225,,,,,13,src_collected_ah_2025_group_admission
2025,AH,ordinary_undergraduate,history,1009,005,,511,28351,,,,,1,src_collected_ah_2025_group_admission
2025,AH,ordinary_undergraduate,history,1013,001,,503,31777,,,,,23,src_collected_ah_2025_group_admission
2025,AH,ordinary_undergraduate,history,1013,002,,485,40287,,,,,7,src_collected_ah_2025_group_admission
2025,AH,ordinary_undergraduate,history,1020,001,,503,31764,,,,,6,src_collected_ah_2025_group_admission
2025,AH,ordinary_undergraduate,history,1023,001,,507,30143,,,,,3,src_collected_ah_2025_group_admission
2025,AH,ordinary_undergraduate,history,1023,002,,517,25471,,,,,3,src_collected_ah_2025_group_admission
2025,AH,ordinary_undergraduate,history,1024,001,,517,25425,,,,,20,src_collected_ah_2025_group_admission
2025,AH,ordinary_undergraduate,history,1025,001,,578,6972,,,,,5,src_collected_ah_2025_group_admission
2025,AH,ordinary_undergraduate,history,1026,001,,578,6931,,,,,1,src_collected_ah_2025_group_admission
2025,AH,ordinary_undergraduate,history,1026,002,,561,10720,,,,,2,src_collected_ah_2025_group_admission
2025,AH,ordinary_undergraduate,history,1028,001,,478,44168,,,,,19,src_collected_ah_2025_group_admission
2025,AH,ordinary_undergraduate,history,1029,001,,519,24841,,,,,44,src_collected_ah_2025_group_admission
2025,AH,ordinary_undergraduate,history,1029,002,,521,23899,,,,,2,src_collected_ah_2025_group_admission
2025,AH,ordinary_undergraduate,history,1029,003,,528,21237,,,,,5,src_collected_ah_2025_group_admission
2025,AH,ordinary_undergraduate,history,1030,001,,506,30415,,,,,14,src_collected_ah_2025_group_admission
2025,AH,ordinary_undergraduate,history,1031,001,,510,28656,,,,,1,src_collected_ah_2025_group_admission
2025,AH,ordinary_undergraduate,history,1032,005,,667,26,,,,,18,src_collected_ah_2025_group_admission
2025,AH,ordinary_undergraduate,history,1033,001,,663,42,,,,,1,src_collected_ah_2025_group_admission
2025,AH,ordinary_undergraduate,history,1034,001,,573,8031,,,,,14,src_collected_ah_2025_group_admission
2025,AH,ordinary_undergraduate,history,1035,001,,611,2164,,,,,1,src_collected_ah_2025_group_admission
2025,AH,ordinary_undergraduate,history,1035,002,,607,2582,,,,,1,src_collected_ah_2025_group_admission
2025,AH,ordinary_undergraduate,history,1037,001,,533,19544,,,,,2,src_collected_ah_2025_group_admission
2025,AH,ordinary_undergraduate,history,1038,001,,590,4729,,,,,6,src_collected_ah_2025_group_admission
2025,AH,ordinary_undergraduate,history,1041,001,,638,444,,,,,7,src_collected_ah_2025_group_admission
2025,AH,ordinary_undergraduate,history,1042,001,,602,3090,,,,,13,src_collected_ah_2025_group_admission
2025,AH,ordinary_undergraduate,history,1044,002,,617,1588,,,,,10,src_collected_ah_2025_group_admission
2025,AH,ordinary_undergraduate,history,1051,001,,611,2150,,,,,18,src_collected_ah_2025_group_admission
2025,AH,ordinary_undergraduate,history,1054,001,,630,755,,,,,18,src_collected_ah_2025_group_admission
2025,AH,ordinary_undergraduate,history,1055,001,,566,9588,,,,,2,src_collected_ah_2025_group_admission
2025,AH,ordinary_undergraduate,history,1055,002,,552,13243,,,,,3,src_collected_ah_2025_group_admission
2025,AH,ordinary_undergraduate,history,1055,003,,547,14868,,,,,8,src_collected_ah_2025_group_admission
2025,AH,ordinary_undergraduate,history,1056,002,,605,2748,,,,,8,src_collected_ah_2025_group_admission
2025,AH,ordinary_undergraduate,history,1056,003,,611,2129,,,,,1,src_collected_ah_2025_group_admission
2025,AH,ordinary_undergraduate,history,1057,001,,532,19872,,,,,2,src_collected_ah_2025_group_admission
2025,AH,ordinary_undergraduate,history,1057,002,,521,23839,,,,,2,src_collected_ah_2025_group_admission
2025,AH,ordinary_undergraduate,history,1060,003,,642,336,,,,,20,src_collected_ah_2025_group_admission
2025,AH,ordinary_undergraduate,history,1061,003,,632,655,,,,,5,src_collected_ah_2025_group_admission
2025,AH,ordinary_undergraduate,history,1062,001,,527,21606,,,,,5,src_collected_ah_2025_group_admission
2025,AH,ordinary_undergraduate,history,1063,003,,589,4963,,,,,3,src_collected_ah_2025_group_admission
2025,AH,ordinary_undergraduate,history,1063,004,,596,3967,,,,,1,src_collected_ah_2025_group_admission
2025,AH,ordinary_undergraduate,history,1063,005,,535,18719,,,,,4,src_collected_ah_2025_group_admission
2025,AH,ordinary_undergraduate,history,1063,006,,588,5042,,,,,2,src_collected_ah_2025_group_admission
2025,AH,ordinary_undergraduate,history,1064,004,,619,1388,,,,,16,src_collected_ah_2025_group_admission
2025,AH,ordinary_undergraduate,history,1064,005,,619,1441,,,,,4,src_collected_ah_2025_group_admission
2025,AH,ordinary_undergraduate,history,1064,006,,603,2941,,,,,1,src_collected_ah_2025_group_admission
2025,AH,ordinary_undergraduate,history,1066,001,,548,14446,,,,,4,src_collected_ah_2025_group_admission
2025,AH,ordinary_undergraduate,history,1070,001,,546,15298,,,,,9,src_collected_ah_2025_group_admission
2025,AH,ordinary_undergraduate,history,1071,001,,615,1736,,,,,14,src_collected_ah_2025_group_admission
2025,AH,ordinary_undergraduate,history,1072,003,,591,4702,,,,,16,src_collected_ah_2025_group_admission
2025,AH,ordinary_undergraduate,history,1072,004,,490,37883,,,,,4,src_collected_ah_2025_group_admission
2025,AH,ordinary_undergraduate,history,1072,005,,591,4703,,,,,2,src_collected_ah_2025_group_admission
2025,AH,ordinary_undergraduate,history,1074,001,,609,2317,,,,,4,src_collected_ah_2025_group_admission
2025,AH,ordinary_undergraduate,history,1075,001,,538,17876,,,,,19,src_collected_ah_2025_group_admission
2025,AH,ordinary_undergraduate,history,1078,001,,519,24790,,,,,4,src_collected_ah_2025_group_admission
2025,AH,ordinary_undergraduate,history,1081,001,,521,24019,,,,,10,src_collected_ah_2025_group_admission
2025,AH,ordinary_undergraduate,history,1081,002,,510,28756,,,,,5,src_collected_ah_2025_group_admission
2025,AH,ordinary_undergraduate,history,1081,003,,510,28750,,,,,9,src_collected_ah_2025_group_admission
2025,AH,ordinary_undergraduate,history,1083,001,,514,27027,,,,,6,src_collected_ah_2025_group_admission
2025,AH,ordinary_undergraduate,history,1087,001,,501,32535,,,,,5,src_collected_ah_2025_group_admission
2025,AH,ordinary_undergraduate,history,1087,002,,504,31242,,,,,1,src_collected_ah_2025_group_admission
2025,AH,ordinary_undergraduate,history,1088,001,,593,4319,,,,,16,src_collected_ah_2025_group_admission
2025,AH,ordinary_undergraduate,history,1088,002,,600,3354,,,,,2,src_collected_ah_2025_group_admission
2025,AH,ordinary_undergraduate,history,1090,001,,477,44578,,,,,15,src_collected_ah_2025_group_admission
2025,AH,ordinary_undergraduate,history,1091,001,,526,22210,,,,,1,src_collected_ah_2025_group_admission
2025,AH,ordinary_undergraduate,history,1091,002,,526,22067,,,,,1,src_collected_ah_2025_group_admission
2025,AH,ordinary_undergraduate,history,1091,003,,531,20034,,,,,4,src_collected_ah_2025_group_admission
2025,AH,ordinary_undergraduate,history,1091,004,,517,25805,,,,,1,src_collected_ah_2025_group_admission
2025,AH,ordinary_undergraduate,history,1091,005,,518,25384,,,,,1,src_collected_ah_2025_group_admission
2025,AH,ordinary_undergraduate,history,1095,001,,516,25992,,,,,20,src_collected_ah_2025_group_admission
2025,AH,ordinary_undergraduate,history,1096,001,,481,42752,,,,,5,src_collected_ah_2025_group_admission
2025,AH,ordinary_undergraduate,history,1099,001,,480,42893,,,,,5,src_collected_ah_2025_group_admission
2025,AH,ordinary_undergraduate,history,1100,001,,534,19135,,,,,7,src_collected_ah_2025_group_admission
2025,AH,ordinary_undergraduate,history,1100,002,,547,15008,,,,,1,src_collected_ah_2025_group_admission
2025,AH,ordinary_undergraduate,history,1102,001,,491,37337,,,,,3,src_collected_ah_2025_group_admission
2025,AH,ordinary_undergraduate,history,1103,001,,510,28800,,,,,13,src_collected_ah_2025_group_admission
2025,AH,ordinary_undergraduate,history,1103,002,,507,30187,,,,,3,src_collected_ah_2025_group_admission
2025,AH,ordinary_undergraduate,history,1103,003,,493,36777,,,,,10,src_collected_ah_2025_group_admission
2025,AH,ordinary_undergraduate,history,1109,001,,556,12018,,,,,26,src_collected_ah_2025_group_admission
2025,AH,ordinary_undergraduate,history,1109,002,,567,9265,,,,,1,src_collected_ah_2025_group_admission
2025,AH,ordinary_undergraduate,history,1111,001,,527,21517,,,,,2,src_collected_ah_2025_group_admission
2025,AH,ordinary_undergraduate,history,1116,001,,572,8099,,,,,13,src_collected_ah_2025_group_admission
2025,AH,ordinary_undergraduate,history,1120,001,,524,22721,,,,,2,src_collected_ah_2025_group_admission
2025,AH,ordinary_undergraduate,history,1123,002,,529,20877,,,,,8,src_collected_ah_2025_group_admission
2025,AH,ordinary_undergraduate,history,1127,001,,509,29327,,,,,9,src_collected_ah_2025_group_admission
2025,AH,ordinary_undergraduate,history,1127,002,,501,32775,,,,,2,src_collected_ah_2025_group_admission
2025,AH,ordinary_undergraduate,history,1127,003,,513,27251,,,,,2,src_collected_ah_2025_group_admission
2025,AH,ordinary_undergraduate,history,1129,001,,487,39456,,,,,6,src_collected_ah_2025_group_admission
2025,AH,ordinary_undergraduate,history,1130,001,,568,9091,,,,,16,src_collected_ah_2025_group_admission
2025,AH,ordinary_undergraduate,history,1130,002,,568,9067,,,,,4,src_collected_ah_2025_group_admission
2025,AH,ordinary_undergraduate,history,1137,001,,498,34102,,,,,7,src_collected_ah_2025_group_admission
2025,AH,ordinary_undergraduate,history,1138,001,,556,12166,,,,,37,src_collected_ah_2025_group_admission
2025,AH,ordinary_undergraduate,history,1138,003,,558,11581,,,,,1,src_collected_ah_2025_group_admission
2025,AH,ordinary_undergraduate,history,1138,004,,517,25497,,,,,2,src_collected_ah_2025_group_admission
2025,AH,ordinary_undergraduate,history,1138,005,,559,11363,,,,,5,src_collected_ah_2025_group_admission
2025,AH,ordinary_undergraduate,history,1139,001,,488,38861,,,,,12,src_collected_ah_2025_group_admission
2025,AH,ordinary_undergraduate,history,1143,001,,495,35380,,,,,27,src_collected_ah_2025_group_admission
2025,AH,ordinary_undergraduate,history,1144,001,,580,6577,,,,,12,src_collected_ah_2025_group_admission
2025,AH,ordinary_undergraduate,history,1144,002,,578,6833,,,,,4,src_collected_ah_2025_group_admission
2025,AH,ordinary_undergraduate,history,1144,003,,548,14513,,,,,2,src_collected_ah_2025_group_admission
2025,AH,ordinary_undergraduate,history,1144,004,,577,7012,,,,,2,src_collected_ah_2025_group_admission
2025,AH,ordinary_undergraduate,history,1144,005,,557,12005,,,,,2,src_collected_ah_2025_group_admission
2025,AH,ordinary_undergraduate,history,1146,001,,539,17286,,,,,2,src_collected_ah_2025_group_admission
2025,AH,ordinary_undergraduate,history,1146,002,,544,15912,,,,,2,src_collected_ah_2025_group_admission
2025,AH,ordinary_undergraduate,history,1147,001,,511,28152,,,,,8,src_collected_ah_2025_group_admission
2025,AH,ordinary_undergraduate,history,1147,002,,511,28170,,,,,3,src_collected_ah_2025_group_admission
2025,AH,ordinary_undergraduate,history,1147,003,,549,14142,,,,,2,src_collected_ah_2025_group_admission
2025,AH,ordinary_undergraduate,history,1148,001,,491,37707,,,,,24,src_collected_ah_2025_group_admission
2025,AH,ordinary_undergraduate,history,1150,001,,543,16031,,,,,22,src_collected_ah_2025_group_admission
2025,AH,ordinary_undergraduate,history,1150,002,,563,10276,,,,,2,src_collected_ah_2025_group_admission
2025,AH,ordinary_undergraduate,history,1153,001,,485,40432,,,,,5,src_collected_ah_2025_group_admission
2025,AH,ordinary_undergraduate,history,1154,001,,585,5713,,,,,4,src_collected_ah_2025_group_admission
2025,AH,ordinary_undergraduate,history,1154,002,,552,13236,,,,,6,src_collected_ah_2025_group_admission
2025,AH,ordinary_undergraduate,history,1159,001,,514,27067,,,,,9,src_collected_ah_2025_group_admission
2025,AH,ordinary_undergraduate,history,1165,002,,625,1012,,,,,8,src_collected_ah_2025_group_admission
2025,AH,ordinary_undergraduate,history,1166,001,,601,3176,,,,,8,src_collected_ah_2025_group_admission
2025,AH,ordinary_undergraduate,history,1167,001,,516,25862,,,,,2,src_collected_ah_2025_group_admission
2025,AH,ordinary_undergraduate,history,1171,001,,494,36104,,,,,25,src_collected_ah_2025_group_admission
2025,AH,ordinary_undergraduate,history,1172,001,,496,35294,,,,,7,src_collected_ah_2025_group_admission
2025,AH,ordinary_undergraduate,history,1174,001,,547,14800,,,,,18,src_collected_ah_2025_group_admission
2025,AH,ordinary_undergraduate,history,1174,002,,534,18912,,,,,4,src_collected_ah_2025_group_admission
2025,AH,ordinary_undergraduate,history,1186,001,,552,13466,,,,,11,src_collected_ah_2025_group_admission
2025,AH,ordinary_undergraduate,history,1187,001,,534,19209,,,,,5,src_collected_ah_2025_group_admission
2025,AH,ordinary_undergraduate,history,1189,001,,538,17817,,,,,12,src_collected_ah_2025_group_admission
2025,AH,ordinary_undergraduate,history,1189,002,,542,16371,,,,,4,src_collected_ah_2025_group_admission
2025,AH,ordinary_undergraduate,history,1194,001,,500,33022,,,,,5,src_collected_ah_2025_group_admission
2025,AH,ordinary_undergraduate,history,1194,002,,496,35048,,,,,5,src_collected_ah_2025_group_admission
2025,AH,ordinary_undergraduate,history,1195,001,,528,21224,,,,,12,src_collected_ah_2025_group_admission
2025,AH,ordinary_undergraduate,history,1199,001,,565,9812,,,,,27,src_collected_ah_2025_group_admission
2025,AH,ordinary_undergraduate,history,1199,002,,537,18057,,,,,5,src_collected_ah_2025_group_admission
2025,AH,ordinary_undergraduate,history,1202,001,,493,36568,,,,,16,src_collected_ah_2025_group_admission
2025,AH,ordinary_undergraduate,history,1203,001,,519,24572,,,,,5,src_collected_ah_2025_group_admission
2025,AH,ordinary_undergraduate,history,1208,001,,491,37321,,,,,22,src_collected_ah_2025_group_admission
2025,AH,ordinary_undergraduate,history,1210,001,,571,8492,,,,,4,src_collected_ah_2025_group_admission
2025,AH,ordinary_undergraduate,history,1210,002,,539,17273,,,,,10,src_collected_ah_2025_group_admission
2025,AH,ordinary_undergraduate,history,1213,001,,557,11942,,,,,4,src_collected_ah_2025_group_admission
2025,AH,ordinary_undergraduate,history,1214,001,,503,31662,,,,,3,src_collected_ah_2025_group_admission
2025,AH,ordinary_undergraduate,history,1217,001,,536,18215,,,,,4,src_collected_ah_2025_group_admission
2025,AH,ordinary_undergraduate,history,1219,001,,486,39830,,,,,21,src_collected_ah_2025_group_admission
2025,AH,ordinary_undergraduate,history,1220,001,,542,16378,,,,,8,src_collected_ah_2025_group_admission
2025,AH,ordinary_undergraduate,history,1221,001,,477,44721,,,,,4,src_collected_ah_2025_group_admission
2025,AH,ordinary_undergraduate,history,1224,001,,598,3663,,,,,8,src_collected_ah_2025_group_admission
2025,AH,ordinary_undergraduate,history,1224,002,,606,2677,,,,,2,src_collected_ah_2025_group_admission
2025,AH,ordinary_undergraduate,history,1224,003,,594,4221,,,,,5,src_collected_ah_2025_group_admission
2025,AH,ordinary_undergraduate,history,1225,001,,521,23851,,,,,5,src_collected_ah_2025_group_admission
2025,AH,ordinary_undergraduate,history,1225,002,,519,24946,,,,,7,src_collected_ah_2025_group_admission
2025,AH,ordinary_undergraduate,history,1227,001,,538,17726,,,,,4,src_collected_ah_2025_group_admission
2025,AH,ordinary_undergraduate,history,1229,001,,613,1972,,,,,26,src_collected_ah_2025_group_admission
2025,AH,ordinary_undergraduate,history,1231,002,,541,16752,,,,,13,src_collected_ah_2025_group_admission
2025,AH,ordinary_undergraduate,history,1233,001,,542,16535,,,,,28,src_collected_ah_2025_group_admission
2025,AH,ordinary_undergraduate,history,1233,002,,553,13129,,,,,10,src_collected_ah_2025_group_admission
2025,AH,ordinary_undergraduate,history,1233,003,,549,14321,,,,,2,src_collected_ah_2025_group_admission
2025,AH,ordinary_undergraduate,history,1234,001,,566,9595,,,,,1,src_collected_ah_2025_group_admission
2025,AH,ordinary_undergraduate,history,1238,001,,506,30406,,,,,6,src_collected_ah_2025_group_admission
2025,AH,ordinary_undergraduate,history,1238,002,,501,32935,,,,,7,src_collected_ah_2025_group_admission
2025,AH,ordinary_undergraduate,history,1238,003,,500,33233,,,,,9,src_collected_ah_2025_group_admission
2025,AH,ordinary_undergraduate,history,1238,004,,502,32157,,,,,9,src_collected_ah_2025_group_admission
2025,AH,ordinary_undergraduate,history,1238,005,,504,31127,,,,,7,src_collected_ah_2025_group_admission
2025,AH,ordinary_undergraduate,history,1248,001,,528,21258,,,,,5,src_collected_ah_2025_group_admission
2025,AH,ordinary_undergraduate,history,1250,001,,492,36865,,,,,6,src_collected_ah_2025_group_admission
2025,AH,ordinary_undergraduate,history,1251,001,,620,1360,,,,,6,src_collected_ah_2025_group_admission
2025,AH,ordinary_undergraduate,history,1253,002,,590,4739,,,,,11,src_collected_ah_2025_group_admission
2025,AH,ordinary_undergraduate,history,1253,003,,568,8991,,,,,4,src_collected_ah_2025_group_admission
2025,AH,ordinary_undergraduate,history,1253,051,,576,7343,,,,,3,src_collected_ah_2025_group_admission
2025,AH,ordinary_undergraduate,history,1253,052,,582,6226,,,,,3,src_collected_ah_2025_group_admission
2025,AH,ordinary_undergraduate,history,1253,053,,564,10025,,,,,3,src_collected_ah_2025_group_admission
2025,AH,ordinary_undergraduate,history,1254,001,,611,2152,,,,,18,src_collected_ah_2025_group_admission
2025,AH,ordinary_undergraduate,history,1254,002,,614,1883,,,,,4,src_collected_ah_2025_group_admission
2025,AH,ordinary_undergraduate,history,1255,001,,608,2486,,,,,18,src_collected_ah_2025_group_admission
2025,AH,ordinary_undergraduate,history,1256,001,,541,16831,,,,,3,src_collected_ah_2025_group_admission
2025,AH,ordinary_undergraduate,history,1257,001,,582,6118,,,,,13,src_collected_ah_2025_group_admission
2025,AH,ordinary_undergraduate,history,1257,002,,586,5392,,,,,6,src_collected_ah_2025_group_admission
2025,AH,ordinary_undergraduate,history,1258,002,,582,6223,,,,,8,src_collected_ah_2025_group_admission
2025,AH,ordinary_undergraduate,history,1258,003,,567,9346,,,,,7,src_collected_ah_2025_group_admission
2025,AH,ordinary_undergraduate,history,1258,004,,543,16053,,,,,2,src_collected_ah_2025_group_admission
2025,AH,ordinary_undergraduate,history,1259,007,,592,4487,,,,,12,src_collected_ah_2025_group_admission
2025,AH,ordinary_undergraduate,history,1259,008,,579,6695,,,,,3,src_collected_ah_2025_group_admission
2025,AH,ordinary_undergraduate,history,1259,009,,604,2884,,,,,8,src_collected_ah_2025_group_admission
2025,AH,ordinary_undergraduate,history,1259,051,,593,4365,,,,,2,src_collected_ah_2025_group_admission
2025,AH,ordinary_undergraduate,history,1259,052,,556,12051,,,,,2,src_collected_ah_2025_group_admission
2025,AH,ordinary_undergraduate,history,1260,001,,529,21097,,,,,13,src_collected_ah_2025_group_admission
2025,AH,ordinary_undergraduate,history,1263,002,,607,2567,,,,,15,src_collected_ah_2025_group_admission
2025,AH,ordinary_undergraduate,history,1264,001,,538,17563,,,,,16,src_collected_ah_2025_group_admission
2025,AH,ordinary_undergraduate,history,1265,002,,633,593,,,,,23,src_collected_ah_2025_group_admission
2025,AH,ordinary_undergraduate,history,1265,003,,632,637,,,,,3,src_collected_ah_2025_group_admission
2025,AH,ordinary_undergraduate,history,1270,005,,623,1165,,,,,24,src_collected_ah_2025_group_admission
2025,AH,ordinary_undergraduate,history,1270,006,,621,1258,,,,,3,src_collected_ah_2025_group_admission
2025,AH,ordinary_undergraduate,history,1273,001,,511,28345,,,,,18,src_collected_ah_2025_group_admission
2025,AH,ordinary_undergraduate,history,1273,002,,514,26701,,,,,5,src_collected_ah_2025_group_admission
2025,AH,ordinary_undergraduate,history,1274,001,,523,23299,,,,,4,src_collected_ah_2025_group_admission
2025,AH,ordinary_undergraduate,history,1278,001,,508,29396,,,,,4,src_collected_ah_2025_group_admission
2025,AH,ordinary_undergraduate,history,1279,001,,527,21660,,,,,12,src_collected_ah_2025_group_admission
2025,AH,ordinary_undergraduate,history,1280,001,,536,18268,,,,,7,src_collected_ah_2025_group_admission
2025,AH,ordinary_undergraduate,history,1281,001,,526,22217,,,,,23,src_collected_ah_2025_group_admission
2025,AH,ordinary_undergraduate,history,1283,001,,554,12676,,,,,4,src_collected_ah_2025_group_admission
2025,AH,ordinary_undergraduate,history,1283,002,,496,35141,,,,,4,src_collected_ah_2025_group_admission
2025,AH,ordinary_undergraduate,history,1285,001,,514,26899,,,,,21,src_collected_ah_2025_group_admission
2025,AH,ordinary_undergraduate,history,1285,071,,502,32369,,,,,1,src_collected_ah_2025_group_admission
2025,AH,ordinary_undergraduate,history,1286,002,,583,6018,,,,,8,src_collected_ah_2025_group_admission
2025,AH,ordinary_undergraduate,history,1292,001,,534,19034,,,,,2,src_collected_ah_2025_group_admission
2025,AH,ordinary_undergraduate,history,1293,001,,598,3558,,,,,8,src_collected_ah_2025_group_admission
2025,AH,ordinary_undergraduate,history,1294,001,,477,44612,,,,,5,src_collected_ah_2025_group_admission
2025,AH,ordinary_undergraduate,history,1296,001,,478,43929,,,,,7,src_collected_ah_2025_group_admission
2025,AH,ordinary_undergraduate,history,1298,001,,479,43431,,,,,3,src_collected_ah_2025_group_admission
2025,AH,ordinary_undergraduate,history,1304,003,,657,73,,,,,18,src_collected_ah_2025_group_admission
2025,AH,ordinary_undergraduate,history,1314,001,,555,12440,,,,,19,src_collected_ah_2025_group_admission
2025,AH,ordinary_undergraduate,history,1314,002,,554,12648,,,,,2,src_collected_ah_2025_group_admission
2025,AH,ordinary_undergraduate,history,1316,001,,512,27698,,,,,6,src_collected_ah_2025_group_admission
2025,AH,ordinary_undergraduate,history,1317,001,,510,28670,,,,,6,src_collected_ah_2025_group_admission
2025,AH,ordinary_undergraduate,history,1318,001,,537,18172,,,,,6,src_collected_ah_2025_group_admission
2025,AH,ordinary_undergraduate,history,1318,002,,529,20935,,,,,6,src_collected_ah_2025_group_admission
2025,AH,ordinary_undergraduate,history,1318,003,,531,20022,,,,,8,src_collected_ah_2025_group_admission
2025,AH,ordinary_undergraduate,history,1318,004,,528,21373,,,,,6,src_collected_ah_2025_group_admission
2025,AH,ordinary_undergraduate,history,1318,005,,518,25016,,,,,3,src_collected_ah_2025_group_admission
2025,AH,ordinary_undergraduate,history,1318,006,,546,15246,,,,,3,src_collected_ah_2025_group_admission
2025,AH,ordinary_undergraduate,history,1320,001,,524,22660,,,,,9,src_collected_ah_2025_group_admission
2025,AH,ordinary_undergraduate,history,1320,002,,513,27469,,,,,10,src_collected_ah_2025_group_admission
2025,AH,ordinary_undergraduate,history,1324,001,,477,44664,,,,,3,src_collected_ah_2025_group_admission
2025,AH,ordinary_undergraduate,history,1326,001,,579,6785,,,,,5,src_collected_ah_2025_group_admission
2025,AH,ordinary_undergraduate,history,1334,002,,567,9448,,,,,15,src_collected_ah_2025_group_admission
2025,AH,ordinary_undergraduate,history,1338,001,,536,18304,,,,,5,src_collected_ah_2025_group_admission
2025,AH,ordinary_undergraduate,history,1341,001,,548,14455,,,,,12,src_collected_ah_2025_group_admission
2025,AH,ordinary_undergraduate,history,1350,001,,477,44395,,,,,5,src_collected_ah_2025_group_admission
2025,AH,ordinary_undergraduate,history,1351,001,,511,28312,,,,,1,src_collected_ah_2025_group_admission
2025,AH,ordinary_undergraduate,history,1352,001,,516,26243,,,,,8,src_collected_ah_2025_group_admission
2025,AH,ordinary_undergraduate,history,1357,001,,577,7049,,,,,16,src_collected_ah_2025_group_admission
2025,AH,ordinary_undergraduate,history,1357,002,,580,6532,,,,,2,src_collected_ah_2025_group_admission
2025,AH,ordinary_undergraduate,history,1369,001,,522,23479,,,,,6,src_collected_ah_2025_group_admission
2025,AH,ordinary_undergraduate,history,1369,002,,494,35978,,,,,8,src_collected_ah_2025_group_admission
2025,AH,ordinary_undergraduate,history,1370,001,,477,44705,,,,,5,src_collected_ah_2025_group_admission
2025,AH,ordinary_undergraduate,history,1378,001,,496,35140,,,,,9,src_collected_ah_2025_group_admission
2025,AH,ordinary_undergraduate,history,1379,001,,515,26462,,,,,6,src_collected_ah_2025_group_admission
2025,AH,ordinary_undergraduate,history,1382,001,,517,25830,,,,,42,src_collected_ah_2025_group_admission
2025,AH,ordinary_undergraduate,history,1382,002,,492,37046,,,,,3,src_collected_ah_2025_group_admission
2025,AH,ordinary_undergraduate,history,1382,003,,525,22458,,,,,4,src_collected_ah_2025_group_admission
2025,AH,ordinary_undergraduate,history,1382,051,,503,31821,,,,,5,src_collected_ah_2025_group_admission
2025,AH,ordinary_undergraduate,history,1385,001,,542,16558,,,,,17,src_collected_ah_2025_group_admission
2025,AH,ordinary_undergraduate,history,1385,002,,560,11127,,,,,2,src_collected_ah_2025_group_admission
2025,AH,ordinary_undergraduate,history,1388,001,,481,42706,,,,,1,src_collected_ah_2025_group_admission
2025,AH,ordinary_undergraduate,history,1391,001,,496,34993,,,,,17,src_collected_ah_2025_group_admission
2025,AH,ordinary_undergraduate,history,1394,001,,556,12179,,,,,2,src_collected_ah_2025_group_admission
2025,AH,ordinary_undergraduate,history,1398,001,,479,43590,,,,,4,src_collected_ah_2025_group_admission
2025,AH,ordinary_undergraduate,history,1399,001,,580,6477,,,,,6,src_collected_ah_2025_group_admission
2025,AH,ordinary_undergraduate,history,1402,001,,493,36520,,,,,1,src_collected_ah_2025_group_admission
2025,AH,ordinary_undergraduate,history,1405,001,,477,44579,,,,,4,src_collected_ah_2025_group_admission
2025,AH,ordinary_undergraduate,history,1407,001,,482,42214,,,,,2,src_collected_ah_2025_group_admission
2025,AH,ordinary_undergraduate,history,1412,001,,477,44657,,,,,5,src_collected_ah_2025_group_admission
2025,AH,ordinary_undergraduate,history,1415,001,,477,44497,,,,,5,src_collected_ah_2025_group_admission
2025,AH,ordinary_undergraduate,history,1418,001,,485,40571,,,,,10,src_collected_ah_2025_group_admission
2025,AH,ordinary_undergraduate,history,1423,001,,480,43019,,,,,12,src_collected_ah_2025_group_admission
2025,AH,ordinary_undergraduate,history,1425,001,,477,44454,,,,,5,src_collected_ah_2025_group_admission
2025,AH,ordinary_undergraduate,history,1426,001,,580,6581,,,,,5,src_collected_ah_2025_group_admission
2025,AH,ordinary_undergraduate,history,1426,002,,559,11274,,,,,4,src_collected_ah_2025_group_admission
2025,AH,ordinary_undergraduate,history,1430,001,,525,22524,,,,,5,src_collected_ah_2025_group_admission
2025,AH,ordinary_undergraduate,history,1433,002,,584,5755,,,,,4,src_collected_ah_2025_group_admission
2025,AH,ordinary_undergraduate,history,1433,003,,589,4974,,,,,4,src_collected_ah_2025_group_admission
2025,AH,ordinary_undergraduate,history,1433,004,,551,13548,,,,,4,src_collected_ah_2025_group_admission
2025,AH,ordinary_undergraduate,history,1435,001,,500,33230,,,,,4,src_collected_ah_2025_group_admission
2025,AH,ordinary_undergraduate,history,1443,001,,508,29375,,,,,2,src_collected_ah_2025_group_admission
2025,AH,ordinary_undergraduate,history,1444,001,,485,40572,,,,,6,src_collected_ah_2025_group_admission
2025,AH,ordinary_undergraduate,history,1445,001,,502,32053,,,,,4,src_collected_ah_2025_group_admission
2025,AH,ordinary_undergraduate,history,1445,002,,493,36580,,,,,2,src_collected_ah_2025_group_admission
2025,AH,ordinary_undergraduate,history,1447,001,,519,24693,,,,,2,src_collected_ah_2025_group_admission
2025,AH,ordinary_undergraduate,history,1448,001,,511,28280,,,,,2,src_collected_ah_2025_group_admission
2025,AH,ordinary_undergraduate,history,1448,002,,506,30441,,,,,2,src_collected_ah_2025_group_admission
2025,AH,ordinary_undergraduate,history,1448,003,,510,28819,,,,,2,src_collected_ah_2025_group_admission
2025,AH,ordinary_undergraduate,history,1448,004,,511,28262,,,,,3,src_collected_ah_2025_group_admission
2025,AH,ordinary_undergraduate,history,1454,001,,553,12961,,,,,2,src_collected_ah_2025_group_admission
2025,AH,ordinary_undergraduate,history,1455,001,,528,21453,,,,,43,src_collected_ah_2025_group_admission
2025,AH,ordinary_undergraduate,history,1456,001,,507,30070,,,,,4,src_collected_ah_2025_group_admission
2025,AH,ordinary_undergraduate,history,1457,001,,514,27044,,,,,15,src_collected_ah_2025_group_admission
2025,AH,ordinary_undergraduate,history,1458,001,,481,42728,,,,,1,src_collected_ah_2025_group_admission
2025,AH,ordinary_undergraduate,history,1461,001,,477,44414,,,,,4,src_collected_ah_2025_group_admission
2025,AH,ordinary_undergraduate,history,1462,001,,487,39429,,,,,12,src_collected_ah_2025_group_admission
2025,AH,ordinary_undergraduate,history,1468,001,,587,5311,,,,,25,src_collected_ah_2025_group_admission
2025,AH,ordinary_undergraduate,history,1468,002,,592,4524,,,,,2,src_collected_ah_2025_group_admission
2025,AH,ordinary_undergraduate,history,1468,003,,600,3400,,,,,2,src_collected_ah_2025_group_admission
2025,AH,ordinary_undergraduate,history,1469,001,,624,1102,,,,,17,src_collected_ah_2025_group_admission
2025,AH,ordinary_undergraduate,history,1470,001,,627,920,,,,,10,src_collected_ah_2025_group_admission
2025,AH,ordinary_undergraduate,history,1472,001,,477,44563,,,,,7,src_collected_ah_2025_group_admission
2025,AH,ordinary_undergraduate,history,1475,001,,505,30888,,,,,22,src_collected_ah_2025_group_admission
2025,AH,ordinary_undergraduate,history,1478,001,,525,22482,,,,,22,src_collected_ah_2025_group_admission
2025,AH,ordinary_undergraduate,history,1479,001,,523,23276,,,,,21,src_collected_ah_2025_group_admission
2025,AH,ordinary_undergraduate,history,1479,002,,507,29912,,,,,5,src_collected_ah_2025_group_admission
2025,AH,ordinary_undergraduate,history,1480,001,,477,44419,,,,,4,src_collected_ah_2025_group_admission
2025,AH,ordinary_undergraduate,history,1481,001,,501,32843,,,,,4,src_collected_ah_2025_group_admission
2025,AH,ordinary_undergraduate,history,1483,001,,505,30983,,,,,14,src_collected_ah_2025_group_admission
2025,AH,ordinary_undergraduate,history,1483,002,,513,27494,,,,,8,src_collected_ah_2025_group_admission
2025,AH,ordinary_undergraduate,history,1483,003,,519,24863,,,,,1,src_collected_ah_2025_group_admission
2025,AH,ordinary_undergraduate,history,1483,004,,513,27125,,,,,1,src_collected_ah_2025_group_admission
2025,AH,ordinary_undergraduate,history,1484,001,,550,13908,,,,,4,src_collected_ah_2025_group_admission
2025,AH,ordinary_undergraduate,history,1484,002,,579,6780,,,,,1,src_collected_ah_2025_group_admission
2025,AH,ordinary_undergraduate,history,1484,003,,501,32581,,,,,1,src_collected_ah_2025_group_admission
2025,AH,ordinary_undergraduate,history,1487,001,,501,32745,,,,,5,src_collected_ah_2025_group_admission
2025,AH,ordinary_undergraduate,history,1491,001,,588,5122,,,,,7,src_collected_ah_2025_group_admission
2025,AH,ordinary_undergraduate,history,1491,002,,584,5888,,,,,73,src_collected_ah_2025_group_admission
2025,AH,ordinary_undergraduate,history,1491,003,,540,16891,,,,,16,src_collected_ah_2025_group_admission
2025,AH,ordinary_undergraduate,history,1491,004,,586,5502,,,,,3,src_collected_ah_2025_group_admission
2025,AH,ordinary_undergraduate,history,1491,005,,593,4290,,,,,4,src_collected_ah_2025_group_admission
2025,AH,ordinary_undergraduate,history,1491,006,,555,12527,,,,,2,src_collected_ah_2025_group_admission
2025,AH,ordinary_undergraduate,history,1496,002,,483,41738,,,,,2,src_collected_ah_2025_group_admission
2025,AH,ordinary_undergraduate,history,1497,001,,503,31670,,,,,27,src_collected_ah_2025_group_admission
2025,AH,ordinary_undergraduate,history,1497,002,,482,42147,,,,,3,src_collected_ah_2025_group_admission
2025,AH,ordinary_undergraduate,history,1497,003,,503,31773,,,,,7,src_collected_ah_2025_group_admission
2025,AH,ordinary_undergraduate,history,1499,001,,533,19553,,,,,52,src_collected_ah_2025_group_admission
2025,AH,ordinary_undergraduate,history,1499,002,,524,22859,,,,,3,src_collected_ah_2025_group_admission
2025,AH,ordinary_undergraduate,history,1499,003,,495,35430,,,,,3,src_collected_ah_2025_group_admission
2025,AH,ordinary_undergraduate,history,1499,004,,562,10595,,,,,2,src_collected_ah_2025_group_admission
2025,AH,ordinary_undergraduate,history,1499,005,,546,15122,,,,,8,src_collected_ah_2025_group_admission
2025,AH,ordinary_undergraduate,history,1499,006,,562,10580,,,,,2,src_collected_ah_2025_group_admission
2025,AH,ordinary_undergraduate,history,1502,001,,522,23601,,,,,6,src_collected_ah_2025_group_admission
2025,AH,ordinary_undergraduate,history,1502,002,,553,13133,,,,,4,src_collected_ah_2025_group_admission
2025,AH,ordinary_undergraduate,history,1505,001,,515,26473,,,,,8,src_collected_ah_2025_group_admission
2025,AH,ordinary_undergraduate,history,1509,001,,523,23212,,,,,7,src_collected_ah_2025_group_admission
2025,AH,ordinary_undergraduate,history,1510,001,,497,34637,,,,,9,src_collected_ah_2025_group_admission
2025,AH,ordinary_undergraduate,history,1512,001,,580,6569,,,,,6,src_collected_ah_2025_group_admission
2025,AH,ordinary_undergraduate,history,1518,001,,591,4693,,,,,30,src_collected_ah_2025_group_admission
2025,AH,ordinary_undergraduate,history,1518,002,,605,2735,,,,,20,src_collected_ah_2025_group_admission
2025,AH,ordinary_undergraduate,history,1519,001,,588,5048,,,,,22,src_collected_ah_2025_group_admission
2025,AH,ordinary_undergraduate,history,1519,002,,587,5225,,,,,39,src_collected_ah_2025_group_admission
2025,AH,ordinary_undergraduate,history,1524,001,,561,10887,,,,,31,src_collected_ah_2025_group_admission
2025,AH,ordinary_undergraduate,history,1525,001,,522,23640,,,,,25,src_collected_ah_2025_group_admission
2025,AH,ordinary_undergraduate,history,1525,002,,504,31423,,,,,3,src_collected_ah_2025_group_admission
2025,AH,ordinary_undergraduate,history,1526,001,,491,37361,,,,,6,src_collected_ah_2025_group_admission
2025,AH,ordinary_undergraduate,history,1528,002,,539,17488,,,,,3,src_collected_ah_2025_group_admission
2025,AH,ordinary_undergraduate,history,1528,003,,512,27891,,,,,3,src_collected_ah_2025_group_admission
2025,AH,ordinary_undergraduate,history,1536,001,,502,32360,,,,,9,src_collected_ah_2025_group_admission
2025,AH,ordinary_undergraduate,history,1539,001,,502,32433,,,,,4,src_collected_ah_2025_group_admission
2025,AH,ordinary_undergraduate,history,1541,001,,512,27836,,,,,22,src_collected_ah_2025_group_admission
2025,AH,ordinary_undergraduate,history,1541,002,,499,33801,,,,,3,src_collected_ah_2025_group_admission
2025,AH,ordinary_undergraduate,history,1542,001,,538,17892,,,,,28,src_collected_ah_2025_group_admission
2025,AH,ordinary_undergraduate,history,1542,002,,497,34643,,,,,3,src_collected_ah_2025_group_admission
2025,AH,ordinary_undergraduate,history,1544,001,,500,33044,,,,,6,src_collected_ah_2025_group_admission
2025,AH,ordinary_undergraduate,history,1546,001,,487,39735,,,,,11,src_collected_ah_2025_group_admission
2025,AH,ordinary_undergraduate,history,1553,001,,539,17284,,,,,11,src_collected_ah_2025_group_admission
2025,AH,ordinary_undergraduate,history,1553,002,,513,27466,,,,,8,src_collected_ah_2025_group_admission
2025,AH,ordinary_undergraduate,history,1553,003,,492,37149,,,,,5,src_collected_ah_2025_group_admission
2025,AH,ordinary_undergraduate,history,1553,004,,563,10260,,,,,4,src_collected_ah_2025_group_admission
2025,AH,ordinary_undergraduate,history,1557,001,,484,40834,,,,,9,src_collected_ah_2025_group_admission
2025,AH,ordinary_undergraduate,history,1561,001,,501,32924,,,,,16,src_collected_ah_2025_group_admission
2025,AH,ordinary_undergraduate,history,1562,001,,606,2655,,,,,36,src_collected_ah_2025_group_admission
2025,AH,ordinary_undergraduate,history,1562,002,,613,1965,,,,,5,src_collected_ah_2025_group_admission
2025,AH,ordinary_undergraduate,history,1563,001,,567,9492,,,,,19,src_collected_ah_2025_group_admission
2025,AH,ordinary_undergraduate,history,1564,001,,517,25811,,,,,26,src_collected_ah_2025_group_admission
2025,AH,ordinary_undergraduate,history,1566,001,,503,31896,,,,,5,src_collected_ah_2025_group_admission
2025,AH,ordinary_undergraduate,history,1567,001,,578,6978,,,,,39,src_collected_ah_2025_group_admission
2025,AH,ordinary_undergraduate,history,1567,002,,554,12855,,,,,10,src_collected_ah_2025_group_admission
2025,AH,ordinary_undergraduate,history,1567,003,,586,5503,,,,,3,src_collected_ah_2025_group_admission
2025,AH,ordinary_undergraduate,history,1567,004,,585,5641,,,,,5,src_collected_ah_2025_group_admission
2025,AH,ordinary_undergraduate,history,1569,001,,514,27053,,,,,2,src_collected_ah_2025_group_admission
2025,AH,ordinary_undergraduate,history,1571,001,,548,14410,,,,,17,src_collected_ah_2025_group_admission
2025,AH,ordinary_undergraduate,history,1576,001,,491,37615,,,,,11,src_collected_ah_2025_group_admission
2025,AH,ordinary_undergraduate,history,1577,001,,540,16974,,,,,26,src_collected_ah_2025_group_admission
2025,AH,ordinary_undergraduate,history,1578,001,,518,25403,,,,,4,src_collected_ah_2025_group_admission
2025,AH,ordinary_undergraduate,history,1579,001,,540,17063,,,,,16,src_collected_ah_2025_group_admission
2025,AH,ordinary_undergraduate,history,1580,001,,504,31284,,,,,22,src_collected_ah_2025_group_admission
2025,AH,ordinary_undergraduate,history,1580,002,,502,32478,,,,,18,src_collected_ah_2025_group_admission
2025,AH,ordinary_undergraduate,history,1581,001,,531,20229,,,,,11,src_collected_ah_2025_group_admission
2025,AH,ordinary_undergraduate,history,1584,001,,526,21921,,,,,5,src_collected_ah_2025_group_admission
2025,AH,ordinary_undergraduate,history,1584,002,,554,12606,,,,,15,src_collected_ah_2025_group_admission
2025,AH,ordinary_undergraduate,history,1591,001,,529,21061,,,,,2,src_collected_ah_2025_group_admission
2025,AH,ordinary_undergraduate,history,1591,002,,563,10334,,,,,2,src_collected_ah_2025_group_admission
2025,AH,ordinary_undergraduate,history,1591,003,,543,16216,,,,,1,src_collected_ah_2025_group_admission
2025,AH,ordinary_undergraduate,history,1592,001,,505,30916,,,,,8,src_collected_ah_2025_group_admission
2025,AH,ordinary_undergraduate,history,1595,001,,524,22825,,,,,1,src_collected_ah_2025_group_admission
2025,AH,ordinary_undergraduate,history,1600,001,,502,32294,,,,,8,src_collected_ah_2025_group_admission
2025,AH,ordinary_undergraduate,history,1601,001,,507,29909,,,,,11,src_collected_ah_2025_group_admission
2025,AH,ordinary_undergraduate,history,1601,002,,506,30271,,,,,2,src_collected_ah_2025_group_admission
2025,AH,ordinary_undergraduate,history,1603,001,,477,44679,,,,,11,src_collected_ah_2025_group_admission
2025,AH,ordinary_undergraduate,history,1603,002,,477,44434,,,,,1,src_collected_ah_2025_group_admission
2025,AH,ordinary_undergraduate,history,1604,004,,563,10364,,,,,13,src_collected_ah_2025_group_admission
2025,AH,ordinary_undergraduate,history,1605,001,,479,43722,,,,,5,src_collected_ah_2025_group_admission
2025,AH,ordinary_undergraduate,history,1606,001,,503,31684,,,,,6,src_collected_ah_2025_group_admission
2025,AH,ordinary_undergraduate,history,1607,001,,500,33199,,,,,16,src_collected_ah_2025_group_admission
2025,AH,ordinary_undergraduate,history,1607,002,,501,32528,,,,,2,src_collected_ah_2025_group_admission
2025,AH,ordinary_undergraduate,history,1611,001,,517,25726,,,,,14,src_collected_ah_2025_group_admission
2025,AH,ordinary_undergraduate,history,1627,001,,561,10757,,,,,4,src_collected_ah_2025_group_admission
2025,AH,ordinary_undergraduate,history,1627,002,,504,31550,,,,,4,src_collected_ah_2025_group_admission
2025,AH,ordinary_undergraduate,history,1628,001,,505,30876,,,,,6,src_collected_ah_2025_group_admission
2025,AH,ordinary_undergraduate,history,1628,002,,508,29606,,,,,5,src_collected_ah_2025_group_admission
2025,AH,ordinary_undergraduate,history,1630,001,,529,20890,,,,,5,src_collected_ah_2025_group_admission
2025,AH,ordinary_undergraduate,history,1630,002,,532,19713,,,,,1,src_collected_ah_2025_group_admission
2025,AH,ordinary_undergraduate,history,1631,001,,504,31283,,,,,2,src_collected_ah_2025_group_admission
2025,AH,ordinary_undergraduate,history,1632,001,,498,34076,,,,,4,src_collected_ah_2025_group_admission
2025,AH,ordinary_undergraduate,history,1632,002,,498,33972,,,,,4,src_collected_ah_2025_group_admission
2025,AH,ordinary_undergraduate,history,1634,001,,580,6485,,,,,5,src_collected_ah_2025_group_admission
2025,AH,ordinary_undergraduate,history,1634,002,,541,16748,,,,,8,src_collected_ah_2025_group_admission
2025,AH,ordinary_undergraduate,history,1634,003,,579,6702,,,,,5,src_collected_ah_2025_group_admission
2025,AH,ordinary_undergraduate,history,1635,001,,526,22258,,,,,11,src_collected_ah_2025_group_admission
2025,AH,ordinary_undergraduate,history,1635,002,,531,20283,,,,,5,src_collected_ah_2025_group_admission
2025,AH,ordinary_undergraduate,history,1637,001,,520,24351,,,,,18,src_collected_ah_2025_group_admission
2025,AH,ordinary_undergraduate,history,1639,001,,561,10682,,,,,10,src_collected_ah_2025_group_admission
2025,AH,ordinary_undergraduate,history,1644,001,,532,19683,,,,,17,src_collected_ah_2025_group_admission
2025,AH,ordinary_undergraduate,history,1645,001,,541,16589,,,,,6,src_collected_ah_2025_group_admission
2025,AH,ordinary_undergraduate,history,1647,001,,517,25788,,,,,16,src_collected_ah_2025_group_admission
2025,AH,ordinary_undergraduate,history,1649,001,,509,29239,,,,,8,src_collected_ah_2025_group_admission
2025,AH,ordinary_undergraduate,history,1650,001,,539,17466,,,,,1,src_collected_ah_2025_group_admission
2025,AH,ordinary_undergraduate,history,1651,001,,528,21262,,,,,17,src_collected_ah_2025_group_admission
2025,AH,ordinary_undergraduate,history,1652,001,,507,30119,,,,,8,src_collected_ah_2025_group_admission
2025,AH,ordinary_undergraduate,history,1653,001,,486,40099,,,,,5,src_collected_ah_2025_group_admission
2025,AH,ordinary_undergraduate,history,1655,001,,488,39098,,,,,6,src_collected_ah_2025_group_admission
2025,AH,ordinary_undergraduate,history,1658,001,,557,11850,,,,,10,src_collected_ah_2025_group_admission
2025,AH,ordinary_undergraduate,history,1658,002,,559,11212,,,,,2,src_collected_ah_2025_group_admission
2025,AH,ordinary_undergraduate,history,1662,001,,520,24191,,,,,4,src_collected_ah_2025_group_admission
2025,AH,ordinary_undergraduate,history,1662,002,,508,29669,,,,,3,src_collected_ah_2025_group_admission
2025,AH,ordinary_undergraduate,history,1663,001,,513,27505,,,,,11,src_collected_ah_2025_group_admission
2025,AH,ordinary_undergraduate,history,1667,001,,591,4686,,,,,3,src_collected_ah_2025_group_admission
2025,AH,ordinary_undergraduate,history,1667,002,,559,11283,,,,,5,src_collected_ah_2025_group_admission
2025,AH,ordinary_undergraduate,history,1667,003,,532,19753,,,,,13,src_collected_ah_2025_group_admission
2025,AH,ordinary_undergraduate,history,1671,001,,536,18235,,,,,5,src_collected_ah_2025_group_admission
2025,AH,ordinary_undergraduate,history,1673,001,,506,30266,,,,,8,src_collected_ah_2025_group_admission
2025,AH,ordinary_undergraduate,history,1674,003,,624,1057,,,,,21,src_collected_ah_2025_group_admission
2025,AH,ordinary_undergraduate,history,1679,001,,514,26925,,,,,4,src_collected_ah_2025_group_admission
2025,AH,ordinary_undergraduate,history,1681,001,,562,10558,,,,,5,src_collected_ah_2025_group_admission
2025,AH,ordinary_undergraduate,history,1682,001,,514,26915,,,,,12,src_collected_ah_2025_group_admission
2025,AH,ordinary_undergraduate,history,1683,001,,545,15610,,,,,20,src_collected_ah_2025_group_admission
2025,AH,ordinary_undergraduate,history,1691,001,,551,13552,,,,,16,src_collected_ah_2025_group_admission
2025,AH,ordinary_undergraduate,history,1692,001,,516,25997,,,,,8,src_collected_ah_2025_group_admission
2025,AH,ordinary_undergraduate,history,1695,001,,520,24187,,,,,3,src_collected_ah_2025_group_admission
2025,AH,ordinary_undergraduate,history,1696,001,,541,16821,,,,,12,src_collected_ah_2025_group_admission
2025,AH,ordinary_undergraduate,history,1696,002,,554,12767,,,,,2,src_collected_ah_2025_group_admission
2025,AH,ordinary_undergraduate,history,1697,001,,503,31908,,,,,8,src_collected_ah_2025_group_admission
2025,AH,ordinary_undergraduate,history,1699,001,,510,28710,,,,,4,src_collected_ah_2025_group_admission
2025,AH,ordinary_undergraduate,history,1703,001,,478,44067,,,,,9,src_collected_ah_2025_group_admission
2025,AH,ordinary_undergraduate,history,1703,002,,481,42455,,,,,3,src_collected_ah_2025_group_admission
2025,AH,ordinary_undergraduate,history,1705,001,,596,3873,,,,,46,src_collected_ah_2025_group_admission
2025,AH,ordinary_undergraduate,history,1705,002,,595,3983,,,,,1,src_collected_ah_2025_group_admission
2025,AH,ordinary_undergraduate,history,1705,003,,602,3061,,,,,7,src_collected_ah_2025_group_admission
2025,AH,ordinary_undergraduate,history,1705,004,,601,3197,,,,,2,src_collected_ah_2025_group_admission
2025,AH,ordinary_undergraduate,history,1712,001,,518,25232,,,,,6,src_collected_ah_2025_group_admission
2025,AH,ordinary_undergraduate,history,1715,001,,486,40117,,,,,4,src_collected_ah_2025_group_admission
2025,AH,ordinary_undergraduate,history,1718,001,,576,7211,,,,,4,src_collected_ah_2025_group_admission
2025,AH,ordinary_undergraduate,history,1718,002,,529,20851,,,,,10,src_collected_ah_2025_group_admission
2025,AH,ordinary_undergraduate,history,1719,001,,539,17299,,,,,18,src_collected_ah_2025_group_admission
2025,AH,ordinary_undergraduate,history,1720,001,,525,22411,,,,,20,src_collected_ah_2025_group_admission
2025,AH,ordinary_undergraduate,history,1722,001,,586,5424,,,,,11,src_collected_ah_2025_group_admission
2025,AH,ordinary_undergraduate,history,1723,002,,600,3309,,,,,8,src_collected_ah_2025_group_admission
2025,AH,ordinary_undergraduate,history,1724,001,,508,29774,,,,,52,src_collected_ah_2025_group_admission
2025,AH,ordinary_undergraduate,history,1725,001,,545,15577,,,,,13,src_collected_ah_2025_group_admission
2025,AH,ordinary_undergraduate,history,1725,002,,543,15987,,,,,7,src_collected_ah_2025_group_admission
2025,AH,ordinary_undergraduate,history,1725,003,,540,16934,,,,,4,src_collected_ah_2025_group_admission
2025,AH,ordinary_undergraduate,history,1727,001,,556,12228,,,,,22,src_collected_ah_2025_group_admission
2025,AH,ordinary_undergraduate,history,1727,002,,559,11223,,,,,8,src_collected_ah_2025_group_admission
2025,AH,ordinary_undergraduate,history,1727,003,,546,15069,,,,,2,src_collected_ah_2025_group_admission
2025,AH,ordinary_undergraduate,history,1728,002,,600,3342,,,,,41,src_collected_ah_2025_group_admission
2025,AH,ordinary_undergraduate,history,1729,008,,631,698,,,,,29,src_collected_ah_2025_group_admission
2025,AH,ordinary_undergraduate,history,1729,009,,627,926,,,,,2,src_collected_ah_2025_group_admission
2025,AH,ordinary_undergraduate,history,1729,010,,631,702,,,,,6,src_collected_ah_2025_group_admission
2025,AH,ordinary_undergraduate,history,1730,003,,607,2556,,,,,122,src_collected_ah_2025_group_admission
2025,AH,ordinary_undergraduate,history,1731,001,,620,1321,,,,,23,src_collected_ah_2025_group_admission
2025,AH,ordinary_undergraduate,history,1733,001,,602,3083,,,,,20,src_collected_ah_2025_group_admission
2025,AH,ordinary_undergraduate,history,1733,002,,609,2357,,,,,5,src_collected_ah_2025_group_admission
2025,AH,ordinary_undergraduate,history,1734,002,,571,8347,,,,,41,src_collected_ah_2025_group_admission
2025,AH,ordinary_undergraduate,history,1734,003,,541,16718,,,,,7,src_collected_ah_2025_group_admission
2025,AH,ordinary_undergraduate,history,1734,004,,577,7136,,,,,3,src_collected_ah_2025_group_admission
2025,AH,ordinary_undergraduate,history,1735,001,,628,852,,,,,19,src_collected_ah_2025_group_admission
2025,AH,ordinary_undergraduate,history,1736,001,,589,4975,,,,,21,src_collected_ah_2025_group_admission
2025,AH,ordinary_undergraduate,history,1736,002,,579,6647,,,,,7,src_collected_ah_2025_group_admission
2025,AH,ordinary_undergraduate,history,1737,006,,615,1740,,,,,12,src_collected_ah_2025_group_admission
2025,AH,ordinary_undergraduate,history,1737,007,,620,1334,,,,,3,src_collected_ah_2025_group_admission
2025,AH,ordinary_undergraduate,history,1738,001,,518,25229,,,,,8,src_collected_ah_2025_group_admission
2025,AH,ordinary_undergraduate,history,1739,001,,527,21547,,,,,6,src_collected_ah_2025_group_admission
2025,AH,ordinary_undergraduate,history,1740,001,,545,15470,,,,,5,src_collected_ah_2025_group_admission
2025,AH,ordinary_undergraduate,history,1742,001,,524,22659,,,,,10,src_collected_ah_2025_group_admission
2025,AH,ordinary_undergraduate,history,1742,002,,525,22536,,,,,7,src_collected_ah_2025_group_admission
2025,AH,ordinary_undergraduate,history,1744,001,,494,35872,,,,,12,src_collected_ah_2025_group_admission
2025,AH,ordinary_undergraduate,history,1746,001,,507,30006,,,,,31,src_collected_ah_2025_group_admission
2025,AH,ordinary_undergraduate,history,1750,001,,504,31306,,,,,2,src_collected_ah_2025_group_admission
2025,AH,ordinary_undergraduate,history,1753,001,,477,44286,,,,,4,src_collected_ah_2025_group_admission
2025,AH,ordinary_undergraduate,history,1754,001,,529,21068,,,,,14,src_collected_ah_2025_group_admission
2025,AH,ordinary_undergraduate,history,1754,002,,528,21126,,,,,5,src_collected_ah_2025_group_admission
2025,AH,ordinary_undergraduate,history,1755,005,,617,1564,,,,,22,src_collected_ah_2025_group_admission
2025,AH,ordinary_undergraduate,history,1755,006,,633,621,,,,,4,src_collected_ah_2025_group_admission
2025,AH,ordinary_undergraduate,history,1755,007,,617,1576,,,,,7,src_collected_ah_2025_group_admission
2025,AH,ordinary_undergraduate,history,1758,001,,501,32699,,,,,11,src_collected_ah_2025_group_admission
2025,AH,ordinary_undergraduate,history,1759,001,,502,32084,,,,,25,src_collected_ah_2025_group_admission
2025,AH,ordinary_undergraduate,history,1762,001,,512,27916,,,,,6,src_collected_ah_2025_group_admission
2025,AH,ordinary_undergraduate,history,1762,002,,492,37279,,,,,2,src_collected_ah_2025_group_admission
2025,AH,ordinary_undergraduate,history,1765,001,,524,22853,,,,,8,src_collected_ah_2025_group_admission
2025,AH,ordinary_undergraduate,history,1766,001,,515,26294,,,,,15,src_collected_ah_2025_group_admission
2025,AH,ordinary_undergraduate,history,1767,001,,501,32786,,,,,4,src_collected_ah_2025_group_admission
2025,AH,ordinary_undergraduate,history,1768,001,,529,20919,,,,,12,src_collected_ah_2025_group_admission
2025,AH,ordinary_undergraduate,history,1768,002,,526,22018,,,,,3,src_collected_ah_2025_group_admission
2025,AH,ordinary_undergraduate,history,1768,003,,507,30049,,,,,8,src_collected_ah_2025_group_admission
2025,AH,ordinary_undergraduate,history,1768,004,,520,24356,,,,,2,src_collected_ah_2025_group_admission
2025,AH,ordinary_undergraduate,history,1768,005,,513,27353,,,,,4,src_collected_ah_2025_group_admission
2025,AH,ordinary_undergraduate,history,1768,006,,509,29306,,,,,8,src_collected_ah_2025_group_admission
2025,AH,ordinary_undergraduate,history,1768,007,,504,31390,,,,,4,src_collected_ah_2025_group_admission
2025,AH,ordinary_undergraduate,history,1771,001,,498,34138,,,,,4,src_collected_ah_2025_group_admission
2025,AH,ordinary_undergraduate,history,1773,001,,477,44553,,,,,17,src_collected_ah_2025_group_admission
2025,AH,ordinary_undergraduate,history,1774,001,,504,31317,,,,,4,src_collected_ah_2025_group_admission
2025,AH,ordinary_undergraduate,history,1775,001,,499,33523,,,,,2,src_collected_ah_2025_group_admission
2025,AH,ordinary_undergraduate,history,1775,051,,494,36058,,,,,7,src_collected_ah_2025_group_admission
2025,AH,ordinary_undergraduate,history,1776,001,,528,21383,,,,,14,src_collected_ah_2025_group_admission
2025,AH,ordinary_undergraduate,history,1776,002,,533,19329,,,,,9,src_collected_ah_2025_group_admission
2025,AH,ordinary_undergraduate,history,1777,001,,576,7279,,,,,9,src_collected_ah_2025_group_admission
2025,AH,ordinary_undergraduate,history,1777,002,,574,7682,,,,,13,src_collected_ah_2025_group_admission
2025,AH,ordinary_undergraduate,history,1778,002,,554,12666,,,,,22,src_collected_ah_2025_group_admission
2025,AH,ordinary_undergraduate,history,1778,003,,572,8161,,,,,2,src_collected_ah_2025_group_admission
2025,AH,ordinary_undergraduate,history,1782,001,,505,30832,,,,,10,src_collected_ah_2025_group_admission
2025,AH,ordinary_undergraduate,history,1786,002,,610,2239,,,,,18,src_collected_ah_2025_group_admission
2025,AH,ordinary_undergraduate,history,1786,003,,606,2675,,,,,14,src_collected_ah_2025_group_admission
2025,AH,ordinary_undergraduate,history,1787,001,,599,3524,,,,,2,src_collected_ah_2025_group_admission
2025,AH,ordinary_undergraduate,history,1791,001,,553,13174,,,,,11,src_collected_ah_2025_group_admission
2025,AH,ordinary_undergraduate,history,1792,001,,542,16313,,,,,3,src_collected_ah_2025_group_admission
2025,AH,ordinary_undergraduate,history,1795,001,,512,27860,,,,,2,src_collected_ah_2025_group_admission
2025,AH,ordinary_undergraduate,history,1795,002,,503,31757,,,,,2,src_collected_ah_2025_group_admission
2025,AH,ordinary_undergraduate,history,1795,003,,513,27404,,,,,3,src_collected_ah_2025_group_admission
2025,AH,ordinary_undergraduate,history,1798,001,,563,10406,,,,,12,src_collected_ah_2025_group_admission
2025,AH,ordinary_undergraduate,history,1801,001,,610,2207,,,,,4,src_collected_ah_2025_group_admission
2025,AH,ordinary_undergraduate,history,1801,002,,614,1869,,,,,12,src_collected_ah_2025_group_admission
2025,AH,ordinary_undergraduate,history,1801,003,,607,2554,,,,,5,src_collected_ah_2025_group_admission
2025,AH,ordinary_undergraduate,history,1801,004,,612,2054,,,,,10,src_collected_ah_2025_group_admission
2025,AH,ordinary_undergraduate,history,1801,005,,594,4164,,,,,4,src_collected_ah_2025_group_admission
2025,AH,ordinary_undergraduate,history,1801,006,,610,2202,,,,,4,src_collected_ah_2025_group_admission
2025,AH,ordinary_undergraduate,history,1808,001,,586,5512,,,,,8,src_collected_ah_2025_group_admission
2025,AH,ordinary_undergraduate,history,1809,001,,545,15519,,,,,7,src_collected_ah_2025_group_admission
2025,AH,ordinary_undergraduate,history,1813,001,,559,11284,,,,,14,src_collected_ah_2025_group_admission
2025,AH,ordinary_undergraduate,history,1819,001,,568,9106,,,,,9,src_collected_ah_2025_group_admission
2025,AH,ordinary_undergraduate,history,1820,001,,539,17306,,,,,5,src_collected_ah_2025_group_admission
2025,AH,ordinary_undergraduate,history,1825,001,,580,6470,,,,,2,src_collected_ah_2025_group_admission
2025,AH,ordinary_undergraduate,history,1830,001,,580,6508,,,,,32,src_collected_ah_2025_group_admission
2025,AH,ordinary_undergraduate,history,1830,002,,583,5944,,,,,15,src_collected_ah_2025_group_admission
2025,AH,ordinary_undergraduate,history,1834,001,,508,29588,,,,,2,src_collected_ah_2025_group_admission
2025,AH,ordinary_undergraduate,history,1836,001,,477,44600,,,,,8,src_collected_ah_2025_group_admission
2025,AH,ordinary_undergraduate,history,1837,001,,489,38544,,,,,7,src_collected_ah_2025_group_admission
2025,AH,ordinary_undergraduate,history,1850,001,,534,19044,,,,,3,src_collected_ah_2025_group_admission
2025,AH,ordinary_undergraduate,history,1851,001,,536,18326,,,,,22,src_collected_ah_2025_group_admission
2025,AH,ordinary_undergraduate,history,1852,001,,488,39076,,,,,9,src_collected_ah_2025_group_admission
2025,AH,ordinary_undergraduate,history,1854,001,,551,13800,,,,,7,src_collected_ah_2025_group_admission
2025,AH,ordinary_undergraduate,history,1856,001,,552,13347,,,,,6,src_collected_ah_2025_group_admission
2025,AH,ordinary_undergraduate,history,1856,002,,544,15688,,,,,10,src_collected_ah_2025_group_admission
2025,AH,ordinary_undergraduate,history,1858,001,,479,43646,,,,,1,src_collected_ah_2025_group_admission
2025,AH,ordinary_undergraduate,history,1860,002,,571,8306,,,,,20,src_collected_ah_2025_group_admission
2025,AH,ordinary_undergraduate,history,1860,003,,560,11161,,,,,18,src_collected_ah_2025_group_admission
2025,AH,ordinary_undergraduate,history,1860,004,,546,15250,,,,,30,src_collected_ah_2025_group_admission
2025,AH,ordinary_undergraduate,history,1860,005,,550,13891,,,,,39,src_collected_ah_2025_group_admission
2025,AH,ordinary_undergraduate,history,1860,006,,532,19954,,,,,4,src_collected_ah_2025_group_admission
2025,AH,ordinary_undergraduate,history,1860,007,,573,8041,,,,,8,src_collected_ah_2025_group_admission
2025,AH,ordinary_undergraduate,history,1860,008,,568,9101,,,,,13,src_collected_ah_2025_group_admission
2025,AH,ordinary_undergraduate,history,1875,001,,477,44682,,,,,10,src_collected_ah_2025_group_admission
2025,AH,ordinary_undergraduate,history,1879,001,,525,22425,,,,,22,src_collected_ah_2025_group_admission
2025,AH,ordinary_undergraduate,history,1879,002,,558,11667,,,,,5,src_collected_ah_2025_group_admission
2025,AH,ordinary_undergraduate,history,1879,003,,524,22918,,,,,5,src_collected_ah_2025_group_admission
2025,AH,ordinary_undergraduate,history,1885,001,,503,31580,,,,,3,src_collected_ah_2025_group_admission
2025,AH,ordinary_undergraduate,history,1887,001,,536,18381,,,,,9,src_collected_ah_2025_group_admission
2025,AH,ordinary_undergraduate,history,1890,001,,512,27734,,,,,2,src_collected_ah_2025_group_admission
2025,AH,ordinary_undergraduate,history,1891,001,,492,37049,,,,,4,src_collected_ah_2025_group_admission
2025,AH,ordinary_undergraduate,history,1892,001,,509,28961,,,,,5,src_collected_ah_2025_group_admission
2025,AH,ordinary_undergraduate,history,1893,001,,506,30413,,,,,17,src_collected_ah_2025_group_admission
2025,AH,ordinary_undergraduate,history,1897,001,,524,22907,,,,,9,src_collected_ah_2025_group_admission
2025,AH,ordinary_undergraduate,history,1898,001,,546,15029,,,,,3,src_collected_ah_2025_group_admission
2025,AH,ordinary_undergraduate,history,1898,002,,532,19943,,,,,1,src_collected_ah_2025_group_admission
2025,AH,ordinary_undergraduate,history,1898,003,,539,17467,,,,,6,src_collected_ah_2025_group_admission
2025,AH,ordinary_undergraduate,history,1900,001,,523,23269,,,,,3,src_collected_ah_2025_group_admission
2025,AH,ordinary_undergraduate,history,1901,001,,491,37408,,,,,4,src_collected_ah_2025_group_admission
2025,AH,ordinary_undergraduate,history,1901,002,,498,34135,,,,,2,src_collected_ah_2025_group_admission
2025,AH,ordinary_undergraduate,history,1902,001,,513,27399,,,,,36,src_collected_ah_2025_group_admission
2025,AH,ordinary_undergraduate,history,1902,002,,504,31239,,,,,3,src_collected_ah_2025_group_admission
2025,AH,ordinary_undergraduate,history,1902,003,,512,27621,,,,,3,src_collected_ah_2025_group_admission
2025,AH,ordinary_undergraduate,history,1906,001,,502,32361,,,,,21,src_collected_ah_2025_group_admission
2025,AH,ordinary_undergraduate,history,1906,002,,505,30823,,,,,2,src_collected_ah_2025_group_admission
2025,AH,ordinary_undergraduate,history,1918,001,,489,38322,,,,,6,src_collected_ah_2025_group_admission
2025,AH,ordinary_undergraduate,history,1919,001,,516,26152,,,,,6,src_collected_ah_2025_group_admission
2025,AH,ordinary_undergraduate,history,1919,002,,519,24652,,,,,2,src_collected_ah_2025_group_admission
2025,AH,ordinary_undergraduate,history,1926,001,,493,36633,,,,,10,src_collected_ah_2025_group_admission
2025,AH,ordinary_undergraduate,history,1929,001,,479,43359,,,,,6,src_collected_ah_2025_group_admission
2025,AH,ordinary_undergraduate,history,1930,001,,524,23013,,,,,25,src_collected_ah_2025_group_admission
2025,AH,ordinary_undergraduate,history,1930,002,,523,23050,,,,,2,src_collected_ah_2025_group_admission
2025,AH,ordinary_undergraduate,history,1931,001,,501,32570,,,,,4,src_collected_ah_2025_group_admission
2025,AH,ordinary_undergraduate,history,1931,002,,499,33448,,,,,29,src_collected_ah_2025_group_admission
2025,AH,ordinary_undergraduate,history,1932,003,,611,2131,,,,,17,src_collected_ah_2025_group_admission
2025,AH,ordinary_undergraduate,history,1932,004,,615,1767,,,,,5,src_collected_ah_2025_group_admission
2025,AH,ordinary_undergraduate,history,1933,001,,484,40904,,,,,4,src_collected_ah_2025_group_admission
2025,AH,ordinary_undergraduate,history,1933,002,,489,38721,,,,,5,src_collected_ah_2025_group_admission
2025,AH,ordinary_undergraduate,history,1935,001,,535,18677,,,,,11,src_collected_ah_2025_group_admission
2025,AH,ordinary_undergraduate,history,1936,001,,529,21014,,,,,19,src_collected_ah_2025_group_admission
2025,AH,ordinary_undergraduate,history,1939,001,,504,31222,,,,,6,src_collected_ah_2025_group_admission
2025,AH,ordinary_undergraduate,history,1942,001,,509,29265,,,,,5,src_collected_ah_2025_group_admission
2025,AH,ordinary_undergraduate,history,1942,002,,516,26259,,,,,3,src_collected_ah_2025_group_admission
2025,AH,ordinary_undergraduate,history,1944,001,,502,32358,,,,,10,src_collected_ah_2025_group_admission
2025,AH,ordinary_undergraduate,history,1946,001,,477,44685,,,,,25,src_collected_ah_2025_group_admission
2025,AH,ordinary_undergraduate,history,1947,001,,526,21912,,,,,11,src_collected_ah_2025_group_admission
2025,AH,ordinary_undergraduate,history,1949,001,,517,25770,,,,,4,src_collected_ah_2025_group_admission
2025,AH,ordinary_undergraduate,history,1951,001,,503,31631,,,,,15,src_collected_ah_2025_group_admission
2025,AH,ordinary_undergraduate,history,1951,002,,506,30459,,,,,4,src_collected_ah_2025_group_admission
2025,AH,ordinary_undergraduate,history,1951,003,,505,30740,,,,,3,src_collected_ah_2025_group_admission
2025,AH,ordinary_undergraduate,history,1953,001,,489,38584,,,,,1,src_collected_ah_2025_group_admission
2025,AH,ordinary_undergraduate,history,1954,001,,584,5859,,,,,15,src_collected_ah_2025_group_admission
2025,AH,ordinary_undergraduate,history,1954,002,,584,5768,,,,,10,src_collected_ah_2025_group_admission
2025,AH,ordinary_undergraduate,history,1954,003,,568,9216,,,,,2,src_collected_ah_2025_group_admission
2025,AH,ordinary_undergraduate,history,1954,004,,577,7127,,,,,2,src_collected_ah_2025_group_admission
2025,AH,ordinary_undergraduate,history,1954,005,,588,5091,,,,,1,src_collected_ah_2025_group_admission
2025,AH,ordinary_undergraduate,history,1954,006,,582,6141,,,,,2,src_collected_ah_2025_group_admission
2025,AH,ordinary_undergraduate,history,1954,007,,585,5555,,,,,2,src_collected_ah_2025_group_admission
2025,AH,ordinary_undergraduate,history,1954,008,,593,4357,,,,,2,src_collected_ah_2025_group_admission
2025,AH,ordinary_undergraduate,history,1954,051,,569,8723,,,,,1,src_collected_ah_2025_group_admission
2025,AH,ordinary_undergraduate,history,1954,052,,578,6836,,,,,2,src_collected_ah_2025_group_admission
2025,AH,ordinary_undergraduate,history,1954,053,,586,5466,,,,,2,src_collected_ah_2025_group_admission
2025,AH,ordinary_undergraduate,history,1954,054,,579,6778,,,,,2,src_collected_ah_2025_group_admission
2025,AH,ordinary_undergraduate,history,1954,055,,573,7984,,,,,2,src_collected_ah_2025_group_admission
2025,AH,ordinary_undergraduate,history,1956,001,,480,42834,,,,,1,src_collected_ah_2025_group_admission
2025,AH,ordinary_undergraduate,history,1957,001,,521,23886,,,,,20,src_collected_ah_2025_group_admission
2025,AH,ordinary_undergraduate,history,1959,001,,518,25116,,,,,8,src_collected_ah_2025_group_admission
2025,AH,ordinary_undergraduate,history,1969,001,,482,41845,,,,,2,src_collected_ah_2025_group_admission
2025,AH,ordinary_undergraduate,history,1976,001,,554,12827,,,,,12,src_collected_ah_2025_group_admission
2025,AH,ordinary_undergraduate,history,1976,002,,531,20179,,,,,4,src_collected_ah_2025_group_admission
2025,AH,ordinary_undergraduate,history,1976,003,,537,18152,,,,,2,src_collected_ah_2025_group_admission
2025,AH,ordinary_undergraduate,history,1976,004,,510,28887,,,,,2,src_collected_ah_2025_group_admission
2025,AH,ordinary_undergraduate,history,1985,001,,558,11597,,,,,3,src_collected_ah_2025_group_admission
2025,AH,ordinary_undergraduate,history,1985,002,,517,25480,,,,,5,src_collected_ah_2025_group_admission
2025,AH,ordinary_undergraduate,history,1989,001,,548,14603,,,,,6,src_collected_ah_2025_group_admission
2025,AH,ordinary_undergraduate,history,1989,002,,493,36618,,,,,5,src_collected_ah_2025_group_admission
2025,AH,ordinary_undergraduate,history,1992,002,,544,15933,,,,,6,src_collected_ah_2025_group_admission
2025,AH,ordinary_undergraduate,history,1995,001,,513,27447,,,,,26,src_collected_ah_2025_group_admission
2025,AH,ordinary_undergraduate,history,1995,002,,521,23988,,,,,3,src_collected_ah_2025_group_admission
2025,AH,ordinary_undergraduate,history,1995,003,,512,27815,,,,,3,src_collected_ah_2025_group_admission
2025,AH,ordinary_undergraduate,history,1996,001,,477,44659,,,,,4,src_collected_ah_2025_group_admission
2025,AH,ordinary_undergraduate,history,1999,001,,504,31350,,,,,3,src_collected_ah_2025_group_admission
2025,AH,ordinary_undergraduate,history,2001,001,,504,31505,,,,,6,src_collected_ah_2025_group_admission
2025,AH,ordinary_undergraduate,history,2002,001,,503,31885,,,,,4,src_collected_ah_2025_group_admission
2025,AH,ordinary_undergraduate,history,2002,002,,491,37366,,,,,1,src_collected_ah_2025_group_admission
2025,AH,ordinary_undergraduate,history,2002,003,,504,31475,,,,,1,src_collected_ah_2025_group_admission
2025,AH,ordinary_undergraduate,history,2002,004,,504,31216,,,,,2,src_collected_ah_2025_group_admission
2025,AH,ordinary_undergraduate,history,2006,001,,541,16676,,,,,7,src_collected_ah_2025_group_admission
2025,AH,ordinary_undergraduate,history,2009,001,,515,26446,,,,,30,src_collected_ah_2025_group_admission
2025,AH,ordinary_undergraduate,history,2010,001,,511,28052,,,,,27,src_collected_ah_2025_group_admission
2025,AH,ordinary_undergraduate,history,2010,002,,502,32518,,,,,16,src_collected_ah_2025_group_admission
2025,AH,ordinary_undergraduate,history,2010,003,,501,32652,,,,,15,src_collected_ah_2025_group_admission
2025,AH,ordinary_undergraduate,history,2015,001,,500,33359,,,,,2,src_collected_ah_2025_group_admission
2025,AH,ordinary_undergraduate,history,2015,002,,510,28770,,,,,1,src_collected_ah_2025_group_admission
2025,AH,ordinary_undergraduate,history,2015,003,,508,29560,,,,,2,src_collected_ah_2025_group_admission
2025,AH,ordinary_undergraduate,history,2015,004,,509,29294,,,,,1,src_collected_ah_2025_group_admission
2025,AH,ordinary_undergraduate,history,2020,001,,490,38219,,,,,6,src_collected_ah_2025_group_admission
2025,AH,ordinary_undergraduate,history,2022,001,,516,25858,,,,,6,src_collected_ah_2025_group_admission
2025,AH,ordinary_undergraduate,history,2024,001,,516,26111,,,,,19,src_collected_ah_2025_group_admission
2025,AH,ordinary_undergraduate,history,2027,001,,542,16296,,,,,5,src_collected_ah_2025_group_admission
2025,AH,ordinary_undergraduate,history,2028,001,,477,44387,,,,,7,src_collected_ah_2025_group_admission
2025,AH,ordinary_undergraduate,history,2029,001,,477,44473,,,,,4,src_collected_ah_2025_group_admission
2025,AH,ordinary_undergraduate,history,2030,002,,527,21566,,,,,9,src_collected_ah_2025_group_admission
2025,AH,ordinary_undergraduate,history,2034,001,,503,31787,,,,,15,src_collected_ah_2025_group_admission
2025,AH,ordinary_undergraduate,history,2036,001,,589,4906,,,,,39,src_collected_ah_2025_group_admission
2025,AH,ordinary_undergraduate,history,2037,001,,521,23794,,,,,31,src_collected_ah_2025_group_admission
2025,AH,ordinary_undergraduate,history,2038,001,,497,34566,,,,,2,src_collected_ah_2025_group_admission
2025,AH,ordinary_undergraduate,history,2038,002,,481,42296,,,,,18,src_collected_ah_2025_group_admission
2025,AH,ordinary_undergraduate,history,2038,003,,483,41424,,,,,6,src_collected_ah_2025_group_admission
2025,AH,ordinary_undergraduate,history,2038,004,,495,35698,,,,,3,src_collected_ah_2025_group_admission
2025,AH,ordinary_undergraduate,history,2039,001,,551,13533,,,,,6,src_collected_ah_2025_group_admission
2025,AH,ordinary_undergraduate,history,2039,002,,546,15269,,,,,12,src_collected_ah_2025_group_admission
2025,AH,ordinary_undergraduate,history,2039,003,,522,23706,,,,,12,src_collected_ah_2025_group_admission
2025,AH,ordinary_undergraduate,history,2041,001,,489,38381,,,,,24,src_collected_ah_2025_group_admission
2025,AH,ordinary_undergraduate,history,2042,001,,490,37920,,,,,21,src_collected_ah_2025_group_admission
2025,AH,ordinary_undergraduate,history,2043,001,,522,23403,,,,,5,src_collected_ah_2025_group_admission
2025,AH,ordinary_undergraduate,history,2043,002,,536,18374,,,,,4,src_collected_ah_2025_group_admission
2025,AH,ordinary_undergraduate,history,2044,001,,513,27174,,,,,2,src_collected_ah_2025_group_admission
2025,AH,ordinary_undergraduate,history,2044,002,,511,28381,,,,,7,src_collected_ah_2025_group_admission
2025,AH,ordinary_undergraduate,history,2045,001,,492,37106,,,,,4,src_collected_ah_2025_group_admission
2025,AH,ordinary_undergraduate,history,2047,001,,482,41772,,,,,4,src_collected_ah_2025_group_admission
2025,AH,ordinary_undergraduate,history,2052,001,,580,6464,,,,,10,src_collected_ah_2025_group_admission
2025,AH,ordinary_undergraduate,history,2053,001,,550,13899,,,,,10,src_collected_ah_2025_group_admission
2025,AH,ordinary_undergraduate,history,2054,001,,584,5787,,,,,64,src_collected_ah_2025_group_admission
2025,AH,ordinary_undergraduate,history,2056,001,,494,35905,,,,,31,src_collected_ah_2025_group_admission
2025,AH,ordinary_undergraduate,history,2057,003,,649,177,,,,,27,src_collected_ah_2025_group_admission
2025,AH,ordinary_undergraduate,history,2058,001,,636,502,,,,,6,src_collected_ah_2025_group_admission
2025,AH,ordinary_undergraduate,history,2059,001,,556,12043,,,,,15,src_collected_ah_2025_group_admission
2025,AH,ordinary_undergraduate,history,2060,001,,585,5604,,,,,3,src_collected_ah_2025_group_admission
2025,AH,ordinary_undergraduate,history,2061,001,,529,20800,,,,,4,src_collected_ah_2025_group_admission
2025,AH,ordinary_undergraduate,history,2062,001,,609,2300,,,,,34,src_collected_ah_2025_group_admission
2025,AH,ordinary_undergraduate,history,2067,001,,602,3124,,,,,27,src_collected_ah_2025_group_admission
2025,AH,ordinary_undergraduate,history,2067,002,,609,2328,,,,,6,src_collected_ah_2025_group_admission
2025,AH,ordinary_undergraduate,history,2068,001,,585,5639,,,,,29,src_collected_ah_2025_group_admission
2025,AH,ordinary_undergraduate,history,2070,001,,596,3910,,,,,48,src_collected_ah_2025_group_admission
2025,AH,ordinary_undergraduate,history,2071,002,,601,3233,,,,,10,src_collected_ah_2025_group_admission
2025,AH,ordinary_undergraduate,history,2071,003,,594,4120,,,,,3,src_collected_ah_2025_group_admission
2025,AH,ordinary_undergraduate,history,2072,003,,616,1698,,,,,14,src_collected_ah_2025_group_admission
2025,AH,ordinary_undergraduate,history,2072,004,,622,1234,,,,,5,src_collected_ah_2025_group_admission
2025,AH,ordinary_undergraduate,history,2074,001,,527,21578,,,,,36,src_collected_ah_2025_group_admission
2025,AH,ordinary_undergraduate,history,2074,002,,532,19854,,,,,1,src_collected_ah_2025_group_admission
2025,AH,ordinary_undergraduate,history,2075,001,,528,21461,,,,,7,src_collected_ah_2025_group_admission
2025,AH,ordinary_undergraduate,history,2077,001,,559,11350,,,,,20,src_collected_ah_2025_group_admission
2025,AH,ordinary_undergraduate,history,2077,002,,551,13620,,,,,4,src_collected_ah_2025_group_admission
2025,AH,ordinary_undergraduate,history,2078,001,,585,5569,,,,,24,src_collected_ah_2025_group_admission
2025,AH,ordinary_undergraduate,history,2078,002,,575,7544,,,,,2,src_collected_ah_2025_group_admission
2025,AH,ordinary_undergraduate,history,2080,001,,593,4404,,,,,2,src_collected_ah_2025_group_admission
2025,AH,ordinary_undergraduate,history,2081,001,,542,16417,,,,,6,src_collected_ah_2025_group_admission
2025,AH,ordinary_undergraduate,history,2083,001,,583,5941,,,,,5,src_collected_ah_2025_group_admission
2025,AH,ordinary_undergraduate,history,2084,004,,638,431,,,,,29,src_collected_ah_2025_group_admission
2025,AH,ordinary_undergraduate,history,2086,001,,524,22937,,,,,14,src_collected_ah_2025_group_admission
2025,AH,ordinary_undergraduate,history,2086,002,,549,14325,,,,,2,src_collected_ah_2025_group_admission
2025,AH,ordinary_undergraduate,history,2087,001,,486,40042,,,,,6,src_collected_ah_2025_group_admission
2025,AH,ordinary_undergraduate,history,2088,001,,495,35748,,,,,5,src_collected_ah_2025_group_admission
2025,AH,ordinary_undergraduate,history,2089,002,,576,7418,,,,,18,src_collected_ah_2025_group_admission
2025,AH,ordinary_undergraduate,history,2091,001,,489,38518,,,,,9,src_collected_ah_2025_group_admission
2025,AH,ordinary_undergraduate,history,2095,001,,510,28437,,,,,1,src_collected_ah_2025_group_admission
2025,AH,ordinary_undergraduate,history,2095,002,,508,29698,,,,,2,src_collected_ah_2025_group_admission
2025,AH,ordinary_undergraduate,history,2095,003,,506,30375,,,,,5,src_collected_ah_2025_group_admission
2025,AH,ordinary_undergraduate,history,2095,004,,511,28266,,,,,2,src_collected_ah_2025_group_admission
2025,AH,ordinary_undergraduate,history,2095,005,,498,34030,,,,,1,src_collected_ah_2025_group_admission
2025,AH,ordinary_undergraduate,history,2097,001,,518,25307,,,,,30,src_collected_ah_2025_group_admission
2025,AH,ordinary_undergraduate,history,2097,002,,498,34359,,,,,4,src_collected_ah_2025_group_admission
2025,AH,ordinary_undergraduate,history,2097,003,,523,23199,,,,,5,src_collected_ah_2025_group_admission
2025,AH,ordinary_undergraduate,history,2100,001,,522,23683,,,,,10,src_collected_ah_2025_group_admission
2025,AH,ordinary_undergraduate,history,2100,002,,531,20124,,,,,2,src_collected_ah_2025_group_admission
2025,AH,ordinary_undergraduate,history,2100,003,,519,24866,,,,,4,src_collected_ah_2025_group_admission
2025,AH,ordinary_undergraduate,history,2101,001,,517,25613,,,,,19,src_collected_ah_2025_group_admission
2025,AH,ordinary_undergraduate,history,2101,002,,505,30898,,,,,6,src_collected_ah_2025_group_admission
2025,AH,ordinary_undergraduate,history,2102,001,,581,6405,,,,,6,src_collected_ah_2025_group_admission
2025,AH,ordinary_undergraduate,history,2102,003,,579,6725,,,,,3,src_collected_ah_2025_group_admission
2025,AH,ordinary_undergraduate,history,2102,051,,578,6846,,,,,1,src_collected_ah_2025_group_admission
2025,AH,ordinary_undergraduate,history,2104,001,,525,22626,,,,,6,src_collected_ah_2025_group_admission
2025,AH,ordinary_undergraduate,history,2106,001,,510,28582,,,,,12,src_collected_ah_2025_group_admission
2025,AH,ordinary_undergraduate,history,2106,002,,514,27039,,,,,4,src_collected_ah_2025_group_admission
2025,AH,ordinary_undergraduate,history,2107,001,,518,25250,,,,,1,src_collected_ah_2025_group_admission
2025,AH,ordinary_undergraduate,history,2107,002,,498,34147,,,,,1,src_collected_ah_2025_group_admission
2025,AH,ordinary_undergraduate,history,2107,003,,502,32363,,,,,1,src_collected_ah_2025_group_admission
2025,AH,ordinary_undergraduate,history,2107,004,,514,26730,,,,,1,src_collected_ah_2025_group_admission
2025,AH,ordinary_undergraduate,history,2107,005,,508,29614,,,,,1,src_collected_ah_2025_group_admission
2025,AH,ordinary_undergraduate,history,2109,001,,512,27758,,,,,8,src_collected_ah_2025_group_admission
2025,AH,ordinary_undergraduate,history,2109,002,,516,26086,,,,,2,src_collected_ah_2025_group_admission
2025,AH,ordinary_undergraduate,history,2110,001,,511,28039,,,,,2,src_collected_ah_2025_group_admission
2025,AH,ordinary_undergraduate,history,2111,001,,501,32616,,,,,26,src_collected_ah_2025_group_admission
2025,AH,ordinary_undergraduate,history,2111,002,,521,23840,,,,,4,src_collected_ah_2025_group_admission
2025,AH,ordinary_undergraduate,history,2114,001,,485,40669,,,,,23,src_collected_ah_2025_group_admission
2025,AH,ordinary_undergraduate,history,2116,001,,587,5246,,,,,6,src_collected_ah_2025_group_admission
2025,AH,ordinary_undergraduate,history,2116,002,,586,5463,,,,,13,src_collected_ah_2025_group_admission
2025,AH,ordinary_undergraduate,history,2116,003,,549,14165,,,,,7,src_collected_ah_2025_group_admission
2025,AH,ordinary_undergraduate,history,2117,001,,533,19306,,,,,18,src_collected_ah_2025_group_admission
2025,AH,ordinary_undergraduate,history,2117,002,,527,21531,,,,,3,src_collected_ah_2025_group_admission
2025,AH,ordinary_undergraduate,history,2118,001,,543,16160,,,,,23,src_collected_ah_2025_group_admission
2025,AH,ordinary_undergraduate,history,2118,002,,553,12914,,,,,3,src_collected_ah_2025_group_admission
2025,AH,ordinary_undergraduate,history,2122,001,,505,30866,,,,,10,src_collected_ah_2025_group_admission
2025,AH,ordinary_undergraduate,history,2124,001,,580,6602,,,,,6,src_collected_ah_2025_group_admission
2025,AH,ordinary_undergraduate,history,2124,002,,581,6388,,,,,12,src_collected_ah_2025_group_admission
2025,AH,ordinary_undergraduate,history,2124,003,,580,6582,,,,,2,src_collected_ah_2025_group_admission
2025,AH,ordinary_undergraduate,history,2125,001,,477,44538,,,,,10,src_collected_ah_2025_group_admission
2025,AH,ordinary_undergraduate,history,2126,001,,523,23396,,,,,9,src_collected_ah_2025_group_admission
2025,AH,ordinary_undergraduate,history,2126,002,,511,28066,,,,,4,src_collected_ah_2025_group_admission
2025,AH,ordinary_undergraduate,history,2126,003,,509,29140,,,,,10,src_collected_ah_2025_group_admission
2025,AH,ordinary_undergraduate,history,2126,004,,513,27488,,,,,4,src_collected_ah_2025_group_admission
2025,AH,ordinary_undergraduate,history,2131,001,,515,26381,,,,,4,src_collected_ah_2025_group_admission
2025,AH,ordinary_undergraduate,history,2134,001,,504,31250,,,,,9,src_collected_ah_2025_group_admission
2025,AH,ordinary_undergraduate,history,2136,001,,504,31452,,,,,4,src_collected_ah_2025_group_admission
2025,AH,ordinary_undergraduate,history,2137,001,,513,27135,,,,,18,src_collected_ah_2025_group_admission
2025,AH,ordinary_undergraduate,history,2137,002,,496,35091,,,,,2,src_collected_ah_2025_group_admission
2025,AH,ordinary_undergraduate,history,2142,001,,539,17494,,,,,18,src_collected_ah_2025_group_admission
2025,AH,ordinary_undergraduate,history,2143,001,,484,41015,,,,,4,src_collected_ah_2025_group_admission
2025,AH,ordinary_undergraduate,history,2145,001,,491,37690,,,,,2,src_collected_ah_2025_group_admission
2025,AH,ordinary_undergraduate,history,2145,002,,492,37015,,,,,6,src_collected_ah_2025_group_admission
2025,AH,ordinary_undergraduate,history,2145,003,,491,37750,,,,,3,src_collected_ah_2025_group_admission
2025,AH,ordinary_undergraduate,history,2146,001,,512,27617,,,,,3,src_collected_ah_2025_group_admission
2025,AH,ordinary_undergraduate,history,2148,001,,491,37496,,,,,1,src_collected_ah_2025_group_admission
2025,AH,ordinary_undergraduate,history,2149,001,,501,32638,,,,,7,src_collected_ah_2025_group_admission
2025,AH,ordinary_undergraduate,history,2156,001,,482,41807,,,,,14,src_collected_ah_2025_group_admission
2025,AH,ordinary_undergraduate,history,2156,002,,478,43939,,,,,10,src_collected_ah_2025_group_admission
2025,AH,ordinary_undergraduate,history,2157,001,,481,42315,,,,,6,src_collected_ah_2025_group_admission
2025,AH,ordinary_undergraduate,history,2157,002,,488,38942,,,,,6,src_collected_ah_2025_group_admission
2025,AH,ordinary_undergraduate,history,2157,003,,480,43179,,,,,2,src_collected_ah_2025_group_admission
2025,AH,ordinary_undergraduate,history,2158,001,,572,8235,,,,,8,src_collected_ah_2025_group_admission
2025,AH,ordinary_undergraduate,history,2160,001,,484,40768,,,,,5,src_collected_ah_2025_group_admission
2025,AH,ordinary_undergraduate,history,2162,001,,482,41986,,,,,9,src_collected_ah_2025_group_admission
2025,AH,ordinary_undergraduate,history,2162,002,,482,41843,,,,,1,src_collected_ah_2025_group_admission
2025,AH,ordinary_undergraduate,history,2162,003,,479,43360,,,,,1,src_collected_ah_2025_group_admission
2025,AH,ordinary_undergraduate,history,2163,001,,484,41105,,,,,15,src_collected_ah_2025_group_admission
2025,AH,ordinary_undergraduate,history,2166,001,,551,13763,,,,,4,src_collected_ah_2025_group_admission
2025,AH,ordinary_undergraduate,history,2170,001,,568,9198,,,,,9,src_collected_ah_2025_group_admission
2025,AH,ordinary_undergraduate,history,2173,001,,511,28245,,,,,3,src_collected_ah_2025_group_admission
2025,AH,ordinary_undergraduate,history,2173,002,,531,20214,,,,,2,src_collected_ah_2025_group_admission
2025,AH,ordinary_undergraduate,history,2174,001,,528,21333,,,,,4,src_collected_ah_2025_group_admission
2025,AH,ordinary_undergraduate,history,2174,002,,532,19618,,,,,3,src_collected_ah_2025_group_admission
2025,AH,ordinary_undergraduate,history,2176,004,,670,18,,,,,3,src_collected_ah_2025_group_admission
2025,AH,ordinary_undergraduate,history,2178,001,,503,31883,,,,,25,src_collected_ah_2025_group_admission
2025,AH,ordinary_undergraduate,history,2178,002,,502,32470,,,,,10,src_collected_ah_2025_group_admission
2025,AH,ordinary_undergraduate,history,2178,003,,480,43216,,,,,4,src_collected_ah_2025_group_admission
2025,AH,ordinary_undergraduate,history,2178,004,,506,30435,,,,,6,src_collected_ah_2025_group_admission
2025,AH,ordinary_undergraduate,history,2179,001,,552,13336,,,,,34,src_collected_ah_2025_group_admission
2025,AH,ordinary_undergraduate,history,2179,002,,564,10087,,,,,9,src_collected_ah_2025_group_admission
2025,AH,ordinary_undergraduate,history,2181,001,,503,31805,,,,,3,src_collected_ah_2025_group_admission
2025,AH,ordinary_undergraduate,history,2183,001,,520,24434,,,,,12,src_collected_ah_2025_group_admission
2025,AH,ordinary_undergraduate,history,2192,001,,523,23274,,,,,12,src_collected_ah_2025_group_admission
2025,AH,ordinary_undergraduate,history,2193,001,,477,44566,,,,,7,src_collected_ah_2025_group_admission
2025,AH,ordinary_undergraduate,history,2195,001,,480,42934,,,,,2,src_collected_ah_2025_group_admission
2025,AH,ordinary_undergraduate,history,2199,001,,494,36216,,,,,22,src_collected_ah_2025_group_admission
2025,AH,ordinary_undergraduate,history,2201,001,,504,31201,,,,,2,src_collected_ah_2025_group_admission
2025,AH,ordinary_undergraduate,history,2203,001,,546,15186,,,,,22,src_collected_ah_2025_group_admission
2025,AH,ordinary_undergraduate,history,2210,001,,477,44552,,,,,9,src_collected_ah_2025_group_admission
2025,AH,ordinary_undergraduate,history,2210,003,,480,43031,,,,,1,src_collected_ah_2025_group_admission
2025,AH,ordinary_undergraduate,history,2213,001,,564,10036,,,,,37,src_collected_ah_2025_group_admission
2025,AH,ordinary_undergraduate,history,2217,005,,623,1148,,,,,16,src_collected_ah_2025_group_admission
2025,AH,ordinary_undergraduate,history,2217,006,,624,1065,,,,,26,src_collected_ah_2025_group_admission
2025,AH,ordinary_undergraduate,history,2217,007,,625,1019,,,,,8,src_collected_ah_2025_group_admission
2025,AH,ordinary_undergraduate,history,2218,003,,618,1515,,,,,31,src_collected_ah_2025_group_admission
2025,AH,ordinary_undergraduate,history,2218,004,,620,1345,,,,,4,src_collected_ah_2025_group_admission
2025,AH,ordinary_undergraduate,history,2220,001,,520,24340,,,,,15,src_collected_ah_2025_group_admission
2025,AH,ordinary_undergraduate,history,2220,002,,521,23883,,,,,15,src_collected_ah_2025_group_admission
2025,AH,ordinary_undergraduate,history,2220,003,,527,21667,,,,,5,src_collected_ah_2025_group_admission
2025,AH,ordinary_undergraduate,history,2222,001,,479,43485,,,,,5,src_collected_ah_2025_group_admission
2025,AH,ordinary_undergraduate,history,2223,001,,521,24140,,,,,20,src_collected_ah_2025_group_admission
2025,AH,ordinary_undergraduate,history,2223,002,,499,33622,,,,,7,src_collected_ah_2025_group_admission
2025,AH,ordinary_undergraduate,history,2225,001,,500,33225,,,,,10,src_collected_ah_2025_group_admission
2025,AH,ordinary_undergraduate,history,2225,002,,501,32611,,,,,3,src_collected_ah_2025_group_admission
2025,AH,ordinary_undergraduate,history,2225,003,,498,34063,,,,,5,src_collected_ah_2025_group_admission
2025,AH,ordinary_undergraduate,history,2225,004,,505,30789,,,,,1,src_collected_ah_2025_group_admission
2025,AH,ordinary_undergraduate,history,2226,001,,515,26378,,,,,17,src_collected_ah_2025_group_admission
2025,AH,ordinary_undergraduate,history,2228,001,,516,26166,,,,,3,src_collected_ah_2025_group_admission
2025,AH,ordinary_undergraduate,history,2229,001,,484,40908,,,,,15,src_collected_ah_2025_group_admission
2025,AH,ordinary_undergraduate,history,2231,001,,548,14615,,,,,6,src_collected_ah_2025_group_admission
2025,AH,ordinary_undergraduate,history,2232,001,,527,21763,,,,,10,src_collected_ah_2025_group_admission
2025,AH,ordinary_undergraduate,history,2235,001,,584,5717,,,,,2,src_collected_ah_2025_group_admission
2025,AH,ordinary_undergraduate,history,2238,001,,537,17909,,,,,18,src_collected_ah_2025_group_admission
2025,AH,ordinary_undergraduate,history,2244,001,,512,27692,,,,,8,src_collected_ah_2025_group_admission
2025,AH,ordinary_undergraduate,history,2245,001,,507,29985,,,,,1,src_collected_ah_2025_group_admission
2025,AH,ordinary_undergraduate,history,2245,002,,517,25729,,,,,1,src_collected_ah_2025_group_admission
2025,AH,ordinary_undergraduate,history,2245,003,,506,30603,,,,,1,src_collected_ah_2025_group_admission
2025,AH,ordinary_undergraduate,history,2245,004,,504,31498,,,,,1,src_collected_ah_2025_group_admission
2025,AH,ordinary_undergraduate,history,2245,005,,508,29420,,,,,1,src_collected_ah_2025_group_admission
2025,AH,ordinary_undergraduate,history,2246,001,,519,24730,,,,,10,src_collected_ah_2025_group_admission
2025,AH,ordinary_undergraduate,history,2251,002,,569,8867,,,,,14,src_collected_ah_2025_group_admission
2025,AH,ordinary_undergraduate,history,2251,003,,545,15534,,,,,3,src_collected_ah_2025_group_admission
2025,AH,ordinary_undergraduate,history,2251,004,,578,6904,,,,,2,src_collected_ah_2025_group_admission
2025,AH,ordinary_undergraduate,history,2257,001,,482,41981,,,,,20,src_collected_ah_2025_group_admission
2025,AH,ordinary_undergraduate,history,2261,001,,482,41787,,,,,10,src_collected_ah_2025_group_admission
2025,AH,ordinary_undergraduate,history,2262,001,,486,39789,,,,,20,src_collected_ah_2025_group_admission
2025,AH,ordinary_undergraduate,history,2262,002,,483,41538,,,,,10,src_collected_ah_2025_group_admission
2025,AH,ordinary_undergraduate,history,2266,001,,503,31598,,,,,4,src_collected_ah_2025_group_admission
2025,AH,ordinary_undergraduate,history,2267,001,,478,43824,,,,,2,src_collected_ah_2025_group_admission
2025,AH,ordinary_undergraduate,history,2267,002,,478,43875,,,,,3,src_collected_ah_2025_group_admission
2025,AH,ordinary_undergraduate,history,2268,001,,553,12930,,,,,14,src_collected_ah_2025_group_admission
2025,AH,ordinary_undergraduate,history,2268,002,,552,13340,,,,,2,src_collected_ah_2025_group_admission
2025,AH,ordinary_undergraduate,history,2270,001,,532,19714,,,,,10,src_collected_ah_2025_group_admission
2025,AH,ordinary_undergraduate,history,2272,001,,545,15363,,,,,43,src_collected_ah_2025_group_admission
2025,AH,ordinary_undergraduate,history,2272,002,,532,19599,,,,,4,src_collected_ah_2025_group_admission
2025,AH,ordinary_undergraduate,history,2273,001,,499,33465,,,,,28,src_collected_ah_2025_group_admission
2025,AH,ordinary_undergraduate,history,2274,001,,518,25103,,,,,10,src_collected_ah_2025_group_admission
2025,AH,ordinary_undergraduate,history,2275,001,,567,9252,,,,,36,src_collected_ah_2025_group_admission
2025,AH,ordinary_undergraduate,history,2277,001,,502,32392,,,,,3,src_collected_ah_2025_group_admission
2025,AH,ordinary_undergraduate,history,2278,001,,490,37951,,,,,14,src_collected_ah_2025_group_admission
2025,AH,ordinary_undergraduate,history,2280,001,,490,38014,,,,,3,src_collected_ah_2025_group_admission
2025,AH,ordinary_undergraduate,history,2281,001,,510,28566,,,,,6,src_collected_ah_2025_group_admission
2025,AH,ordinary_undergraduate,history,2283,001,,521,24160,,,,,18,src_collected_ah_2025_group_admission
2025,AH,ordinary_undergraduate,history,2283,002,,529,20791,,,,,8,src_collected_ah_2025_group_admission
2025,AH,ordinary_undergraduate,history,2285,001,,545,15397,,,,,7,src_collected_ah_2025_group_admission
2025,AH,ordinary_undergraduate,history,2285,002,,562,10602,,,,,1,src_collected_ah_2025_group_admission
2025,AH,ordinary_undergraduate,history,2289,001,,523,23355,,,,,7,src_collected_ah_2025_group_admission
2025,AH,ordinary_undergraduate,history,2289,002,,507,29866,,,,,3,src_collected_ah_2025_group_admission
2025,AH,ordinary_undergraduate,history,2291,001,,553,13005,,,,,6,src_collected_ah_2025_group_admission
2025,AH,ordinary_undergraduate,history,2291,002,,523,23300,,,,,1,src_collected_ah_2025_group_admission
2025,AH,ordinary_undergraduate,history,2297,001,,479,43685,,,,,4,src_collected_ah_2025_group_admission
2025,AH,ordinary_undergraduate,history,2303,001,,518,25095,,,,,6,src_collected_ah_2025_group_admission
2025,AH,ordinary_undergraduate,history,2303,002,,543,16223,,,,,1,src_collected_ah_2025_group_admission
2025,AH,ordinary_undergraduate,history,2306,010,,612,2002,,,,,10,src_collected_ah_2025_group_admission
2025,AH,ordinary_undergraduate,history,2306,011,,597,3752,,,,,8,src_collected_ah_2025_group_admission
2025,AH,ordinary_undergraduate,history,2306,012,,584,5857,,,,,2,src_collected_ah_2025_group_admission
2025,AH,ordinary_undergraduate,history,2306,013,,607,2549,,,,,3,src_collected_ah_2025_group_admission
2025,AH,ordinary_undergraduate,history,2308,001,,502,32203,,,,,13,src_collected_ah_2025_group_admission
2025,AH,ordinary_undergraduate,history,2308,002,,522,23666,,,,,2,src_collected_ah_2025_group_admission
2025,AH,ordinary_undergraduate,history,2312,001,,577,7175,,,,,15,src_collected_ah_2025_group_admission
2025,AH,ordinary_undergraduate,history,2314,001,,514,27061,,,,,1,src_collected_ah_2025_group_admission
2025,AH,ordinary_undergraduate,history,2317,001,,514,26944,,,,,28,src_collected_ah_2025_group_admission
2025,AH,ordinary_undergraduate,history,2317,002,,523,23316,,,,,2,src_collected_ah_2025_group_admission
2025,AH,ordinary_undergraduate,history,2317,003,,516,26193,,,,,1,src_collected_ah_2025_group_admission
2025,AH,ordinary_undergraduate,history,2321,001,,625,977,,,,,15,src_collected_ah_2025_group_admission
2025,AH,ordinary_undergraduate,history,2321,002,,621,1256,,,,,2,src_collected_ah_2025_group_admission
2025,AH,ordinary_undergraduate,history,2324,001,,610,2255,,,,,12,src_collected_ah_2025_group_admission
2025,AH,ordinary_undergraduate,history,2324,002,,599,3480,,,,,6,src_collected_ah_2025_group_admission
2025,AH,ordinary_undergraduate,history,2324,003,,603,2962,,,,,3,src_collected_ah_2025_group_admission
2025,AH,ordinary_undergraduate,history,2325,001,,549,14255,,,,,24,src_collected_ah_2025_group_admission
2025,AH,ordinary_undergraduate,history,2326,001,,532,19909,,,,,7,src_collected_ah_2025_group_admission
2025,AH,ordinary_undergraduate,history,2327,001,,570,8507,,,,,12,src_collected_ah_2025_group_admission
2025,AH,ordinary_undergraduate,history,2331,001,,588,5134,,,,,21,src_collected_ah_2025_group_admission
2025,AH,ordinary_undergraduate,history,2331,002,,570,8705,,,,,25,src_collected_ah_2025_group_admission
2025,AH,ordinary_undergraduate,history,2332,001,,553,12970,,,,,13,src_collected_ah_2025_group_admission
2025,AH,ordinary_undergraduate,history,2337,001,,585,5686,,,,,14,src_collected_ah_2025_group_admission
2025,AH,ordinary_undergraduate,history,2338,001,,583,5931,,,,,20,src_collected_ah_2025_group_admission
2025,AH,ordinary_undergraduate,history,2340,001,,478,44213,,,,,14,src_collected_ah_2025_group_admission
2025,AH,ordinary_undergraduate,history,2340,002,,481,42415,,,,,1,src_collected_ah_2025_group_admission
2025,AH,ordinary_undergraduate,history,2343,002,,656,82,,,,,3,src_collected_ah_2025_group_admission
2025,AH,ordinary_undergraduate,history,2349,001,,573,7854,,,,,48,src_collected_ah_2025_group_admission
2025,AH,ordinary_undergraduate,history,2349,002,,554,12601,,,,,15,src_collected_ah_2025_group_admission
2025,AH,ordinary_undergraduate,history,2350,001,,477,44338,,,,,2,src_collected_ah_2025_group_admission
2025,AH,ordinary_undergraduate,history,2351,002,,562,10527,,,,,68,src_collected_ah_2025_group_admission
2025,AH,ordinary_undergraduate,history,2360,001,,480,43170,,,,,64,src_collected_ah_2025_group_admission
2025,AH,ordinary_undergraduate,history,2360,002,,478,43895,,,,,8,src_collected_ah_2025_group_admission
2025,AH,ordinary_undergraduate,history,2360,003,,493,36400,,,,,2,src_collected_ah_2025_group_admission
2025,AH,ordinary_undergraduate,history,2361,001,,553,13143,,,,,26,src_collected_ah_2025_group_admission
2025,AH,ordinary_undergraduate,history,2361,002,,542,16303,,,,,1,src_collected_ah_2025_group_admission
2025,AH,ordinary_undergraduate,history,2362,001,,578,6947,,,,,66,src_collected_ah_2025_group_admission
2025,AH,ordinary_undergraduate,history,2362,002,,575,7445,,,,,5,src_collected_ah_2025_group_admission
2025,AH,ordinary_undergraduate,history,2362,003,,564,10193,,,,,11,src_collected_ah_2025_group_admission
2025,AH,ordinary_undergraduate,history,2363,001,,517,25762,,,,,1,src_collected_ah_2025_group_admission
2025,AH,ordinary_undergraduate,history,2365,001,,575,7615,,,,,3,src_collected_ah_2025_group_admission
2025,AH,ordinary_undergraduate,history,2365,051,,569,8798,,,,,3,src_collected_ah_2025_group_admission
2025,AH,ordinary_undergraduate,history,2365,052,,570,8565,,,,,2,src_collected_ah_2025_group_admission
2025,AH,ordinary_undergraduate,history,2366,006,,613,1904,,,,,14,src_collected_ah_2025_group_admission
2025,AH,ordinary_undergraduate,history,2367,001,,580,6562,,,,,2,src_collected_ah_2025_group_admission
2025,AH,ordinary_undergraduate,history,2371,001,,577,7159,,,,,2,src_collected_ah_2025_group_admission
2025,AH,ordinary_undergraduate,history,2372,001,,551,13774,,,,,20,src_collected_ah_2025_group_admission
2025,AH,ordinary_undergraduate,history,2372,002,,537,18159,,,,,6,src_collected_ah_2025_group_admission
2025,AH,ordinary_undergraduate,history,2374,001,,601,3183,,,,,7,src_collected_ah_2025_group_admission
2025,AH,ordinary_undergraduate,history,2374,002,,582,6137,,,,,63,src_collected_ah_2025_group_admission
2025,AH,ordinary_undergraduate,history,2374,003,,564,10011,,,,,3,src_collected_ah_2025_group_admission
2025,AH,ordinary_undergraduate,history,2374,004,,580,6415,,,,,10,src_collected_ah_2025_group_admission
2025,AH,ordinary_undergraduate,history,2375,001,,482,42089,,,,,5,src_collected_ah_2025_group_admission
2025,AH,ordinary_undergraduate,history,2376,001,,579,6745,,,,,1,src_collected_ah_2025_group_admission
2025,AH,ordinary_undergraduate,history,2377,001,,522,23727,,,,,6,src_collected_ah_2025_group_admission
2025,AH,ordinary_undergraduate,history,2381,001,,507,30225,,,,,5,src_collected_ah_2025_group_admission
2025,AH,ordinary_undergraduate,history,2381,002,,506,30361,,,,,5,src_collected_ah_2025_group_admission
2025,AH,ordinary_undergraduate,history,2382,001,,520,24343,,,,,2,src_collected_ah_2025_group_admission
2025,AH,ordinary_undergraduate,history,2383,001,,535,18724,,,,,20,src_collected_ah_2025_group_admission
2025,AH,ordinary_undergraduate,history,2386,001,,602,3137,,,,,20,src_collected_ah_2025_group_admission
2025,AH,ordinary_undergraduate,history,2387,001,,571,8412,,,,,6,src_collected_ah_2025_group_admission
2025,AH,ordinary_undergraduate,history,2391,001,,482,42042,,,,,1,src_collected_ah_2025_group_admission
2025,AH,ordinary_undergraduate,history,2393,001,,524,22899,,,,,8,src_collected_ah_2025_group_admission
2025,AH,ordinary_undergraduate,history,2393,002,,529,20833,,,,,13,src_collected_ah_2025_group_admission
2025,AH,ordinary_undergraduate,history,2395,001,,477,44335,,,,,5,src_collected_ah_2025_group_admission
2025,AH,ordinary_undergraduate,history,2398,001,,515,26632,,,,,4,src_collected_ah_2025_group_admission
2025,AH,ordinary_undergraduate,history,2400,001,,480,43078,,,,,4,src_collected_ah_2025_group_admission
2025,AH,ordinary_undergraduate,history,2401,001,,539,17458,,,,,2,src_collected_ah_2025_group_admission
2025,AH,ordinary_undergraduate,history,2403,001,,527,21713,,,,,35,src_collected_ah_2025_group_admission
2025,AH,ordinary_undergraduate,history,2403,002,,540,17211,,,,,2,src_collected_ah_2025_group_admission
2025,AH,ordinary_undergraduate,history,2403,003,,543,16182,,,,,2,src_collected_ah_2025_group_admission
2025,AH,ordinary_undergraduate,history,2406,001,,509,29181,,,,,1,src_collected_ah_2025_group_admission
2025,AH,ordinary_undergraduate,history,2406,002,,508,29738,,,,,1,src_collected_ah_2025_group_admission
2025,AH,ordinary_undergraduate,history,2407,001,,498,34083,,,,,3,src_collected_ah_2025_group_admission
2025,AH,ordinary_undergraduate,history,2409,001,,568,9041,,,,,25,src_collected_ah_2025_group_admission
2025,AH,ordinary_undergraduate,history,2413,001,,561,10717,,,,,6,src_collected_ah_2025_group_admission
2025,AH,ordinary_undergraduate,history,2413,002,,558,11713,,,,,1,src_collected_ah_2025_group_admission
2025,AH,ordinary_undergraduate,history,2416,001,,508,29456,,,,,5,src_collected_ah_2025_group_admission
2025,AH,ordinary_undergraduate,history,2416,002,,515,26609,,,,,5,src_collected_ah_2025_group_admission
2025,AH,ordinary_undergraduate,history,2421,001,,586,5479,,,,,4,src_collected_ah_2025_group_admission
2025,AH,ordinary_undergraduate,history,2422,002,,600,3286,,,,,10,src_collected_ah_2025_group_admission
2025,AH,ordinary_undergraduate,history,2429,001,,485,40360,,,,,17,src_collected_ah_2025_group_admission
2025,AH,ordinary_undergraduate,history,2429,002,,492,36890,,,,,6,src_collected_ah_2025_group_admission
2025,AH,ordinary_undergraduate,history,2430,004,,629,777,,,,,22,src_collected_ah_2025_group_admission
2025,AH,ordinary_undergraduate,history,2430,005,,605,2784,,,,,5,src_collected_ah_2025_group_admission
2025,AH,ordinary_undergraduate,history,2431,001,,487,39758,,,,,3,src_collected_ah_2025_group_admission
2025,AH,ordinary_undergraduate,history,2431,002,,487,39352,,,,,2,src_collected_ah_2025_group_admission
2025,AH,ordinary_undergraduate,history,2434,001,,500,33161,,,,,1,src_collected_ah_2025_group_admission
2025,AH,ordinary_undergraduate,history,2435,001,,489,38482,,,,,8,src_collected_ah_2025_group_admission
2025,AH,ordinary_undergraduate,history,2443,001,,509,29290,,,,,6,src_collected_ah_2025_group_admission
2025,AH,ordinary_undergraduate,history,2444,001,,529,20771,,,,,6,src_collected_ah_2025_group_admission
2025,AH,ordinary_undergraduate,history,2448,001,,531,19981,,,,,15,src_collected_ah_2025_group_admission
2025,AH,ordinary_undergraduate,history,2449,001,,562,10656,,,,,13,src_collected_ah_2025_group_admission
2025,AH,ordinary_undergraduate,history,2449,002,,560,11075,,,,,7,src_collected_ah_2025_group_admission
2025,AH,ordinary_undergraduate,history,2449,003,,537,18081,,,,,4,src_collected_ah_2025_group_admission
2025,AH,ordinary_undergraduate,history,2449,004,,565,9936,,,,,13,src_collected_ah_2025_group_admission
2025,AH,ordinary_undergraduate,history,2449,005,,567,9230,,,,,4,src_collected_ah_2025_group_admission
2025,AH,ordinary_undergraduate,history,2453,002,,567,9406,,,,,7,src_collected_ah_2025_group_admission
2025,AH,ordinary_undergraduate,history,2453,003,,561,10909,,,,,6,src_collected_ah_2025_group_admission
2025,AH,ordinary_undergraduate,history,2453,004,,554,12857,,,,,1,src_collected_ah_2025_group_admission
2025,AH,ordinary_undergraduate,history,2453,005,,572,8222,,,,,1,src_collected_ah_2025_group_admission
2025,AH,ordinary_undergraduate,history,2453,051,,531,20201,,,,,1,src_collected_ah_2025_group_admission
2025,AH,ordinary_undergraduate,history,2456,001,,487,39461,,,,,18,src_collected_ah_2025_group_admission
2025,AH,ordinary_undergraduate,history,2457,001,,504,31417,,,,,12,src_collected_ah_2025_group_admission
2025,AH,ordinary_undergraduate,history,2457,002,,520,24493,,,,,2,src_collected_ah_2025_group_admission
2025,AH,ordinary_undergraduate,history,2467,001,,553,12997,,,,,5,src_collected_ah_2025_group_admission
2025,AH,ordinary_undergraduate,history,2468,003,,623,1116,,,,,4,src_collected_ah_2025_group_admission
2025,AH,ordinary_undergraduate,history,2468,004,,624,1052,,,,,2,src_collected_ah_2025_group_admission
2025,AH,ordinary_undergraduate,history,2470,001,,544,15751,,,,,8,src_collected_ah_2025_group_admission
2025,AH,ordinary_undergraduate,history,2477,001,,574,7659,,,,,6,src_collected_ah_2025_group_admission
2025,AH,ordinary_undergraduate,history,2477,002,,576,7376,,,,,2,src_collected_ah_2025_group_admission
2025,AH,ordinary_undergraduate,history,2482,001,,523,23076,,,,,6,src_collected_ah_2025_group_admission
2025,AH,ordinary_undergraduate,history,2486,001,,501,32741,,,,,4,src_collected_ah_2025_group_admission
2025,AH,ordinary_undergraduate,history,2486,002,,502,32245,,,,,6,src_collected_ah_2025_group_admission
2025,AH,ordinary_undergraduate,history,2491,001,,502,32408,,,,,26,src_collected_ah_2025_group_admission
2025,AH,ordinary_undergraduate,history,2491,002,,504,31255,,,,,6,src_collected_ah_2025_group_admission
2025,AH,ordinary_undergraduate,history,2494,001,,534,19063,,,,,2,src_collected_ah_2025_group_admission
2025,AH,ordinary_undergraduate,history,2494,002,,529,21017,,,,,8,src_collected_ah_2025_group_admission
2025,AH,ordinary_undergraduate,history,2498,001,,533,19300,,,,,6,src_collected_ah_2025_group_admission
2025,AH,ordinary_undergraduate,history,2499,001,,591,4572,,,,,6,src_collected_ah_2025_group_admission
2025,AH,ordinary_undergraduate,history,2499,002,,592,4525,,,,,4,src_collected_ah_2025_group_admission
2025,AH,ordinary_undergraduate,history,2500,001,,524,22662,,,,,7,src_collected_ah_2025_group_admission
2025,AH,ordinary_undergraduate,history,2500,002,,491,37562,,,,,6,src_collected_ah_2025_group_admission
2025,AH,ordinary_undergraduate,history,2500,003,,523,23289,,,,,4,src_collected_ah_2025_group_admission
2025,AH,ordinary_undergraduate,history,2501,001,,503,31985,,,,,8,src_collected_ah_2025_group_admission
2025,AH,ordinary_undergraduate,history,2503,001,,477,44666,,,,,4,src_collected_ah_2025_group_admission
2025,AH,ordinary_undergraduate,history,2504,001,,503,31663,,,,,5,src_collected_ah_2025_group_admission
2025,AH,ordinary_undergraduate,history,2509,001,,503,31897,,,,,10,src_collected_ah_2025_group_admission
2025,AH,ordinary_undergraduate,history,2510,001,,510,28872,,,,,6,src_collected_ah_2025_group_admission
2025,AH,ordinary_undergraduate,history,2517,001,,574,7737,,,,,26,src_collected_ah_2025_group_admission
2025,AH,ordinary_undergraduate,history,2517,002,,560,10985,,,,,2,src_collected_ah_2025_group_admission
2025,AH,ordinary_undergraduate,history,2518,001,,521,23946,,,,,16,src_collected_ah_2025_group_admission
2025,AH,ordinary_undergraduate,history,2518,002,,489,38412,,,,,6,src_collected_ah_2025_group_admission
2025,AH,ordinary_undergraduate,history,2522,003,,622,1237,,,,,18,src_collected_ah_2025_group_admission
2025,AH,ordinary_undergraduate,history,2524,001,,547,14722,,,,,8,src_collected_ah_2025_group_admission
2025,AH,ordinary_undergraduate,history,2524,002,,580,6580,,,,,15,src_collected_ah_2025_group_admission
2025,AH,ordinary_undergraduate,history,2532,001,,552,13195,,,,,18,src_collected_ah_2025_group_admission
2025,AH,ordinary_undergraduate,history,2533,001,,546,15128,,,,,19,src_collected_ah_2025_group_admission
2025,AH,ordinary_undergraduate,history,2535,001,,516,25874,,,,,13,src_collected_ah_2025_group_admission
2025,AH,ordinary_undergraduate,history,2537,001,,478,44252,,,,,4,src_collected_ah_2025_group_admission
2025,AH,ordinary_undergraduate,history,2537,002,,496,35073,,,,,2,src_collected_ah_2025_group_admission
2025,AH,ordinary_undergraduate,history,2539,002,,550,13931,,,,,34,src_collected_ah_2025_group_admission
2025,AH,ordinary_undergraduate,history,2539,003,,542,16499,,,,,5,src_collected_ah_2025_group_admission
2025,AH,ordinary_undergraduate,history,2541,001,,563,10235,,,,,18,src_collected_ah_2025_group_admission
2025,AH,ordinary_undergraduate,history,2541,002,,575,7602,,,,,3,src_collected_ah_2025_group_admission
2025,AH,ordinary_undergraduate,history,2546,001,,477,44554,,,,,2,src_collected_ah_2025_group_admission
2025,AH,ordinary_undergraduate,history,2548,003,,562,10654,,,,,9,src_collected_ah_2025_group_admission
2025,AH,ordinary_undergraduate,history,2548,004,,552,13482,,,,,3,src_collected_ah_2025_group_admission
2025,AH,ordinary_undergraduate,history,2548,005,,560,11100,,,,,8,src_collected_ah_2025_group_admission
2025,AH,ordinary_undergraduate,history,2548,006,,544,15879,,,,,2,src_collected_ah_2025_group_admission
2025,AH,ordinary_undergraduate,history,2548,007,,562,10435,,,,,2,src_collected_ah_2025_group_admission
2025,AH,ordinary_undergraduate,history,2550,001,,586,5498,,,,,2,src_collected_ah_2025_group_admission
2025,AH,ordinary_undergraduate,history,2554,001,,528,21341,,,,,3,src_collected_ah_2025_group_admission
2025,AH,ordinary_undergraduate,history,2555,001,,531,20246,,,,,5,src_collected_ah_2025_group_admission
2025,AH,ordinary_undergraduate,history,2556,001,,561,10701,,,,,27,src_collected_ah_2025_group_admission
2025,AH,ordinary_undergraduate,history,2558,001,,517,25687,,,,,5,src_collected_ah_2025_group_admission
2025,AH,ordinary_undergraduate,history,2558,002,,511,28300,,,,,2,src_collected_ah_2025_group_admission
2025,AH,ordinary_undergraduate,history,2562,001,,503,31707,,,,,4,src_collected_ah_2025_group_admission
2025,AH,ordinary_undergraduate,history,2563,001,,641,355,,,,,9,src_collected_ah_2025_group_admission
2025,AH,ordinary_undergraduate,history,2563,002,,640,384,,,,,4,src_collected_ah_2025_group_admission
2025,AH,ordinary_undergraduate,history,2575,001,,493,36733,,,,,11,src_collected_ah_2025_group_admission
2025,AH,ordinary_undergraduate,history,2576,001,,488,39074,,,,,3,src_collected_ah_2025_group_admission
2025,AH,ordinary_undergraduate,history,2578,001,,523,23130,,,,,8,src_collected_ah_2025_group_admission
2025,AH,ordinary_undergraduate,history,2578,002,,539,17262,,,,,2,src_collected_ah_2025_group_admission
2025,AH,ordinary_undergraduate,history,2578,003,,527,21506,,,,,2,src_collected_ah_2025_group_admission
2025,AH,ordinary_undergraduate,history,2582,001,,580,6563,,,,,6,src_collected_ah_2025_group_admission
2025,AH,ordinary_undergraduate,history,2582,002,,576,7332,,,,,2,src_collected_ah_2025_group_admission
2025,AH,ordinary_undergraduate,history,2582,003,,571,8359,,,,,1,src_collected_ah_2025_group_admission
2025,AH,ordinary_undergraduate,history,2584,001,,526,22059,,,,,22,src_collected_ah_2025_group_admission
2025,AH,ordinary_undergraduate,history,2585,001,,532,19920,,,,,19,src_collected_ah_2025_group_admission
2025,AH,ordinary_undergraduate,history,2586,001,,481,42424,,,,,11,src_collected_ah_2025_group_admission
2025,AH,ordinary_undergraduate,history,2589,001,,493,36684,,,,,14,src_collected_ah_2025_group_admission
2025,AH,ordinary_undergraduate,history,2590,001,,504,31461,,,,,5,src_collected_ah_2025_group_admission
2025,AH,ordinary_undergraduate,history,2598,001,,491,37378,,,,,90,src_collected_ah_2025_group_admission
2025,AH,ordinary_undergraduate,history,2599,001,,558,11556,,,,,3,src_collected_ah_2025_group_admission
2025,AH,ordinary_undergraduate,history,2601,001,,503,31907,,,,,9,src_collected_ah_2025_group_admission
2025,AH,ordinary_undergraduate,history,2603,001,,545,15435,,,,,1,src_collected_ah_2025_group_admission
2025,AH,ordinary_undergraduate,history,2604,001,,486,39924,,,,,19,src_collected_ah_2025_group_admission
2025,AH,ordinary_undergraduate,history,2605,001,,489,38571,,,,,2,src_collected_ah_2025_group_admission
2025,AH,ordinary_undergraduate,history,2606,001,,492,37096,,,,,18,src_collected_ah_2025_group_admission
2025,AH,ordinary_undergraduate,history,2608,001,,491,37306,,,,,5,src_collected_ah_2025_group_admission
2025,AH,ordinary_undergraduate,history,2610,001,,477,44738,,,,,11,src_collected_ah_2025_group_admission
2025,AH,ordinary_undergraduate,history,2612,004,,643,310,,,,,51,src_collected_ah_2025_group_admission
2025,AH,ordinary_undergraduate,history,2612,005,,641,358,,,,,6,src_collected_ah_2025_group_admission
2025,AH,ordinary_undergraduate,history,2614,001,,628,866,,,,,2,src_collected_ah_2025_group_admission
2025,AH,ordinary_undergraduate,history,2616,001,,494,35880,,,,,6,src_collected_ah_2025_group_admission
2025,AH,ordinary_undergraduate,history,2617,001,,547,14820,,,,,10,src_collected_ah_2025_group_admission
2025,AH,ordinary_undergraduate,history,2618,001,,568,8997,,,,,12,src_collected_ah_2025_group_admission
2025,AH,ordinary_undergraduate,history,2619,001,,491,37625,,,,,4,src_collected_ah_2025_group_admission
2025,AH,ordinary_undergraduate,history,2621,001,,494,36250,,,,,12,src_collected_ah_2025_group_admission
2025,AH,ordinary_undergraduate,history,2621,002,,488,38839,,,,,2,src_collected_ah_2025_group_admission
2025,AH,ordinary_undergraduate,history,2625,001,,487,39472,,,,,10,src_collected_ah_2025_group_admission
2025,AH,ordinary_undergraduate,history,2628,001,,573,8026,,,,,13,src_collected_ah_2025_group_admission
2025,AH,ordinary_undergraduate,history,2630,001,,598,3609,,,,,48,src_collected_ah_2025_group_admission
2025,AH,ordinary_undergraduate,history,2630,002,,599,3459,,,,,2,src_collected_ah_2025_group_admission
2025,AH,ordinary_undergraduate,history,2630,003,,607,2597,,,,,4,src_collected_ah_2025_group_admission
2025,AH,ordinary_undergraduate,history,2632,001,,547,14866,,,,,13,src_collected_ah_2025_group_admission
2025,AH,ordinary_undergraduate,history,2632,002,,523,23181,,,,,2,src_collected_ah_2025_group_admission
2025,AH,ordinary_undergraduate,history,2633,001,,490,37973,,,,,5,src_collected_ah_2025_group_admission
2025,AH,ordinary_undergraduate,history,2636,001,,537,18155,,,,,6,src_collected_ah_2025_group_admission
2025,AH,ordinary_undergraduate,history,2638,001,,490,37878,,,,,11,src_collected_ah_2025_group_admission
2025,AH,ordinary_undergraduate,history,2639,001,,518,25335,,,,,19,src_collected_ah_2025_group_admission
2025,AH,ordinary_undergraduate,history,2643,001,,496,34972,,,,,4,src_collected_ah_2025_group_admission
2025,AH,ordinary_undergraduate,history,2643,002,,497,34729,,,,,1,src_collected_ah_2025_group_admission
2025,AH,ordinary_undergraduate,history,2643,003,,495,35768,,,,,1,src_collected_ah_2025_group_admission
2025,AH,ordinary_undergraduate,history,2645,001,,494,35935,,,,,15,src_collected_ah_2025_group_admission
2025,AH,ordinary_undergraduate,history,2649,001,,506,30563,,,,,12,src_collected_ah_2025_group_admission
2025,AH,ordinary_undergraduate,history,2650,001,,553,13015,,,,,23,src_collected_ah_2025_group_admission
2025,AH,ordinary_undergraduate,history,2652,001,,607,2580,,,,,5,src_collected_ah_2025_group_admission
2025,AH,ordinary_undergraduate,history,2653,001,,477,44301,,,,,10,src_collected_ah_2025_group_admission
2025,AH,ordinary_undergraduate,history,2655,001,,526,22197,,,,,6,src_collected_ah_2025_group_admission
2025,AH,ordinary_undergraduate,history,2655,002,,551,13619,,,,,3,src_collected_ah_2025_group_admission
2025,AH,ordinary_undergraduate,history,2657,001,,559,11391,,,,,10,src_collected_ah_2025_group_admission
2025,AH,ordinary_undergraduate,history,2661,001,,549,14122,,,,,14,src_collected_ah_2025_group_admission
2025,AH,ordinary_undergraduate,history,2662,003,,631,666,,,,,12,src_collected_ah_2025_group_admission
2025,AH,ordinary_undergraduate,history,2663,001,,484,40859,,,,,6,src_collected_ah_2025_group_admission
2025,AH,ordinary_undergraduate,history,2665,001,,547,14843,,,,,20,src_collected_ah_2025_group_admission
2025,AH,ordinary_undergraduate,history,2666,001,,521,23978,,,,,6,src_collected_ah_2025_group_admission
2025,AH,ordinary_undergraduate,history,2667,001,,477,44308,,,,,5,src_collected_ah_2025_group_admission
2025,AH,ordinary_undergraduate,history,2668,001,,477,44518,,,,,9,src_collected_ah_2025_group_admission
2025,AH,ordinary_undergraduate,history,2669,001,,487,39748,,,,,42,src_collected_ah_2025_group_admission
2025,AH,ordinary_undergraduate,history,2669,002,,501,32590,,,,,1,src_collected_ah_2025_group_admission
2025,AH,ordinary_undergraduate,history,2670,001,,477,44570,,,,,9,src_collected_ah_2025_group_admission
2025,AH,ordinary_undergraduate,history,2671,001,,551,13809,,,,,10,src_collected_ah_2025_group_admission
2025,AH,ordinary_undergraduate,history,2672,001,,479,43583,,,,,11,src_collected_ah_2025_group_admission
2025,AH,ordinary_undergraduate,history,2672,002,,478,44071,,,,,2,src_collected_ah_2025_group_admission
2025,AH,ordinary_undergraduate,history,2675,002,,560,10975,,,,,21,src_collected_ah_2025_group_admission
2025,AH,ordinary_undergraduate,history,2675,003,,539,17542,,,,,4,src_collected_ah_2025_group_admission
2025,AH,ordinary_undergraduate,history,2675,004,,563,10302,,,,,2,src_collected_ah_2025_group_admission
2025,AH,ordinary_undergraduate,history,2676,001,,477,44652,,,,,10,src_collected_ah_2025_group_admission
2025,AH,ordinary_undergraduate,history,2677,001,,517,25686,,,,,7,src_collected_ah_2025_group_admission
2025,AH,ordinary_undergraduate,history,2677,002,,519,24734,,,,,10,src_collected_ah_2025_group_admission
2025,AH,ordinary_undergraduate,history,2680,001,,504,31258,,,,,2,src_collected_ah_2025_group_admission
2025,AH,ordinary_undergraduate,history,2680,002,,516,26218,,,,,2,src_collected_ah_2025_group_admission
2025,AH,ordinary_undergraduate,history,2682,001,,553,12891,,,,,11,src_collected_ah_2025_group_admission
2025,AH,ordinary_undergraduate,history,2684,002,,615,1749,,,,,1,src_collected_ah_2025_group_admission
2025,AH,ordinary_undergraduate,history,2684,003,,598,3553,,,,,13,src_collected_ah_2025_group_admission
2025,AH,ordinary_undergraduate,history,2684,004,,580,6567,,,,,2,src_collected_ah_2025_group_admission
2025,AH,ordinary_undergraduate,history,2685,001,,616,1693,,,,,16,src_collected_ah_2025_group_admission
2025,AH,ordinary_undergraduate,history,2685,002,,617,1600,,,,,3,src_collected_ah_2025_group_admission
2025,AH,ordinary_undergraduate,history,2686,003,,523,23139,,,,,4,src_collected_ah_2025_group_admission
2025,AH,ordinary_undergraduate,history,2686,004,,525,22563,,,,,2,src_collected_ah_2025_group_admission
2025,AH,ordinary_undergraduate,history,2686,005,,544,15835,,,,,2,src_collected_ah_2025_group_admission
2025,AH,ordinary_undergraduate,history,2686,006,,529,20909,,,,,1,src_collected_ah_2025_group_admission
2025,AH,ordinary_undergraduate,history,2686,007,,544,15887,,,,,2,src_collected_ah_2025_group_admission
2025,AH,ordinary_undergraduate,history,2687,002,,608,2386,,,,,12,src_collected_ah_2025_group_admission
2025,AH,ordinary_undergraduate,history,2688,001,,549,14145,,,,,31,src_collected_ah_2025_group_admission
2025,AH,ordinary_undergraduate,history,2688,003,,562,10474,,,,,3,src_collected_ah_2025_group_admission
2025,AH,ordinary_undergraduate,history,2689,001,,606,2642,,,,,28,src_collected_ah_2025_group_admission
2025,AH,ordinary_undergraduate,history,2690,001,,567,9244,,,,,1,src_collected_ah_2025_group_admission
2025,AH,ordinary_undergraduate,history,2692,001,,502,32188,,,,,5,src_collected_ah_2025_group_admission
2025,AH,ordinary_undergraduate,history,2692,002,,497,34751,,,,,3,src_collected_ah_2025_group_admission
2025,AH,ordinary_undergraduate,history,2694,001,,504,31180,,,,,10,src_collected_ah_2025_group_admission
2025,AH,ordinary_undergraduate,history,2694,002,,502,32287,,,,,20,src_collected_ah_2025_group_admission
2025,AH,ordinary_undergraduate,history,2695,001,,554,12798,,,,,16,src_collected_ah_2025_group_admission
2025,AH,ordinary_undergraduate,history,2697,001,,559,11321,,,,,35,src_collected_ah_2025_group_admission
2025,AH,ordinary_undergraduate,history,2698,001,,486,40204,,,,,16,src_collected_ah_2025_group_admission
2025,AH,ordinary_undergraduate,history,2698,002,,486,40107,,,,,5,src_collected_ah_2025_group_admission
2025,AH,ordinary_undergraduate,history,2699,003,,613,1916,,,,,24,src_collected_ah_2025_group_admission
2025,AH,ordinary_undergraduate,history,2699,004,,586,5421,,,,,8,src_collected_ah_2025_group_admission
2025,AH,ordinary_undergraduate,history,2700,006,,604,2889,,,,,5,src_collected_ah_2025_group_admission
2025,AH,ordinary_undergraduate,history,2700,007,,600,3318,,,,,1,src_collected_ah_2025_group_admission
2025,AH,ordinary_undergraduate,history,2701,002,,593,4398,,,,,2,src_collected_ah_2025_group_admission
2025,AH,ordinary_undergraduate,history,2702,002,,599,3449,,,,,11,src_collected_ah_2025_group_admission
2025,AH,ordinary_undergraduate,history,2702,003,,602,3109,,,,,8,src_collected_ah_2025_group_admission
2025,AH,ordinary_undergraduate,history,2703,001,,541,16854,,,,,29,src_collected_ah_2025_group_admission
2025,AH,ordinary_undergraduate,history,2703,002,,554,12808,,,,,5,src_collected_ah_2025_group_admission
2025,AH,ordinary_undergraduate,history,2705,001,,566,9581,,,,,19,src_collected_ah_2025_group_admission
2025,AH,ordinary_undergraduate,history,2706,001,,581,6328,,,,,7,src_collected_ah_2025_group_admission
2025,AH,ordinary_undergraduate,history,2708,003,,614,1871,,,,,51,src_collected_ah_2025_group_admission
2025,AH,ordinary_undergraduate,history,2708,004,,612,2064,,,,,3,src_collected_ah_2025_group_admission
2025,AH,ordinary_undergraduate,history,2711,004,,635,555,,,,,28,src_collected_ah_2025_group_admission
2025,AH,ordinary_undergraduate,history,2711,005,,632,653,,,,,5,src_collected_ah_2025_group_admission
2025,AH,ordinary_undergraduate,history,2712,001,,609,2348,,,,,4,src_collected_ah_2025_group_admission
2025,AH,ordinary_undergraduate,history,2714,001,,484,40895,,,,,6,src_collected_ah_2025_group_admission
2025,AH,ordinary_undergraduate,history,2718,001,,532,19600,,,,,6,src_collected_ah_2025_group_admission
2025,AH,ordinary_undergraduate,history,2718,002,,532,19952,,,,,3,src_collected_ah_2025_group_admission
2025,AH,ordinary_undergraduate,history,2726,001,,509,29112,,,,,6,src_collected_ah_2025_group_admission
2025,AH,ordinary_undergraduate,history,2726,002,,477,44298,,,,,6,src_collected_ah_2025_group_admission
2025,AH,ordinary_undergraduate,history,2729,001,,522,23434,,,,,4,src_collected_ah_2025_group_admission
2025,AH,ordinary_undergraduate,history,2731,001,,581,6245,,,,,53,src_collected_ah_2025_group_admission
2025,AH,ordinary_undergraduate,history,2731,002,,588,5114,,,,,8,src_collected_ah_2025_group_admission
2025,AH,ordinary_undergraduate,history,2732,001,,485,40753,,,,,4,src_collected_ah_2025_group_admission
2025,AH,ordinary_undergraduate,history,2739,001,,505,30705,,,,,29,src_collected_ah_2025_group_admission
2025,AH,ordinary_undergraduate,history,2739,002,,509,29055,,,,,7,src_collected_ah_2025_group_admission
2025,AH,ordinary_undergraduate,history,2740,001,,577,7100,,,,,8,src_collected_ah_2025_group_admission
2025,AH,ordinary_undergraduate,history,2740,002,,575,7504,,,,,4,src_collected_ah_2025_group_admission
2025,AH,ordinary_undergraduate,history,2741,001,,494,35923,,,,,1,src_collected_ah_2025_group_admission
2025,AH,ordinary_undergraduate,history,2742,001,,499,33731,,,,,6,src_collected_ah_2025_group_admission
2025,AH,ordinary_undergraduate,history,2744,001,,499,33873,,,,,10,src_collected_ah_2025_group_admission
2025,AH,ordinary_undergraduate,history,2744,002,,499,33740,,,,,5,src_collected_ah_2025_group_admission
2025,AH,ordinary_undergraduate,history,2746,001,,513,27299,,,,,3,src_collected_ah_2025_group_admission
2025,AH,ordinary_undergraduate,history,2747,001,,500,32983,,,,,7,src_collected_ah_2025_group_admission
2025,AH,ordinary_undergraduate,history,2747,002,,500,33185,,,,,4,src_collected_ah_2025_group_admission
2025,AH,ordinary_undergraduate,history,2747,003,,503,31833,,,,,5,src_collected_ah_2025_group_admission
2025,AH,ordinary_undergraduate,history,2750,001,,499,33690,,,,,17,src_collected_ah_2025_group_admission
2025,AH,ordinary_undergraduate,history,2752,001,,502,32389,,,,,12,src_collected_ah_2025_group_admission
2025,AH,ordinary_undergraduate,history,2752,002,,500,33350,,,,,5,src_collected_ah_2025_group_admission
2025,AH,ordinary_undergraduate,history,2753,001,,495,35384,,,,,2,src_collected_ah_2025_group_admission
2025,AH,ordinary_undergraduate,history,2756,002,,515,26538,,,,,21,src_collected_ah_2025_group_admission
2025,AH,ordinary_undergraduate,history,2756,003,,525,22448,,,,,3,src_collected_ah_2025_group_admission
2025,AH,ordinary_undergraduate,history,2758,001,,488,38800,,,,,4,src_collected_ah_2025_group_admission
2025,AH,ordinary_undergraduate,history,2758,002,,481,42316,,,,,3,src_collected_ah_2025_group_admission
2025,AH,ordinary_undergraduate,history,2758,003,,479,43714,,,,,7,src_collected_ah_2025_group_admission
2025,AH,ordinary_undergraduate,history,2758,004,,480,42865,,,,,15,src_collected_ah_2025_group_admission
2025,AH,ordinary_undergraduate,history,2760,001,,498,34049,,,,,6,src_collected_ah_2025_group_admission
2025,AH,ordinary_undergraduate,history,2761,001,,507,30023,,,,,20,src_collected_ah_2025_group_admission
2025,AH,ordinary_undergraduate,history,2761,002,,505,30892,,,,,6,src_collected_ah_2025_group_admission
2025,AH,ordinary_undergraduate,history,2763,001,,502,32196,,,,,8,src_collected_ah_2025_group_admission
2025,AH,ordinary_undergraduate,history,2766,001,,511,28313,,,,,12,src_collected_ah_2025_group_admission
2025,AH,ordinary_undergraduate,history,2766,002,,509,29096,,,,,3,src_collected_ah_2025_group_admission
2025,AH,ordinary_undergraduate,history,2769,001,,504,31175,,,,,15,src_collected_ah_2025_group_admission
2025,AH,ordinary_undergraduate,history,2771,001,,524,22981,,,,,5,src_collected_ah_2025_group_admission
2025,AH,ordinary_undergraduate,history,2771,002,,534,19133,,,,,6,src_collected_ah_2025_group_admission
2025,AH,ordinary_undergraduate,history,2771,003,,527,21851,,,,,5,src_collected_ah_2025_group_admission
2025,AH,ordinary_undergraduate,history,2772,001,,502,32107,,,,,6,src_collected_ah_2025_group_admission
2025,AH,ordinary_undergraduate,history,2776,001,,505,30989,,,,,5,src_collected_ah_2025_group_admission
2025,AH,ordinary_undergraduate,history,2776,002,,502,32179,,,,,5,src_collected_ah_2025_group_admission
2025,AH,ordinary_undergraduate,history,2776,003,,504,31221,,,,,5,src_collected_ah_2025_group_admission
2025,AH,ordinary_undergraduate,history,2779,001,,505,30812,,,,,2,src_collected_ah_2025_group_admission
2025,AH,ordinary_undergraduate,history,2779,002,,503,31630,,,,,1,src_collected_ah_2025_group_admission
2025,AH,ordinary_undergraduate,history,2780,001,,530,20628,,,,,16,src_collected_ah_2025_group_admission
2025,AH,ordinary_undergraduate,history,2785,001,,506,30299,,,,,11,src_collected_ah_2025_group_admission
2025,AH,ordinary_undergraduate,history,2785,002,,503,31996,,,,,5,src_collected_ah_2025_group_admission
2025,AH,ordinary_undergraduate,history,2787,001,,549,14245,,,,,9,src_collected_ah_2025_group_admission
2025,AH,ordinary_undergraduate,history,2790,001,,491,37484,,,,,4,src_collected_ah_2025_group_admission
2025,AH,ordinary_undergraduate,history,2791,001,,494,36017,,,,,6,src_collected_ah_2025_group_admission
2025,AH,ordinary_undergraduate,history,2792,001,,487,39662,,,,,36,src_collected_ah_2025_group_admission
2025,AH,ordinary_undergraduate,history,2795,001,,532,19771,,,,,6,src_collected_ah_2025_group_admission
2025,AH,ordinary_undergraduate,history,2797,001,,571,8365,,,,,39,src_collected_ah_2025_group_admission
2025,AH,ordinary_undergraduate,history,2800,001,,557,12013,,,,,1,src_collected_ah_2025_group_admission
2025,AH,ordinary_undergraduate,history,2800,002,,539,17443,,,,,2,src_collected_ah_2025_group_admission
2025,AH,ordinary_undergraduate,history,2802,001,,555,12363,,,,,24,src_collected_ah_2025_group_admission
2025,AH,ordinary_undergraduate,history,2803,002,,581,6299,,,,,14,src_collected_ah_2025_group_admission
2025,AH,ordinary_undergraduate,history,2803,003,,593,4294,,,,,2,src_collected_ah_2025_group_admission
2025,AH,ordinary_undergraduate,history,2803,004,,584,5884,,,,,3,src_collected_ah_2025_group_admission
2025,AH,ordinary_undergraduate,history,2807,001,,480,42878,,,,,9,src_collected_ah_2025_group_admission
2025,AH,ordinary_undergraduate,history,2809,001,,501,32599,,,,,18,src_collected_ah_2025_group_admission
2025,AH,ordinary_undergraduate,history,2809,002,,503,31955,,,,,4,src_collected_ah_2025_group_admission
2025,AH,ordinary_undergraduate,history,2809,003,,499,33553,,,,,4,src_collected_ah_2025_group_admission
2025,AH,ordinary_undergraduate,history,2811,001,,514,26804,,,,,6,src_collected_ah_2025_group_admission
2025,AH,ordinary_undergraduate,history,2814,001,,511,28277,,,,,11,src_collected_ah_2025_group_admission
2025,AH,ordinary_undergraduate,history,2814,002,,519,24682,,,,,2,src_collected_ah_2025_group_admission
2025,AH,ordinary_undergraduate,history,2825,001,,504,31459,,,,,1,src_collected_ah_2025_group_admission
2025,AH,ordinary_undergraduate,history,2827,001,,506,30697,,,,,6,src_collected_ah_2025_group_admission
2025,AH,ordinary_undergraduate,history,2828,001,,512,27623,,,,,3,src_collected_ah_2025_group_admission
2025,AH,ordinary_undergraduate,history,2828,002,,501,32532,,,,,3,src_collected_ah_2025_group_admission
2025,AH,ordinary_undergraduate,history,2828,003,,504,31464,,,,,2,src_collected_ah_2025_group_admission
2025,AH,ordinary_undergraduate,history,2829,001,,515,26494,,,,,2,src_collected_ah_2025_group_admission
2025,AH,ordinary_undergraduate,history,2829,002,,505,30926,,,,,2,src_collected_ah_2025_group_admission
2025,AH,ordinary_undergraduate,history,2831,001,,519,24812,,,,,6,src_collected_ah_2025_group_admission
2025,AH,ordinary_undergraduate,history,2831,002,,523,23178,,,,,3,src_collected_ah_2025_group_admission
2025,AH,ordinary_undergraduate,history,2831,051,,507,30022,,,,,3,src_collected_ah_2025_group_admission
2025,AH,ordinary_undergraduate,history,2831,052,,501,32850,,,,,2,src_collected_ah_2025_group_admission
2025,AH,ordinary_undergraduate,history,2833,001,,477,44502,,,,,7,src_collected_ah_2025_group_admission
2025,AH,ordinary_undergraduate,history,2833,002,,497,34829,,,,,2,src_collected_ah_2025_group_admission
2025,AH,ordinary_undergraduate,history,2835,001,,531,20308,,,,,49,src_collected_ah_2025_group_admission
2025,AH,ordinary_undergraduate,history,2835,002,,519,24664,,,,,2,src_collected_ah_2025_group_admission
2025,AH,ordinary_undergraduate,history,2837,002,,586,5415,,,,,8,src_collected_ah_2025_group_admission
2025,AH,ordinary_undergraduate,history,2837,003,,604,2876,,,,,1,src_collected_ah_2025_group_admission
2025,AH,ordinary_undergraduate,history,2837,004,,588,5126,,,,,3,src_collected_ah_2025_group_admission
2025,AH,ordinary_undergraduate,history,2844,003,,523,23177,,,,,7,src_collected_ah_2025_group_admission
2025,AH,ordinary_undergraduate,history,2848,001,,519,24862,,,,,21,src_collected_ah_2025_group_admission
2025,AH,ordinary_undergraduate,history,2848,002,,519,24630,,,,,7,src_collected_ah_2025_group_admission
2025,AH,ordinary_undergraduate,history,2850,001,,507,30031,,,,,2,src_collected_ah_2025_group_admission
2025,AH,ordinary_undergraduate,history,2851,001,,546,15109,,,,,6,src_collected_ah_2025_group_admission
2025,AH,ordinary_undergraduate,history,2851,002,,560,11037,,,,,6,src_collected_ah_2025_group_admission
2025,AH,ordinary_undergraduate,history,2854,001,,497,34527,,,,,10,src_collected_ah_2025_group_admission
2025,AH,ordinary_undergraduate,history,2855,001,,556,12192,,,,,1,src_collected_ah_2025_group_admission
2025,AH,ordinary_undergraduate,history,2855,002,,526,22118,,,,,1,src_collected_ah_2025_group_admission
2025,AH,ordinary_undergraduate,history,2860,001,,489,38454,,,,,3,src_collected_ah_2025_group_admission
2025,AH,ordinary_undergraduate,history,2867,001,,496,35148,,,,,10,src_collected_ah_2025_group_admission
2025,AH,ordinary_undergraduate,history,2873,001,,502,32458,,,,,12,src_collected_ah_2025_group_admission
2025,AH,ordinary_undergraduate,history,2873,002,,502,32131,,,,,4,src_collected_ah_2025_group_admission
2025,AH,ordinary_undergraduate,history,2876,001,,558,11660,,,,,8,src_collected_ah_2025_group_admission
2025,AH,ordinary_undergraduate,history,2876,002,,538,17739,,,,,2,src_collected_ah_2025_group_admission
2025,AH,ordinary_undergraduate,history,2877,001,,548,14565,,,,,15,src_collected_ah_2025_group_admission
2025,AH,ordinary_undergraduate,history,2879,001,,581,6386,,,,,30,src_collected_ah_2025_group_admission
2025,AH,ordinary_undergraduate,history,2879,002,,567,9387,,,,,5,src_collected_ah_2025_group_admission
2025,AH,ordinary_undergraduate,history,2880,001,,548,14483,,,,,13,src_collected_ah_2025_group_admission
2025,AH,ordinary_undergraduate,history,2880,002,,558,11662,,,,,19,src_collected_ah_2025_group_admission
2025,AH,ordinary_undergraduate,history,2880,003,,548,14531,,,,,2,src_collected_ah_2025_group_admission
2025,AH,ordinary_undergraduate,history,2881,004,,650,151,,,,,15,src_collected_ah_2025_group_admission
2025,AH,ordinary_undergraduate,history,2886,002,,582,6207,,,,,36,src_collected_ah_2025_group_admission
2025,AH,ordinary_undergraduate,history,2888,001,,586,5508,,,,,3,src_collected_ah_2025_group_admission
2025,AH,ordinary_undergraduate,history,2888,002,,584,5763,,,,,6,src_collected_ah_2025_group_admission
2025,AH,ordinary_undergraduate,history,2888,051,,570,8709,,,,,5,src_collected_ah_2025_group_admission
2025,AH,ordinary_undergraduate,history,2890,001,,482,42223,,,,,3,src_collected_ah_2025_group_admission
2025,AH,ordinary_undergraduate,history,2892,001,,539,17557,,,,,12,src_collected_ah_2025_group_admission
2025,AH,ordinary_undergraduate,history,2894,001,,502,32437,,,,,6,src_collected_ah_2025_group_admission
2025,AH,ordinary_undergraduate,history,2901,001,,556,12202,,,,,4,src_collected_ah_2025_group_admission
2025,AH,ordinary_undergraduate,history,2902,001,,579,6714,,,,,3,src_collected_ah_2025_group_admission
2025,AH,ordinary_undergraduate,history,2904,001,,578,6898,,,,,5,src_collected_ah_2025_group_admission
2025,AH,ordinary_undergraduate,history,2904,051,,574,7774,,,,,4,src_collected_ah_2025_group_admission
2025,AH,ordinary_undergraduate,history,2907,001,,579,6612,,,,,10,src_collected_ah_2025_group_admission
2025,AH,ordinary_undergraduate,history,2907,002,,582,6227,,,,,3,src_collected_ah_2025_group_admission
2025,AH,ordinary_undergraduate,history,2907,003,,576,7419,,,,,2,src_collected_ah_2025_group_admission
2025,AH,ordinary_undergraduate,history,2907,004,,541,16744,,,,,2,src_collected_ah_2025_group_admission
2025,AH,ordinary_undergraduate,history,2908,001,,489,38588,,,,,14,src_collected_ah_2025_group_admission
2025,AH,ordinary_undergraduate,history,2912,001,,549,14202,,,,,17,src_collected_ah_2025_group_admission
2025,AH,ordinary_undergraduate,history,2912,002,,521,23902,,,,,2,src_collected_ah_2025_group_admission
2025,AH,ordinary_undergraduate,history,2913,001,,511,28139,,,,,53,src_collected_ah_2025_group_admission
2025,AH,ordinary_undergraduate,history,2919,001,,477,44743,,,,,46,src_collected_ah_2025_group_admission
2025,AH,ordinary_undergraduate,history,2919,002,,477,44692,,,,,2,src_collected_ah_2025_group_admission
2025,AH,ordinary_undergraduate,history,2920,001,,568,9205,,,,,3,src_collected_ah_2025_group_admission
2025,AH,ordinary_undergraduate,history,2923,001,,495,35762,,,,,37,src_collected_ah_2025_group_admission
2025,AH,ordinary_undergraduate,history,2924,001,,594,4182,,,,,34,src_collected_ah_2025_group_admission
2025,AH,ordinary_undergraduate,history,2924,002,,598,3669,,,,,6,src_collected_ah_2025_group_admission
2025,AH,ordinary_undergraduate,history,2926,001,,502,32357,,,,,15,src_collected_ah_2025_group_admission
2025,AH,ordinary_undergraduate,history,2927,001,,497,34568,,,,,16,src_collected_ah_2025_group_admission
2025,AH,ordinary_undergraduate,history,2928,001,,489,38288,,,,,8,src_collected_ah_2025_group_admission
2025,AH,ordinary_undergraduate,history,2929,001,,518,25302,,,,,17,src_collected_ah_2025_group_admission
2025,AH,ordinary_undergraduate,history,2931,001,,494,35981,,,,,20,src_collected_ah_2025_group_admission
2025,AH,ordinary_undergraduate,history,2933,001,,493,36422,,,,,4,src_collected_ah_2025_group_admission
2025,AH,ordinary_undergraduate,history,2936,001,,546,15168,,,,,23,src_collected_ah_2025_group_admission
2025,AH,ordinary_undergraduate,history,2937,001,,495,35476,,,,,32,src_collected_ah_2025_group_admission
2025,AH,ordinary_undergraduate,history,2938,001,,495,35470,,,,,12,src_collected_ah_2025_group_admission
2025,AH,ordinary_undergraduate,history,2939,001,,522,23490,,,,,6,src_collected_ah_2025_group_admission
2025,AH,ordinary_undergraduate,history,2943,001,,493,36562,,,,,32,src_collected_ah_2025_group_admission
2025,AH,ordinary_undergraduate,history,2948,001,,538,17887,,,,,14,src_collected_ah_2025_group_admission
2025,AH,ordinary_undergraduate,history,2949,004,,617,1624,,,,,12,src_collected_ah_2025_group_admission
2025,AH,ordinary_undergraduate,history,2949,005,,612,2008,,,,,2,src_collected_ah_2025_group_admission
2025,AH,ordinary_undergraduate,history,2949,006,,600,3377,,,,,2,src_collected_ah_2025_group_admission
2025,AH,ordinary_undergraduate,history,2949,007,,612,2032,,,,,2,src_collected_ah_2025_group_admission
2025,AH,ordinary_undergraduate,history,2950,001,,599,3477,,,,,5,src_collected_ah_2025_group_admission
2025,AH,ordinary_undergraduate,history,2951,002,,599,3502,,,,,13,src_collected_ah_2025_group_admission
2025,AH,ordinary_undergraduate,history,2951,003,,602,3098,,,,,3,src_collected_ah_2025_group_admission
2025,AH,ordinary_undergraduate,history,2952,003,,616,1635,,,,,13,src_collected_ah_2025_group_admission
2025,AH,ordinary_undergraduate,history,2952,004,,612,2038,,,,,4,src_collected_ah_2025_group_admission
2025,AH,ordinary_undergraduate,history,2952,005,,616,1673,,,,,2,src_collected_ah_2025_group_admission
2025,AH,ordinary_undergraduate,history,2953,001,,580,6474,,,,,4,src_collected_ah_2025_group_admission
2025,AH,ordinary_undergraduate,history,2955,002,,596,3822,,,,,24,src_collected_ah_2025_group_admission
2025,AH,ordinary_undergraduate,history,2956,001,,596,3879,,,,,9,src_collected_ah_2025_group_admission
2025,AH,ordinary_undergraduate,history,2957,003,,552,13474,,,,,30,src_collected_ah_2025_group_admission
2025,AH,ordinary_undergraduate,history,2957,004,,546,15091,,,,,4,src_collected_ah_2025_group_admission
2025,AH,ordinary_undergraduate,history,2958,001,,557,11971,,,,,5,src_collected_ah_2025_group_admission
2025,AH,ordinary_undergraduate,history,2959,001,,576,7324,,,,,21,src_collected_ah_2025_group_admission
2025,AH,ordinary_undergraduate,history,2959,002,,581,6366,,,,,2,src_collected_ah_2025_group_admission
2025,AH,ordinary_undergraduate,history,2960,001,,520,24444,,,,,5,src_collected_ah_2025_group_admission
2025,AH,ordinary_undergraduate,history,2960,002,,529,20934,,,,,1,src_collected_ah_2025_group_admission
2025,AH,ordinary_undergraduate,history,2961,001,,619,1379,,,,,21,src_collected_ah_2025_group_admission
2025,AH,ordinary_undergraduate,history,2961,002,,611,2124,,,,,6,src_collected_ah_2025_group_admission
2025,AH,ordinary_undergraduate,history,2961,003,,602,3129,,,,,5,src_collected_ah_2025_group_admission
2025,AH,ordinary_undergraduate,history,2962,006,,651,128,,,,,36,src_collected_ah_2025_group_admission
2025,AH,ordinary_undergraduate,history,2962,007,,652,113,,,,,7,src_collected_ah_2025_group_admission
2025,AH,ordinary_undergraduate,history,2963,002,,622,1191,,,,,9,src_collected_ah_2025_group_admission
2025,AH,ordinary_undergraduate,history,2966,002,,616,1681,,,,,14,src_collected_ah_2025_group_admission
2025,AH,ordinary_undergraduate,history,2966,003,,621,1248,,,,,2,src_collected_ah_2025_group_admission
2025,AH,ordinary_undergraduate,history,2967,001,,603,2991,,,,,3,src_collected_ah_2025_group_admission
2025,AH,ordinary_undergraduate,history,2967,002,,606,2612,,,,,3,src_collected_ah_2025_group_admission
2025,AH,ordinary_undergraduate,history,2968,001,,572,8119,,,,,13,src_collected_ah_2025_group_admission
2025,AH,ordinary_undergraduate,history,2968,002,,573,7886,,,,,4,src_collected_ah_2025_group_admission
2025,AH,ordinary_undergraduate,history,2969,001,,595,4071,,,,,13,src_collected_ah_2025_group_admission
2025,AH,ordinary_undergraduate,history,2970,001,,566,9612,,,,,1,src_collected_ah_2025_group_admission
2025,AH,ordinary_undergraduate,history,2973,001,,598,3673,,,,,10,src_collected_ah_2025_group_admission
2025,AH,ordinary_undergraduate,history,2976,004,,630,729,,,,,55,src_collected_ah_2025_group_admission
2025,AH,ordinary_undergraduate,history,2976,005,,629,774,,,,,3,src_collected_ah_2025_group_admission
2025,AH,ordinary_undergraduate,history,2977,002,,538,17863,,,,,27,src_collected_ah_2025_group_admission
2025,AH,ordinary_undergraduate,history,2978,005,,620,1332,,,,,45,src_collected_ah_2025_group_admission
2025,AH,ordinary_undergraduate,history,2978,006,,567,9308,,,,,7,src_collected_ah_2025_group_admission
2025,AH,ordinary_undergraduate,history,2979,003,,622,1192,,,,,23,src_collected_ah_2025_group_admission
2025,AH,ordinary_undergraduate,history,2980,001,,544,15919,,,,,27,src_collected_ah_2025_group_admission
2025,AH,ordinary_undergraduate,history,2981,001,,576,7394,,,,,20,src_collected_ah_2025_group_admission
2025,AH,ordinary_undergraduate,history,2981,002,,577,7130,,,,,20,src_collected_ah_2025_group_admission
2025,AH,ordinary_undergraduate,history,2981,003,,588,5174,,,,,2,src_collected_ah_2025_group_admission
2025,AH,ordinary_undergraduate,history,2982,003,,633,619,,,,,28,src_collected_ah_2025_group_admission
2025,AH,ordinary_undergraduate,history,2982,004,,632,647,,,,,6,src_collected_ah_2025_group_admission
2025,AH,ordinary_undergraduate,history,2985,003,,622,1207,,,,,31,src_collected_ah_2025_group_admission
2025,AH,ordinary_undergraduate,history,2985,004,,609,2341,,,,,4,src_collected_ah_2025_group_admission
2025,AH,ordinary_undergraduate,history,2986,001,,560,11043,,,,,3,src_collected_ah_2025_group_admission
2025,AH,ordinary_undergraduate,history,2987,002,,615,1731,,,,,43,src_collected_ah_2025_group_admission
2025,AH,ordinary_undergraduate,history,2989,001,,587,5248,,,,,6,src_collected_ah_2025_group_admission
2025,AH,ordinary_undergraduate,history,2991,001,,524,22998,,,,,19,src_collected_ah_2025_group_admission
2025,AH,ordinary_undergraduate,history,2992,001,,498,34081,,,,,12,src_collected_ah_2025_group_admission
2025,AH,ordinary_undergraduate,history,2994,001,,507,30190,,,,,8,src_collected_ah_2025_group_admission
2025,AH,ordinary_undergraduate,history,2994,002,,502,32304,,,,,4,src_collected_ah_2025_group_admission
2025,AH,ordinary_undergraduate,history,2994,003,,515,26593,,,,,4,src_collected_ah_2025_group_admission
2025,AH,ordinary_undergraduate,history,2997,001,,495,35556,,,,,14,src_collected_ah_2025_group_admission
2025,AH,ordinary_undergraduate,history,3003,001,,518,25389,,,,,2,src_collected_ah_2025_group_admission
2025,AH,ordinary_undergraduate,history,3007,001,,524,22888,,,,,20,src_collected_ah_2025_group_admission
2025,AH,ordinary_undergraduate,history,5001,001,,495,35825,,,,,12,src_collected_ah_2025_group_admission
2025,AH,ordinary_undergraduate,history,5002,001,,508,29689,,,,,6,src_collected_ah_2025_group_admission
2025,AH,ordinary_undergraduate,history,5002,003,,502,32474,,,,,1,src_collected_ah_2025_group_admission
2025,AH,ordinary_undergraduate,history,5004,001,,477,44708,,,,,9,src_collected_ah_2025_group_admission
2025,AH,ordinary_undergraduate,history,5005,001,,490,38099,,,,,5,src_collected_ah_2025_group_admission
2025,AH,ordinary_undergraduate,history,5006,001,,495,35773,,,,,15,src_collected_ah_2025_group_admission
2025,AH,ordinary_undergraduate,history,5007,001,,494,36317,,,,,6,src_collected_ah_2025_group_admission
2025,AH,ordinary_undergraduate,history,5008,001,,492,37193,,,,,20,src_collected_ah_2025_group_admission
2025,AH,ordinary_undergraduate,history,5009,001,,483,41395,,,,,3,src_collected_ah_2025_group_admission
2025,AH,ordinary_undergraduate,history,5010,001,,479,43465,,,,,6,src_collected_ah_2025_group_admission
2025,AH,ordinary_undergraduate,history,5011,001,,479,43327,,,,,4,src_collected_ah_2025_group_admission
2025,AH,ordinary_undergraduate,history,5012,001,,491,37626,,,,,7,src_collected_ah_2025_group_admission
2025,AH,ordinary_undergraduate,history,5014,001,,498,34110,,,,,20,src_collected_ah_2025_group_admission
2025,AH,ordinary_undergraduate,history,5015,001,,484,41027,,,,,6,src_collected_ah_2025_group_admission
2025,AH,ordinary_undergraduate,history,5015,002,,483,41686,,,,,2,src_collected_ah_2025_group_admission
2025,AH,ordinary_undergraduate,history,5016,001,,493,36815,,,,,13,src_collected_ah_2025_group_admission
2025,AH,ordinary_undergraduate,history,5016,002,,491,37574,,,,,2,src_collected_ah_2025_group_admission
2025,AH,ordinary_undergraduate,history,5016,003,,490,38006,,,,,3,src_collected_ah_2025_group_admission
2025,AH,ordinary_undergraduate,history,5017,001,,493,36773,,,,,10,src_collected_ah_2025_group_admission
2025,AH,ordinary_undergraduate,history,5018,001,,501,32626,,,,,6,src_collected_ah_2025_group_admission
2025,AH,ordinary_undergraduate,history,5019,001,,481,42729,,,,,4,src_collected_ah_2025_group_admission
2025,AH,ordinary_undergraduate,history,5020,001,,487,39732,,,,,11,src_collected_ah_2025_group_admission
2025,AH,ordinary_undergraduate,history,5022,001,,497,34815,,,,,5,src_collected_ah_2025_group_admission
2025,AH,ordinary_undergraduate,history,5023,001,,492,36976,,,,,8,src_collected_ah_2025_group_admission
2025,AH,ordinary_undergraduate,history,5024,001,,497,34765,,,,,3,src_collected_ah_2025_group_admission
2025,AH,ordinary_undergraduate,history,5026,001,,477,44594,,,,,13,src_collected_ah_2025_group_admission
2025,AH,ordinary_undergraduate,history,5027,001,,495,35598,,,,,2,src_collected_ah_2025_group_admission
2025,AH,ordinary_undergraduate,history,5027,002,,515,26535,,,,,2,src_collected_ah_2025_group_admission
2025,AH,ordinary_undergraduate,history,5028,001,,504,31494,,,,,4,src_collected_ah_2025_group_admission
2025,AH,ordinary_undergraduate,history,5029,001,,497,34737,,,,,4,src_collected_ah_2025_group_admission
2025,AH,ordinary_undergraduate,history,5030,001,,492,37297,,,,,4,src_collected_ah_2025_group_admission
2025,AH,ordinary_undergraduate,history,5031,001,,489,38335,,,,,12,src_collected_ah_2025_group_admission
2025,AH,ordinary_undergraduate,history,5032,001,,485,40724,,,,,12,src_collected_ah_2025_group_admission
2025,AH,ordinary_undergraduate,history,5033,001,,516,25866,,,,,2,src_collected_ah_2025_group_admission
2025,AH,ordinary_undergraduate,history,5035,001,,496,35095,,,,,3,src_collected_ah_2025_group_admission
2025,AH,ordinary_undergraduate,history,5036,001,,500,33376,,,,,2,src_collected_ah_2025_group_admission
2025,AH,ordinary_undergraduate,history,5037,001,,491,37680,,,,,2,src_collected_ah_2025_group_admission
2025,AH,ordinary_undergraduate,history,5039,001,,519,24666,,,,,2,src_collected_ah_2025_group_admission
2025,AH,ordinary_undergraduate,history,5040,001,,477,44540,,,,,13,src_collected_ah_2025_group_admission
2025,AH,ordinary_undergraduate,history,5040,002,,487,39328,,,,,2,src_collected_ah_2025_group_admission
2025,AH,ordinary_undergraduate,history,5041,001,,496,34847,,,,,12,src_collected_ah_2025_group_admission
2025,AH,ordinary_undergraduate,history,5042,001,,512,27545,,,,,1,src_collected_ah_2025_group_admission
2025,AH,ordinary_undergraduate,history,5042,002,,499,33770,,,,,6,src_collected_ah_2025_group_admission
2025,AH,ordinary_undergraduate,history,5043,001,,498,34097,,,,,10,src_collected_ah_2025_group_admission
2025,AH,ordinary_undergraduate,history,5044,001,,497,34634,,,,,10,src_collected_ah_2025_group_admission
2025,AH,ordinary_undergraduate,history,5044,002,,499,33891,,,,,5,src_collected_ah_2025_group_admission
2025,AH,ordinary_undergraduate,history,5044,003,,498,34197,,,,,5,src_collected_ah_2025_group_admission
2025,AH,ordinary_undergraduate,history,5044,004,,496,35315,,,,,3,src_collected_ah_2025_group_admission
2025,AH,ordinary_undergraduate,history,5045,001,,498,34270,,,,,13,src_collected_ah_2025_group_admission
2025,AH,ordinary_undergraduate,history,5046,001,,495,35492,,,,,22,src_collected_ah_2025_group_admission
2025,AH,ordinary_undergraduate,history,5047,001,,500,33298,,,,,12,src_collected_ah_2025_group_admission
2025,AH,ordinary_undergraduate,history,5049,001,,486,39764,,,,,3,src_collected_ah_2025_group_admission
2025,AH,ordinary_undergraduate,history,5051,001,,484,41238,,,,,10,src_collected_ah_2025_group_admission
2025,AH,ordinary_undergraduate,history,5051,002,,497,34478,,,,,1,src_collected_ah_2025_group_admission
2025,AH,ordinary_undergraduate,history,5053,001,,494,36049,,,,,5,src_collected_ah_2025_group_admission
2025,AH,ordinary_undergraduate,history,5054,001,,511,28407,,,,,3,src_collected_ah_2025_group_admission
2025,AH,ordinary_undergraduate,history,5055,001,,494,36026,,,,,6,src_collected_ah_2025_group_admission
2025,AH,ordinary_undergraduate,history,5056,001,,499,33628,,,,,65,src_collected_ah_2025_group_admission
2025,AH,ordinary_undergraduate,history,5057,001,,502,32268,,,,,8,src_collected_ah_2025_group_admission
2025,AH,ordinary_undergraduate,history,5057,002,,497,34783,,,,,12,src_collected_ah_2025_group_admission
2025,AH,ordinary_undergraduate,history,5058,001,,498,34261,,,,,36,src_collected_ah_2025_group_admission
2025,AH,ordinary_undergraduate,history,5058,002,,499,33550,,,,,4,src_collected_ah_2025_group_admission
2025,AH,ordinary_undergraduate,history,5060,001,,516,26245,,,,,8,src_collected_ah_2025_group_admission
2025,AH,ordinary_undergraduate,history,5061,001,,504,31504,,,,,31,src_collected_ah_2025_group_admission
2025,AH,ordinary_undergraduate,history,5062,001,,497,34429,,,,,40,src_collected_ah_2025_group_admission
2025,AH,ordinary_undergraduate,history,5063,001,,499,33705,,,,,20,src_collected_ah_2025_group_admission
2025,AH,ordinary_undergraduate,history,5064,001,,496,35222,,,,,1,src_collected_ah_2025_group_admission
2025,AH,ordinary_undergraduate,history,5066,001,,491,37658,,,,,10,src_collected_ah_2025_group_admission
2025,AH,ordinary_undergraduate,history,5067,001,,496,35215,,,,,23,src_collected_ah_2025_group_admission
2025,AH,ordinary_undergraduate,history,5068,001,,508,29725,,,,,3,src_collected_ah_2025_group_admission
2025,AH,ordinary_undergraduate,history,5070,001,,486,39844,,,,,4,src_collected_ah_2025_group_admission
2025,AH,ordinary_undergraduate,history,5071,001,,497,34461,,,,,4,src_collected_ah_2025_group_admission
2025,AH,ordinary_undergraduate,history,5072,001,,493,36746,,,,,12,src_collected_ah_2025_group_admission
2025,AH,ordinary_undergraduate,history,5072,002,,497,34501,,,,,6,src_collected_ah_2025_group_admission
2025,AH,ordinary_undergraduate,history,5073,001,,477,44523,,,,,2,src_collected_ah_2025_group_admission
2025,AH,ordinary_undergraduate,history,5074,001,,498,34035,,,,,11,src_collected_ah_2025_group_admission
2025,AH,ordinary_undergraduate,history,5075,001,,477,44667,,,,,9,src_collected_ah_2025_group_admission
2025,AH,ordinary_undergraduate,history,5075,002,,478,43937,,,,,2,src_collected_ah_2025_group_admission
2025,AH,ordinary_undergraduate,history,5076,001,,478,43869,,,,,15,src_collected_ah_2025_group_admission
2025,AH,ordinary_undergraduate,history,5078,001,,500,33029,,,,,2,src_collected_ah_2025_group_admission
2025,AH,ordinary_undergraduate,history,5079,001,,493,36798,,,,,4,src_collected_ah_2025_group_admission
2025,AH,ordinary_undergraduate,history,5079,002,,535,18631,,,,,2,src_collected_ah_2025_group_admission
2025,AH,ordinary_undergraduate,history,5080,001,,497,34565,,,,,20,src_collected_ah_2025_group_admission
2025,AH,ordinary_undergraduate,history,5081,001,,499,33772,,,,,4,src_collected_ah_2025_group_admission
2025,AH,ordinary_undergraduate,history,5082,001,,491,37478,,,,,57,src_collected_ah_2025_group_admission
2025,AH,ordinary_undergraduate,history,5083,001,,491,37340,,,,,7,src_collected_ah_2025_group_admission
2025,AH,ordinary_undergraduate,history,5084,001,,489,38442,,,,,6,src_collected_ah_2025_group_admission
2025,AH,ordinary_undergraduate,history,5084,002,,492,37059,,,,,16,src_collected_ah_2025_group_admission
2025,AH,ordinary_undergraduate,history,5084,003,,485,40368,,,,,4,src_collected_ah_2025_group_admission
2025,AH,ordinary_undergraduate,history,5085,001,,488,39050,,,,,10,src_collected_ah_2025_group_admission
2025,AH,ordinary_undergraduate,history,5085,002,,491,37472,,,,,2,src_collected_ah_2025_group_admission
2025,AH,ordinary_undergraduate,history,5086,001,,495,35799,,,,,12,src_collected_ah_2025_group_admission
2025,AH,ordinary_undergraduate,history,5086,002,,499,33524,,,,,5,src_collected_ah_2025_group_admission
2025,AH,ordinary_undergraduate,history,5088,001,,488,39151,,,,,5,src_collected_ah_2025_group_admission
2025,AH,ordinary_undergraduate,history,5090,001,,492,37141,,,,,3,src_collected_ah_2025_group_admission
2025,AH,ordinary_undergraduate,history,5090,002,,487,39715,,,,,2,src_collected_ah_2025_group_admission
2025,AH,ordinary_undergraduate,history,5091,001,,487,39622,,,,,12,src_collected_ah_2025_group_admission
2025,AH,ordinary_undergraduate,history,5093,001,,479,43513,,,,,4,src_collected_ah_2025_group_admission
2025,AH,ordinary_undergraduate,history,5095,001,,493,36603,,,,,12,src_collected_ah_2025_group_admission
2025,AH,ordinary_undergraduate,history,5095,002,,498,33995,,,,,2,src_collected_ah_2025_group_admission
2025,AH,ordinary_undergraduate,history,5095,003,,492,36847,,,,,2,src_collected_ah_2025_group_admission
2025,AH,ordinary_undergraduate,history,5095,004,,485,40482,,,,,2,src_collected_ah_2025_group_admission
2025,AH,ordinary_undergraduate,history,5096,001,,493,36626,,,,,5,src_collected_ah_2025_group_admission
2025,AH,ordinary_undergraduate,history,5097,001,,498,34280,,,,,25,src_collected_ah_2025_group_admission
2025,AH,ordinary_undergraduate,history,5099,001,,499,33499,,,,,17,src_collected_ah_2025_group_admission
2025,AH,ordinary_undergraduate,history,5100,001,,499,33697,,,,,15,src_collected_ah_2025_group_admission
2025,AH,ordinary_undergraduate,history,5101,001,,495,35646,,,,,23,src_collected_ah_2025_group_admission
2025,AH,ordinary_undergraduate,history,5102,001,,501,32705,,,,,11,src_collected_ah_2025_group_admission
2025,AH,ordinary_undergraduate,history,5104,001,,495,35352,,,,,4,src_collected_ah_2025_group_admission
2025,AH,ordinary_undergraduate,history,5105,001,,531,20155,,,,,2,src_collected_ah_2025_group_admission
2025,AH,ordinary_undergraduate,history,5107,001,,497,34570,,,,,23,src_collected_ah_2025_group_admission
2025,AH,ordinary_undergraduate,history,5108,001,,495,35422,,,,,7,src_collected_ah_2025_group_admission
2025,AH,ordinary_undergraduate,history,9001,005,,588,5060,,,,,1080,src_collected_ah_2025_group_admission
2025,AH,ordinary_undergraduate,history,9001,006,,595,4044,,,,,110,src_collected_ah_2025_group_admission
2025,AH,ordinary_undergraduate,history,9002,003,,554,12668,,,,,1370,src_collected_ah_2025_group_admission
2025,AH,ordinary_undergraduate,history,9003,001,,532,19589,,,,,750,src_collected_ah_2025_group_admission
2025,AH,ordinary_undergraduate,history,9004,003,,543,16100,,,,,616,src_collected_ah_2025_group_admission
2025,AH,ordinary_undergraduate,history,9005,003,,551,13725,,,,,234,src_collected_ah_2025_group_admission
2025,AH,ordinary_undergraduate,history,9006,001,,551,13807,,,,,168,src_collected_ah_2025_group_admission
2025,AH,ordinary_undergraduate,history,9007,001,,560,11039,,,,,578,src_collected_ah_2025_group_admission
2025,AH,ordinary_undergraduate,history,9008,031,,581,6280,,,,,241,src_collected_ah_2025_group_admission
2025,AH,ordinary_undergraduate,history,9008,032,,566,9727,,,,,52,src_collected_ah_2025_group_admission
2025,AH,ordinary_undergraduate,history,9008,033,,575,7497,,,,,193,src_collected_ah_2025_group_admission
2025,AH,ordinary_undergraduate,history,9008,034,,574,7649,,,,,25,src_collected_ah_2025_group_admission
2025,AH,ordinary_undergraduate,history,9008,035,,570,8555,,,,,164,src_collected_ah_2025_group_admission
2025,AH,ordinary_undergraduate,history,9008,036,,571,8333,,,,,6,src_collected_ah_2025_group_admission
2025,AH,ordinary_undergraduate,history,9008,037,,567,9471,,,,,52,src_collected_ah_2025_group_admission
2025,AH,ordinary_undergraduate,history,9008,038,,570,8652,,,,,151,src_collected_ah_2025_group_admission
2025,AH,ordinary_undergraduate,history,9008,039,,562,10470,,,,,16,src_collected_ah_2025_group_admission
2025,AH,ordinary_undergraduate,history,9008,040,,556,12184,,,,,72,src_collected_ah_2025_group_admission
2025,AH,ordinary_undergraduate,history,9008,041,,561,10797,,,,,141,src_collected_ah_2025_group_admission
2025,AH,ordinary_undergraduate,history,9008,042,,531,20016,,,,,10,src_collected_ah_2025_group_admission
2025,AH,ordinary_undergraduate,history,9008,043,,576,7254,,,,,153,src_collected_ah_2025_group_admission
2025,AH,ordinary_undergraduate,history,9008,044,,575,7487,,,,,51,src_collected_ah_2025_group_admission
2025,AH,ordinary_undergraduate,history,9009,003,,553,12895,,,,,220,src_collected_ah_2025_group_admission
2025,AH,ordinary_undergraduate,history,9009,004,,525,22340,,,,,18,src_collected_ah_2025_group_admission
2025,AH,ordinary_undergraduate,history,9010,004,,559,11270,,,,,121,src_collected_ah_2025_group_admission
2025,AH,ordinary_undergraduate,history,9010,005,,529,20869,,,,,321,src_collected_ah_2025_group_admission
2025,AH,ordinary_undergraduate,history,9010,006,,525,22362,,,,,1,src_collected_ah_2025_group_admission
2025,AH,ordinary_undergraduate,history,9011,007,,539,17484,,,,,475,src_collected_ah_2025_group_admission
2025,AH,ordinary_undergraduate,history,9011,009,,550,13890,,,,,50,src_collected_ah_2025_group_admission
2025,AH,ordinary_undergraduate,history,9011,010,,554,12804,,,,,11,src_collected_ah_2025_group_admission
2025,AH,ordinary_undergraduate,history,9012,003,,530,20413,,,,,340,src_collected_ah_2025_group_admission
2025,AH,ordinary_undergraduate,history,9012,004,,544,15733,,,,,118,src_collected_ah_2025_group_admission
2025,AH,ordinary_undergraduate,history,9012,005,,531,20188,,,,,330,src_collected_ah_2025_group_admission
2025,AH,ordinary_undergraduate,history,9013,003,,532,19697,,,,,421,src_collected_ah_2025_group_admission
2025,AH,ordinary_undergraduate,history,9013,004,,528,21454,,,,,3,src_collected_ah_2025_group_admission
2025,AH,ordinary_undergraduate,history,9013,005,,496,35244,,,,,56,src_collected_ah_2025_group_admission
2025,AH,ordinary_undergraduate,history,9013,006,,526,22065,,,,,10,src_collected_ah_2025_group_admission
2025,AH,ordinary_undergraduate,history,9013,007,,538,17693,,,,,78,src_collected_ah_2025_group_admission
2025,AH,ordinary_undergraduate,history,9013,008,,532,19768,,,,,65,src_collected_ah_2025_group_admission
2025,AH,ordinary_undergraduate,history,9013,009,,514,26792,,,,,3,src_collected_ah_2025_group_admission
2025,AH,ordinary_undergraduate,history,9014,001,,527,21737,,,,,40,src_collected_ah_2025_group_admission
2025,AH,ordinary_undergraduate,history,9015,001,,537,18207,,,,,800,src_collected_ah_2025_group_admission
2025,AH,ordinary_undergraduate,history,9015,002,,519,24815,,,,,20,src_collected_ah_2025_group_admission
2025,AH,ordinary_undergraduate,history,9101,002,,525,22337,,,,,442,src_collected_ah_2025_group_admission
2025,AH,ordinary_undergraduate,history,9101,003,,522,23615,,,,,46,src_collected_ah_2025_group_admission
2025,AH,ordinary_undergraduate,history,9102,001,,511,28271,,,,,270,src_collected_ah_2025_group_admission
2025,AH,ordinary_undergraduate,history,9104,001,,505,31107,,,,,332,src_collected_ah_2025_group_admission
2025,AH,ordinary_undergraduate,history,9104,002,,506,30416,,,,,259,src_collected_ah_2025_group_admission
2025,AH,ordinary_undergraduate,history,9105,002,,517,25783,,,,,467,src_collected_ah_2025_group_admission
2025,AH,ordinary_undergraduate,history,9105,003,,500,33351,,,,,12,src_collected_ah_2025_group_admission
2025,AH,ordinary_undergraduate,history,9106,002,,513,27275,,,,,132,src_collected_ah_2025_group_admission
2025,AH,ordinary_undergraduate,history,9106,003,,506,30517,,,,,398,src_collected_ah_2025_group_admission
2025,AH,ordinary_undergraduate,history,9106,004,,514,26784,,,,,45,src_collected_ah_2025_group_admission
2025,AH,ordinary_undergraduate,history,9106,005,,509,28985,,,,,84,src_collected_ah_2025_group_admission
2025,AH,ordinary_undergraduate,history,9107,003,,517,25723,,,,,602,src_collected_ah_2025_group_admission
2025,AH,ordinary_undergraduate,history,9107,004,,516,25970,,,,,160,src_collected_ah_2025_group_admission
2025,AH,ordinary_undergraduate,history,9109,003,,527,21540,,,,,544,src_collected_ah_2025_group_admission
2025,AH,ordinary_undergraduate,history,9109,004,,524,22914,,,,,15,src_collected_ah_2025_group_admission
2025,AH,ordinary_undergraduate,history,9109,005,,534,19015,,,,,84,src_collected_ah_2025_group_admission
2025,AH,ordinary_undergraduate,history,9111,003,,524,22829,,,,,269,src_collected_ah_2025_group_admission
2025,AH,ordinary_undergraduate,history,9111,004,,527,21509,,,,,44,src_collected_ah_2025_group_admission
2025,AH,ordinary_undergraduate,history,9112,002,,503,31873,,,,,80,src_collected_ah_2025_group_admission
2025,AH,ordinary_undergraduate,history,9112,003,,506,30432,,,,,620,src_collected_ah_2025_group_admission
2025,AH,ordinary_undergraduate,history,9112,004,,495,35668,,,,,22,src_collected_ah_2025_group_admission
2025,AH,ordinary_undergraduate,history,9113,002,,521,23934,,,,,206,src_collected_ah_2025_group_admission
2025,AH,ordinary_undergraduate,history,9113,003,,512,27870,,,,,670,src_collected_ah_2025_group_admission
2025,AH,ordinary_undergraduate,history,9114,001,,526,22187,,,,,110,src_collected_ah_2025_group_admission
2025,AH,ordinary_undergraduate,history,9115,002,,520,24247,,,,,615,src_collected_ah_2025_group_admission
2025,AH,ordinary_undergraduate,history,9115,003,,520,24460,,,,,55,src_collected_ah_2025_group_admission
2025,AH,ordinary_undergraduate,history,9116,002,,507,30069,,,,,744,src_collected_ah_2025_group_admission
2025,AH,ordinary_undergraduate,history,9116,003,,515,26562,,,,,24,src_collected_ah_2025_group_admission
2025,AH,ordinary_undergraduate,history,9117,001,,504,31164,,,,,129,src_collected_ah_2025_group_admission
2025,AH,ordinary_undergraduate,history,9120,021,,510,28815,,,,,25,src_collected_ah_2025_group_admission
2025,AH,ordinary_undergraduate,history,9120,022,,511,28374,,,,,8,src_collected_ah_2025_group_admission
2025,AH,ordinary_undergraduate,history,9121,021,,501,32822,,,,,100,src_collected_ah_2025_group_admission
2025,AH,ordinary_undergraduate,history,9122,021,,500,33354,,,,,140,src_collected_ah_2025_group_admission
2025,AH,ordinary_undergraduate,history,9201,001,,491,37623,,,,,529,src_collected_ah_2025_group_admission
2025,AH,ordinary_undergraduate,history,9203,001,,483,41715,,,,,294,src_collected_ah_2025_group_admission
2025,AH,ordinary_undergraduate,history,9204,001,,481,42324,,,,,162,src_collected_ah_2025_group_admission
2025,AH,ordinary_undergraduate,history,9205,001,,492,36982,,,,,550,src_collected_ah_2025_group_admission
2025,AH,ordinary_undergraduate,history,9206,001,,480,42945,,,,,660,src_collected_ah_2025_group_admission
2025,AH,ordinary_undergraduate,history,9206,002,,490,38116,,,,,15,src_collected_ah_2025_group_admission
2025,AH,ordinary_undergraduate,history,9207,001,,500,33418,,,,,245,src_collected_ah_2025_group_admission
2025,AH,ordinary_undergraduate,history,9208,001,,477,44745,,,,,358,src_collected_ah_2025_group_admission
2025,AH,ordinary_undergraduate,history,9209,001,,477,44750,,,,,248,src_collected_ah_2025_group_admission
2025,AH,ordinary_undergraduate,history,9210,001,,478,44207,,,,,1181,src_collected_ah_2025_group_admission
2025,AH,ordinary_undergraduate,history,9211,001,,478,44211,,,,,431,src_collected_ah_2025_group_admission
2025,AH,ordinary_undergraduate,history,9212,001,,500,33349,,,,,45,src_collected_ah_2025_group_admission
2025,AH,ordinary_undergraduate,history,9213,001,,498,34125,,,,,155,src_collected_ah_2025_group_admission
2025,AH,ordinary_undergraduate,history,9214,001,,485,40263,,,,,373,src_collected_ah_2025_group_admission
2025,AH,ordinary_undergraduate,history,9215,001,,489,38324,,,,,168,src_collected_ah_2025_group_admission
2025,AH,ordinary_undergraduate,physics,1003,001,,504,128396,,,,,8,src_collected_ah_2025_group_admission
2025,AH,ordinary_undergraduate,physics,1005,001,,501,132220,,,,,23,src_collected_ah_2025_group_admission
2025,AH,ordinary_undergraduate,physics,1005,002,,480,164038,,,,,9,src_collected_ah_2025_group_admission
2025,AH,ordinary_undergraduate,physics,1006,001,,520,106211,,,,,8,src_collected_ah_2025_group_admission
2025,AH,ordinary_undergraduate,physics,1009,001,,500,134679,,,,,1,src_collected_ah_2025_group_admission
2025,AH,ordinary_undergraduate,physics,1009,002,,493,145008,,,,,2,src_collected_ah_2025_group_admission
2025,AH,ordinary_undergraduate,physics,1009,003,,493,144835,,,,,6,src_collected_ah_2025_group_admission
2025,AH,ordinary_undergraduate,physics,1009,004,,489,150101,,,,,6,src_collected_ah_2025_group_admission
2025,AH,ordinary_undergraduate,physics,1009,005,,490,148605,,,,,25,src_collected_ah_2025_group_admission
2025,AH,ordinary_undergraduate,physics,1009,006,,506,126073,,,,,1,src_collected_ah_2025_group_admission
2025,AH,ordinary_undergraduate,physics,1013,001,,489,150039,,,,,8,src_collected_ah_2025_group_admission
2025,AH,ordinary_undergraduate,physics,1013,002,,482,161486,,,,,7,src_collected_ah_2025_group_admission
2025,AH,ordinary_undergraduate,physics,1013,003,,489,150565,,,,,54,src_collected_ah_2025_group_admission
2025,AH,ordinary_undergraduate,physics,1013,004,,493,145413,,,,,5,src_collected_ah_2025_group_admission
2025,AH,ordinary_undergraduate,physics,1013,005,,492,145724,,,,,4,src_collected_ah_2025_group_admission
2025,AH,ordinary_undergraduate,physics,1020,001,,500,135017,,,,,7,src_collected_ah_2025_group_admission
2025,AH,ordinary_undergraduate,physics,1023,001,,505,126424,,,,,6,src_collected_ah_2025_group_admission
2025,AH,ordinary_undergraduate,physics,1024,002,,521,104310,,,,,10,src_collected_ah_2025_group_admission
2025,AH,ordinary_undergraduate,physics,1024,003,,510,119997,,,,,8,src_collected_ah_2025_group_admission
2025,AH,ordinary_undergraduate,physics,1024,004,,508,121985,,,,,6,src_collected_ah_2025_group_admission
2025,AH,ordinary_undergraduate,physics,1024,005,,505,126915,,,,,4,src_collected_ah_2025_group_admission
2025,AH,ordinary_undergraduate,physics,1024,006,,521,105169,,,,,2,src_collected_ah_2025_group_admission
2025,AH,ordinary_undergraduate,physics,1024,007,,515,113345,,,,,2,src_collected_ah_2025_group_admission
2025,AH,ordinary_undergraduate,physics,1024,008,,505,126629,,,,,2,src_collected_ah_2025_group_admission
2025,AH,ordinary_undergraduate,physics,1025,001,,597,28824,,,,,26,src_collected_ah_2025_group_admission
2025,AH,ordinary_undergraduate,physics,1025,002,,566,54131,,,,,5,src_collected_ah_2025_group_admission
2025,AH,ordinary_undergraduate,physics,1025,003,,578,42912,,,,,3,src_collected_ah_2025_group_admission
2025,AH,ordinary_undergraduate,physics,1026,003,,530,93422,,,,,1,src_collected_ah_2025_group_admission
2025,AH,ordinary_undergraduate,physics,1026,004,,526,98146,,,,,5,src_collected_ah_2025_group_admission
2025,AH,ordinary_undergraduate,physics,1026,005,,537,84440,,,,,3,src_collected_ah_2025_group_admission
2025,AH,ordinary_undergraduate,physics,1026,006,,515,113197,,,,,3,src_collected_ah_2025_group_admission
2025,AH,ordinary_undergraduate,physics,1028,001,,466,184491,,,,,2,src_collected_ah_2025_group_admission
2025,AH,ordinary_undergraduate,physics,1029,001,,506,125351,,,,,25,src_collected_ah_2025_group_admission
2025,AH,ordinary_undergraduate,physics,1029,002,,507,124181,,,,,4,src_collected_ah_2025_group_admission
2025,AH,ordinary_undergraduate,physics,1029,003,,519,106894,,,,,116,src_collected_ah_2025_group_admission
2025,AH,ordinary_undergraduate,physics,1029,004,,471,176874,,,,,17,src_collected_ah_2025_group_admission
2025,AH,ordinary_undergraduate,physics,1029,005,,500,134624,,,,,7,src_collected_ah_2025_group_admission
2025,AH,ordinary_undergraduate,physics,1029,006,,556,63999,,,,,5,src_collected_ah_2025_group_admission
2025,AH,ordinary_undergraduate,physics,1029,007,,511,118001,,,,,2,src_collected_ah_2025_group_admission
2025,AH,ordinary_undergraduate,physics,1030,001,,531,92552,,,,,41,src_collected_ah_2025_group_admission
2025,AH,ordinary_undergraduate,physics,1031,001,,482,161431,,,,,25,src_collected_ah_2025_group_admission
2025,AH,ordinary_undergraduate,physics,1032,005,,687,106,,,,,25,src_collected_ah_2025_group_admission
2025,AH,ordinary_undergraduate,physics,1033,002,,680,285,,,,,9,src_collected_ah_2025_group_admission
2025,AH,ordinary_undergraduate,physics,1033,003,,674,599,,,,,17,src_collected_ah_2025_group_admission
2025,AH,ordinary_undergraduate,physics,1034,001,,581,40475,,,,,5,src_collected_ah_2025_group_admission
2025,AH,ordinary_undergraduate,physics,1035,001,,599,27664,,,,,1,src_collected_ah_2025_group_admission
2025,AH,ordinary_undergraduate,physics,1037,001,,527,96969,,,,,2,src_collected_ah_2025_group_admission
2025,AH,ordinary_undergraduate,physics,1037,002,,521,104820,,,,,10,src_collected_ah_2025_group_admission
2025,AH,ordinary_undergraduate,physics,1038,001,,581,40555,,,,,35,src_collected_ah_2025_group_admission
2025,AH,ordinary_undergraduate,physics,1038,002,,592,32046,,,,,15,src_collected_ah_2025_group_admission
2025,AH,ordinary_undergraduate,physics,1039,003,,618,16211,,,,,35,src_collected_ah_2025_group_admission
2025,AH,ordinary_undergraduate,physics,1039,004,,619,15613,,,,,6,src_collected_ah_2025_group_admission
2025,AH,ordinary_undergraduate,physics,1041,003,,667,1216,,,,,122,src_collected_ah_2025_group_admission
2025,AH,ordinary_undergraduate,physics,1041,004,,651,3786,,,,,14,src_collected_ah_2025_group_admission
2025,AH,ordinary_undergraduate,physics,1042,003,,631,10308,,,,,10,src_collected_ah_2025_group_admission
2025,AH,ordinary_undergraduate,physics,1042,004,,622,14007,,,,,61,src_collected_ah_2025_group_admission
2025,AH,ordinary_undergraduate,physics,1042,005,,627,11921,,,,,48,src_collected_ah_2025_group_admission
2025,AH,ordinary_undergraduate,physics,1042,006,,601,25944,,,,,14,src_collected_ah_2025_group_admission
2025,AH,ordinary_undergraduate,physics,1043,001,,580,41204,,,,,2,src_collected_ah_2025_group_admission
2025,AH,ordinary_undergraduate,physics,1043,002,,571,48784,,,,,2,src_collected_ah_2025_group_admission
2025,AH,ordinary_undergraduate,physics,1043,003,,575,45862,,,,,27,src_collected_ah_2025_group_admission
2025,AH,ordinary_undergraduate,physics,1044,004,,650,3988,,,,,3,src_collected_ah_2025_group_admission
2025,AH,ordinary_undergraduate,physics,1044,005,,647,4635,,,,,4,src_collected_ah_2025_group_admission
2025,AH,ordinary_undergraduate,physics,1044,006,,638,7591,,,,,120,src_collected_ah_2025_group_admission
2025,AH,ordinary_undergraduate,physics,1044,007,,623,13575,,,,,3,src_collected_ah_2025_group_admission
2025,AH,ordinary_undergraduate,physics,1044,051,,623,13465,,,,,4,src_collected_ah_2025_group_admission
2025,AH,ordinary_undergraduate,physics,1044,052,,626,12117,,,,,5,src_collected_ah_2025_group_admission
2025,AH,ordinary_undergraduate,physics,1045,001,,596,29191,,,,,7,src_collected_ah_2025_group_admission
2025,AH,ordinary_undergraduate,physics,1045,002,,604,24034,,,,,12,src_collected_ah_2025_group_admission
2025,AH,ordinary_undergraduate,physics,1051,003,,635,8554,,,,,8,src_collected_ah_2025_group_admission
2025,AH,ordinary_undergraduate,physics,1051,004,,637,7896,,,,,42,src_collected_ah_2025_group_admission
2025,AH,ordinary_undergraduate,physics,1051,005,,635,8601,,,,,82,src_collected_ah_2025_group_admission
2025,AH,ordinary_undergraduate,physics,1054,003,,631,10188,,,,,6,src_collected_ah_2025_group_admission
2025,AH,ordinary_undergraduate,physics,1054,004,,671,806,,,,,12,src_collected_ah_2025_group_admission
2025,AH,ordinary_undergraduate,physics,1054,005,,667,1179,,,,,44,src_collected_ah_2025_group_admission
2025,AH,ordinary_undergraduate,physics,1054,006,,647,4901,,,,,9,src_collected_ah_2025_group_admission
2025,AH,ordinary_undergraduate,physics,1055,001,,553,66282,,,,,4,src_collected_ah_2025_group_admission
2025,AH,ordinary_undergraduate,physics,1055,002,,547,73767,,,,,8,src_collected_ah_2025_group_admission
2025,AH,ordinary_undergraduate,physics,1055,003,,513,115414,,,,,8,src_collected_ah_2025_group_admission
2025,AH,ordinary_undergraduate,physics,1055,004,,553,66453,,,,,5,src_collected_ah_2025_group_admission
2025,AH,ordinary_undergraduate,physics,1055,005,,561,58421,,,,,14,src_collected_ah_2025_group_admission
2025,AH,ordinary_undergraduate,physics,1055,006,,521,104730,,,,,21,src_collected_ah_2025_group_admission
2025,AH,ordinary_undergraduate,physics,1056,007,,601,25979,,,,,9,src_collected_ah_2025_group_admission
2025,AH,ordinary_undergraduate,physics,1056,008,,605,23838,,,,,7,src_collected_ah_2025_group_admission
2025,AH,ordinary_undergraduate,physics,1056,010,,621,14763,,,,,27,src_collected_ah_2025_group_admission
2025,AH,ordinary_undergraduate,physics,1056,011,,612,19642,,,,,5,src_collected_ah_2025_group_admission
2025,AH,ordinary_undergraduate,physics,1056,012,,600,26831,,,,,13,src_collected_ah_2025_group_admission
2025,AH,ordinary_undergraduate,physics,1056,013,,603,24706,,,,,8,src_collected_ah_2025_group_admission
2025,AH,ordinary_undergraduate,physics,1056,014,,601,25977,,,,,2,src_collected_ah_2025_group_admission
2025,AH,ordinary_undergraduate,physics,1056,015,,611,20013,,,,,3,src_collected_ah_2025_group_admission
2025,AH,ordinary_undergraduate,physics,1057,001,,527,96625,,,,,13,src_collected_ah_2025_group_admission
2025,AH,ordinary_undergraduate,physics,1057,002,,499,135920,,,,,10,src_collected_ah_2025_group_admission
2025,AH,ordinary_undergraduate,physics,1060,003,,643,6069,,,,,5,src_collected_ah_2025_group_admission
2025,AH,ordinary_undergraduate,physics,1060,005,,651,3838,,,,,17,src_collected_ah_2025_group_admission
2025,AH,ordinary_undergraduate,physics,1061,004,,643,5808,,,,,2,src_collected_ah_2025_group_admission
2025,AH,ordinary_undergraduate,physics,1061,005,,645,5336,,,,,9,src_collected_ah_2025_group_admission
2025,AH,ordinary_undergraduate,physics,1062,001,,538,83092,,,,,16,src_collected_ah_2025_group_admission
2025,AH,ordinary_undergraduate,physics,1063,004,,598,28024,,,,,1,src_collected_ah_2025_group_admission
2025,AH,ordinary_undergraduate,physics,1063,005,,608,21658,,,,,1,src_collected_ah_2025_group_admission
2025,AH,ordinary_undergraduate,physics,1063,006,,591,32872,,,,,4,src_collected_ah_2025_group_admission
2025,AH,ordinary_undergraduate,physics,1063,007,,523,101572,,,,,5,src_collected_ah_2025_group_admission
2025,AH,ordinary_undergraduate,physics,1063,008,,605,23300,,,,,3,src_collected_ah_2025_group_admission
2025,AH,ordinary_undergraduate,physics,1063,009,,590,33405,,,,,3,src_collected_ah_2025_group_admission
2025,AH,ordinary_undergraduate,physics,1064,006,,617,16593,,,,,13,src_collected_ah_2025_group_admission
2025,AH,ordinary_undergraduate,physics,1066,001,,566,54004,,,,,3,src_collected_ah_2025_group_admission
2025,AH,ordinary_undergraduate,physics,1066,002,,555,64645,,,,,5,src_collected_ah_2025_group_admission
2025,AH,ordinary_undergraduate,physics,1066,003,,513,116325,,,,,4,src_collected_ah_2025_group_admission
2025,AH,ordinary_undergraduate,physics,1066,004,,568,52205,,,,,5,src_collected_ah_2025_group_admission
2025,AH,ordinary_undergraduate,physics,1066,051,,484,158412,,,,,4,src_collected_ah_2025_group_admission
2025,AH,ordinary_undergraduate,physics,1067,001,,597,29062,,,,,10,src_collected_ah_2025_group_admission
2025,AH,ordinary_undergraduate,physics,1068,001,,601,26266,,,,,3,src_collected_ah_2025_group_admission
2025,AH,ordinary_undergraduate,physics,1068,002,,602,25673,,,,,27,src_collected_ah_2025_group_admission
2025,AH,ordinary_undergraduate,physics,1068,003,,583,39375,,,,,8,src_collected_ah_2025_group_admission
2025,AH,ordinary_undergraduate,physics,1070,002,,541,79759,,,,,3,src_collected_ah_2025_group_admission
2025,AH,ordinary_undergraduate,physics,1070,003,,543,77775,,,,,27,src_collected_ah_2025_group_admission
2025,AH,ordinary_undergraduate,physics,1071,004,,661,1976,,,,,10,src_collected_ah_2025_group_admission
2025,AH,ordinary_undergraduate,physics,1071,005,,650,3948,,,,,105,src_collected_ah_2025_group_admission
2025,AH,ordinary_undergraduate,physics,1071,006,,635,8562,,,,,31,src_collected_ah_2025_group_admission
2025,AH,ordinary_undergraduate,physics,1071,051,,624,13112,,,,,16,src_collected_ah_2025_group_admission
2025,AH,ordinary_undergraduate,physics,1072,004,,581,40387,,,,,17,src_collected_ah_2025_group_admission
2025,AH,ordinary_undergraduate,physics,1072,005,,515,112987,,,,,5,src_collected_ah_2025_group_admission
2025,AH,ordinary_undergraduate,physics,1072,006,,578,43049,,,,,4,src_collected_ah_2025_group_admission
2025,AH,ordinary_undergraduate,physics,1072,007,,597,28665,,,,,13,src_collected_ah_2025_group_admission
2025,AH,ordinary_undergraduate,physics,1072,008,,582,40019,,,,,2,src_collected_ah_2025_group_admission
2025,AH,ordinary_undergraduate,physics,1074,004,,613,18771,,,,,4,src_collected_ah_2025_group_admission
2025,AH,ordinary_undergraduate,physics,1074,005,,583,39056,,,,,51,src_collected_ah_2025_group_admission
2025,AH,ordinary_undergraduate,physics,1075,001,,540,81574,,,,,23,src_collected_ah_2025_group_admission
2025,AH,ordinary_undergraduate,physics,1075,002,,547,73478,,,,,21,src_collected_ah_2025_group_admission
2025,AH,ordinary_undergraduate,physics,1078,001,,508,123117,,,,,2,src_collected_ah_2025_group_admission
2025,AH,ordinary_undergraduate,physics,1078,002,,557,62998,,,,,8,src_collected_ah_2025_group_admission
2025,AH,ordinary_undergraduate,physics,1078,003,,524,101025,,,,,7,src_collected_ah_2025_group_admission
2025,AH,ordinary_undergraduate,physics,1078,004,,531,92167,,,,,8,src_collected_ah_2025_group_admission
2025,AH,ordinary_undergraduate,physics,1078,005,,533,89632,,,,,2,src_collected_ah_2025_group_admission
2025,AH,ordinary_undergraduate,physics,1078,006,,538,83174,,,,,5,src_collected_ah_2025_group_admission
2025,AH,ordinary_undergraduate,physics,1081,002,,505,127704,,,,,16,src_collected_ah_2025_group_admission
2025,AH,ordinary_undergraduate,physics,1081,003,,505,127064,,,,,3,src_collected_ah_2025_group_admission
2025,AH,ordinary_undergraduate,physics,1081,004,,504,129130,,,,,8,src_collected_ah_2025_group_admission
2025,AH,ordinary_undergraduate,physics,1081,005,,528,96312,,,,,10,src_collected_ah_2025_group_admission
2025,AH,ordinary_undergraduate,physics,1081,006,,549,71435,,,,,1,src_collected_ah_2025_group_admission
2025,AH,ordinary_undergraduate,physics,1081,007,,515,112294,,,,,19,src_collected_ah_2025_group_admission
2025,AH,ordinary_undergraduate,physics,1081,008,,536,86368,,,,,18,src_collected_ah_2025_group_admission
2025,AH,ordinary_undergraduate,physics,1081,009,,513,115588,,,,,13,src_collected_ah_2025_group_admission
2025,AH,ordinary_undergraduate,physics,1081,010,,494,143039,,,,,9,src_collected_ah_2025_group_admission
2025,AH,ordinary_undergraduate,physics,1083,001,,501,132893,,,,,4,src_collected_ah_2025_group_admission
2025,AH,ordinary_undergraduate,physics,1087,001,,489,150229,,,,,3,src_collected_ah_2025_group_admission
2025,AH,ordinary_undergraduate,physics,1087,002,,488,152069,,,,,21,src_collected_ah_2025_group_admission
2025,AH,ordinary_undergraduate,physics,1088,004,,595,30060,,,,,21,src_collected_ah_2025_group_admission
2025,AH,ordinary_undergraduate,physics,1088,005,,598,28407,,,,,158,src_collected_ah_2025_group_admission
2025,AH,ordinary_undergraduate,physics,1088,006,,583,38742,,,,,26,src_collected_ah_2025_group_admission
2025,AH,ordinary_undergraduate,physics,1090,001,,461,190393,,,,,26,src_collected_ah_2025_group_admission
2025,AH,ordinary_undergraduate,physics,1090,002,,461,190061,,,,,12,src_collected_ah_2025_group_admission
2025,AH,ordinary_undergraduate,physics,1091,001,,537,84310,,,,,2,src_collected_ah_2025_group_admission
2025,AH,ordinary_undergraduate,physics,1091,002,,540,81700,,,,,2,src_collected_ah_2025_group_admission
2025,AH,ordinary_undergraduate,physics,1091,003,,542,79468,,,,,4,src_collected_ah_2025_group_admission
2025,AH,ordinary_undergraduate,physics,1091,004,,540,81666,,,,,6,src_collected_ah_2025_group_admission
2025,AH,ordinary_undergraduate,physics,1091,005,,492,145612,,,,,3,src_collected_ah_2025_group_admission
2025,AH,ordinary_undergraduate,physics,1091,051,,517,110673,,,,,4,src_collected_ah_2025_group_admission
2025,AH,ordinary_undergraduate,physics,1091,052,,503,130610,,,,,4,src_collected_ah_2025_group_admission
2025,AH,ordinary_undergraduate,physics,1091,053,,508,122771,,,,,4,src_collected_ah_2025_group_admission
2025,AH,ordinary_undergraduate,physics,1091,054,,518,108770,,,,,5,src_collected_ah_2025_group_admission
2025,AH,ordinary_undergraduate,physics,1091,055,,519,107237,,,,,2,src_collected_ah_2025_group_admission
2025,AH,ordinary_undergraduate,physics,1091,056,,517,110238,,,,,4,src_collected_ah_2025_group_admission
2025,AH,ordinary_undergraduate,physics,1092,001,,466,184578,,,,,16,src_collected_ah_2025_group_admission
2025,AH,ordinary_undergraduate,physics,1094,001,,489,150189,,,,,12,src_collected_ah_2025_group_admission
2025,AH,ordinary_undergraduate,physics,1094,002,,494,142908,,,,,122,src_collected_ah_2025_group_admission
2025,AH,ordinary_undergraduate,physics,1094,003,,474,173121,,,,,33,src_collected_ah_2025_group_admission
2025,AH,ordinary_undergraduate,physics,1094,071,,467,182586,,,,,2,src_collected_ah_2025_group_admission
2025,AH,ordinary_undergraduate,physics,1095,002,,521,105140,,,,,23,src_collected_ah_2025_group_admission
2025,AH,ordinary_undergraduate,physics,1095,004,,516,111420,,,,,4,src_collected_ah_2025_group_admission
2025,AH,ordinary_undergraduate,physics,1095,005,,530,93251,,,,,71,src_collected_ah_2025_group_admission
2025,AH,ordinary_undergraduate,physics,1095,006,,534,87913,,,,,12,src_collected_ah_2025_group_admission
2025,AH,ordinary_undergraduate,physics,1096,001,,466,183979,,,,,3,src_collected_ah_2025_group_admission
2025,AH,ordinary_undergraduate,physics,1096,002,,461,190328,,,,,6,src_collected_ah_2025_group_admission
2025,AH,ordinary_undergraduate,physics,1097,001,,461,191324,,,,,7,src_collected_ah_2025_group_admission
2025,AH,ordinary_undergraduate,physics,1097,002,,461,191258,,,,,15,src_collected_ah_2025_group_admission
2025,AH,ordinary_undergraduate,physics,1099,001,,461,190791,,,,,25,src_collected_ah_2025_group_admission
2025,AH,ordinary_undergraduate,physics,1099,002,,462,189350,,,,,28,src_collected_ah_2025_group_admission
2025,AH,ordinary_undergraduate,physics,1100,003,,549,71304,,,,,4,src_collected_ah_2025_group_admission
2025,AH,ordinary_undergraduate,physics,1100,004,,586,36958,,,,,12,src_collected_ah_2025_group_admission
2025,AH,ordinary_undergraduate,physics,1100,005,,590,33564,,,,,30,src_collected_ah_2025_group_admission
2025,AH,ordinary_undergraduate,physics,1100,006,,513,116178,,,,,5,src_collected_ah_2025_group_admission
2025,AH,ordinary_undergraduate,physics,1100,051,,588,35425,,,,,9,src_collected_ah_2025_group_admission
2025,AH,ordinary_undergraduate,physics,1100,052,,592,32171,,,,,8,src_collected_ah_2025_group_admission
2025,AH,ordinary_undergraduate,physics,1100,053,,569,50955,,,,,8,src_collected_ah_2025_group_admission
2025,AH,ordinary_undergraduate,physics,1101,001,,488,151361,,,,,100,src_collected_ah_2025_group_admission
2025,AH,ordinary_undergraduate,physics,1102,001,,461,190287,,,,,6,src_collected_ah_2025_group_admission
2025,AH,ordinary_undergraduate,physics,1103,001,,522,103408,,,,,6,src_collected_ah_2025_group_admission
2025,AH,ordinary_undergraduate,physics,1103,002,,522,103127,,,,,9,src_collected_ah_2025_group_admission
2025,AH,ordinary_undergraduate,physics,1103,003,,504,128637,,,,,6,src_collected_ah_2025_group_admission
2025,AH,ordinary_undergraduate,physics,1103,004,,529,94269,,,,,2,src_collected_ah_2025_group_admission
2025,AH,ordinary_undergraduate,physics,1107,002,,488,152043,,,,,30,src_collected_ah_2025_group_admission
2025,AH,ordinary_undergraduate,physics,1107,003,,486,154522,,,,,9,src_collected_ah_2025_group_admission
2025,AH,ordinary_undergraduate,physics,1108,001,,505,127381,,,,,17,src_collected_ah_2025_group_admission
2025,AH,ordinary_undergraduate,physics,1108,002,,497,138930,,,,,6,src_collected_ah_2025_group_admission
2025,AH,ordinary_undergraduate,physics,1109,001,,535,86710,,,,,13,src_collected_ah_2025_group_admission
2025,AH,ordinary_undergraduate,physics,1109,002,,550,69581,,,,,92,src_collected_ah_2025_group_admission
2025,AH,ordinary_undergraduate,physics,1109,003,,590,33504,,,,,2,src_collected_ah_2025_group_admission
2025,AH,ordinary_undergraduate,physics,1109,004,,577,44283,,,,,2,src_collected_ah_2025_group_admission
2025,AH,ordinary_undergraduate,physics,1109,005,,577,43856,,,,,2,src_collected_ah_2025_group_admission
2025,AH,ordinary_undergraduate,physics,1109,006,,499,135726,,,,,10,src_collected_ah_2025_group_admission
2025,AH,ordinary_undergraduate,physics,1109,007,,528,95305,,,,,4,src_collected_ah_2025_group_admission
2025,AH,ordinary_undergraduate,physics,1111,001,,511,118265,,,,,4,src_collected_ah_2025_group_admission
2025,AH,ordinary_undergraduate,physics,1111,002,,507,124265,,,,,10,src_collected_ah_2025_group_admission
2025,AH,ordinary_undergraduate,physics,1111,003,,509,121050,,,,,3,src_collected_ah_2025_group_admission
2025,AH,ordinary_undergraduate,physics,1116,001,,565,54211,,,,,10,src_collected_ah_2025_group_admission
2025,AH,ordinary_undergraduate,physics,1116,002,,587,36157,,,,,116,src_collected_ah_2025_group_admission
2025,AH,ordinary_undergraduate,physics,1120,001,,518,108110,,,,,2,src_collected_ah_2025_group_admission
2025,AH,ordinary_undergraduate,physics,1123,002,,516,111854,,,,,7,src_collected_ah_2025_group_admission
2025,AH,ordinary_undergraduate,physics,1123,004,,533,89386,,,,,6,src_collected_ah_2025_group_admission
2025,AH,ordinary_undergraduate,physics,1123,006,,531,92475,,,,,2,src_collected_ah_2025_group_admission
2025,AH,ordinary_undergraduate,physics,1123,007,,519,107792,,,,,2,src_collected_ah_2025_group_admission
2025,AH,ordinary_undergraduate,physics,1124,001,,517,110381,,,,,9,src_collected_ah_2025_group_admission
2025,AH,ordinary_undergraduate,physics,1127,001,,496,140327,,,,,1,src_collected_ah_2025_group_admission
2025,AH,ordinary_undergraduate,physics,1127,002,,493,144082,,,,,11,src_collected_ah_2025_group_admission
2025,AH,ordinary_undergraduate,physics,1128,001,,542,79498,,,,,1,src_collected_ah_2025_group_admission
2025,AH,ordinary_undergraduate,physics,1128,002,,497,138335,,,,,10,src_collected_ah_2025_group_admission
2025,AH,ordinary_undergraduate,physics,1128,003,,542,79149,,,,,23,src_collected_ah_2025_group_admission
2025,AH,ordinary_undergraduate,physics,1128,004,,506,125634,,,,,4,src_collected_ah_2025_group_admission
2025,AH,ordinary_undergraduate,physics,1129,001,,465,185353,,,,,14,src_collected_ah_2025_group_admission
2025,AH,ordinary_undergraduate,physics,1130,001,,570,49709,,,,,4,src_collected_ah_2025_group_admission
2025,AH,ordinary_undergraduate,physics,1130,002,,575,45891,,,,,2,src_collected_ah_2025_group_admission
2025,AH,ordinary_undergraduate,physics,1130,003,,584,37851,,,,,59,src_collected_ah_2025_group_admission
2025,AH,ordinary_undergraduate,physics,1133,002,,539,82620,,,,,6,src_collected_ah_2025_group_admission
2025,AH,ordinary_undergraduate,physics,1137,001,,487,153645,,,,,2,src_collected_ah_2025_group_admission
2025,AH,ordinary_undergraduate,physics,1137,002,,490,148724,,,,,6,src_collected_ah_2025_group_admission
2025,AH,ordinary_undergraduate,physics,1138,001,,550,69837,,,,,18,src_collected_ah_2025_group_admission
2025,AH,ordinary_undergraduate,physics,1138,003,,546,74492,,,,,1,src_collected_ah_2025_group_admission
2025,AH,ordinary_undergraduate,physics,1138,004,,563,56097,,,,,66,src_collected_ah_2025_group_admission
2025,AH,ordinary_undergraduate,physics,1138,006,,582,39673,,,,,2,src_collected_ah_2025_group_admission
2025,AH,ordinary_undergraduate,physics,1138,007,,552,67649,,,,,2,src_collected_ah_2025_group_admission
2025,AH,ordinary_undergraduate,physics,1139,001,,485,157167,,,,,4,src_collected_ah_2025_group_admission
2025,AH,ordinary_undergraduate,physics,1139,002,,480,164109,,,,,27,src_collected_ah_2025_group_admission
2025,AH,ordinary_undergraduate,physics,1141,001,,548,71856,,,,,4,src_collected_ah_2025_group_admission
2025,AH,ordinary_undergraduate,physics,1141,002,,544,76335,,,,,4,src_collected_ah_2025_group_admission
2025,AH,ordinary_undergraduate,physics,1141,003,,548,72781,,,,,1,src_collected_ah_2025_group_admission
2025,AH,ordinary_undergraduate,physics,1141,004,,542,79497,,,,,3,src_collected_ah_2025_group_admission
2025,AH,ordinary_undergraduate,physics,1141,005,,527,96494,,,,,1,src_collected_ah_2025_group_admission
2025,AH,ordinary_undergraduate,physics,1143,001,,484,158209,,,,,21,src_collected_ah_2025_group_admission
2025,AH,ordinary_undergraduate,physics,1143,002,,482,160697,,,,,30,src_collected_ah_2025_group_admission
2025,AH,ordinary_undergraduate,physics,1144,001,,577,44385,,,,,5,src_collected_ah_2025_group_admission
2025,AH,ordinary_undergraduate,physics,1144,002,,584,37983,,,,,4,src_collected_ah_2025_group_admission
2025,AH,ordinary_undergraduate,physics,1144,003,,559,60523,,,,,2,src_collected_ah_2025_group_admission
2025,AH,ordinary_undergraduate,physics,1144,004,,602,25560,,,,,8,src_collected_ah_2025_group_admission
2025,AH,ordinary_undergraduate,physics,1144,005,,603,24639,,,,,4,src_collected_ah_2025_group_admission
2025,AH,ordinary_undergraduate,physics,1144,006,,601,26074,,,,,4,src_collected_ah_2025_group_admission
2025,AH,ordinary_undergraduate,physics,1144,007,,580,41804,,,,,21,src_collected_ah_2025_group_admission
2025,AH,ordinary_undergraduate,physics,1144,009,,594,30919,,,,,10,src_collected_ah_2025_group_admission
2025,AH,ordinary_undergraduate,physics,1144,010,,591,32938,,,,,11,src_collected_ah_2025_group_admission
2025,AH,ordinary_undergraduate,physics,1144,011,,593,31893,,,,,12,src_collected_ah_2025_group_admission
2025,AH,ordinary_undergraduate,physics,1144,012,,590,33505,,,,,4,src_collected_ah_2025_group_admission
2025,AH,ordinary_undergraduate,physics,1144,013,,576,45170,,,,,3,src_collected_ah_2025_group_admission
2025,AH,ordinary_undergraduate,physics,1144,014,,576,45268,,,,,3,src_collected_ah_2025_group_admission
2025,AH,ordinary_undergraduate,physics,1144,015,,545,75269,,,,,2,src_collected_ah_2025_group_admission
2025,AH,ordinary_undergraduate,physics,1146,001,,523,102325,,,,,2,src_collected_ah_2025_group_admission
2025,AH,ordinary_undergraduate,physics,1146,002,,544,76677,,,,,2,src_collected_ah_2025_group_admission
2025,AH,ordinary_undergraduate,physics,1146,003,,531,91570,,,,,2,src_collected_ah_2025_group_admission
2025,AH,ordinary_undergraduate,physics,1146,004,,522,103118,,,,,8,src_collected_ah_2025_group_admission
2025,AH,ordinary_undergraduate,physics,1146,005,,544,76644,,,,,2,src_collected_ah_2025_group_admission
2025,AH,ordinary_undergraduate,physics,1147,001,,532,91054,,,,,8,src_collected_ah_2025_group_admission
2025,AH,ordinary_undergraduate,physics,1147,002,,510,120420,,,,,4,src_collected_ah_2025_group_admission
2025,AH,ordinary_undergraduate,physics,1147,003,,512,116698,,,,,4,src_collected_ah_2025_group_admission
2025,AH,ordinary_undergraduate,physics,1148,001,,478,166678,,,,,11,src_collected_ah_2025_group_admission
2025,AH,ordinary_undergraduate,physics,1150,001,,574,46644,,,,,6,src_collected_ah_2025_group_admission
2025,AH,ordinary_undergraduate,physics,1150,002,,517,110251,,,,,2,src_collected_ah_2025_group_admission
2025,AH,ordinary_undergraduate,physics,1150,003,,596,29243,,,,,2,src_collected_ah_2025_group_admission
2025,AH,ordinary_undergraduate,physics,1150,004,,580,41543,,,,,101,src_collected_ah_2025_group_admission
2025,AH,ordinary_undergraduate,physics,1150,005,,591,33096,,,,,2,src_collected_ah_2025_group_admission
2025,AH,ordinary_undergraduate,physics,1151,001,,511,118619,,,,,12,src_collected_ah_2025_group_admission
2025,AH,ordinary_undergraduate,physics,1153,001,,471,177467,,,,,5,src_collected_ah_2025_group_admission
2025,AH,ordinary_undergraduate,physics,1153,002,,469,179355,,,,,5,src_collected_ah_2025_group_admission
2025,AH,ordinary_undergraduate,physics,1154,001,,601,25764,,,,,2,src_collected_ah_2025_group_admission
2025,AH,ordinary_undergraduate,physics,1154,002,,578,43430,,,,,14,src_collected_ah_2025_group_admission
2025,AH,ordinary_undergraduate,physics,1154,003,,575,45797,,,,,10,src_collected_ah_2025_group_admission
2025,AH,ordinary_undergraduate,physics,1154,004,,574,46261,,,,,8,src_collected_ah_2025_group_admission
2025,AH,ordinary_undergraduate,physics,1154,005,,548,72572,,,,,8,src_collected_ah_2025_group_admission
2025,AH,ordinary_undergraduate,physics,1156,001,,558,61411,,,,,4,src_collected_ah_2025_group_admission
2025,AH,ordinary_undergraduate,physics,1156,002,,540,81805,,,,,2,src_collected_ah_2025_group_admission
2025,AH,ordinary_undergraduate,physics,1156,003,,511,118651,,,,,6,src_collected_ah_2025_group_admission
2025,AH,ordinary_undergraduate,physics,1158,001,,489,150127,,,,,4,src_collected_ah_2025_group_admission
2025,AH,ordinary_undergraduate,physics,1158,002,,489,151242,,,,,13,src_collected_ah_2025_group_admission
2025,AH,ordinary_undergraduate,physics,1158,003,,491,147663,,,,,12,src_collected_ah_2025_group_admission
2025,AH,ordinary_undergraduate,physics,1159,001,,513,115408,,,,,4,src_collected_ah_2025_group_admission
2025,AH,ordinary_undergraduate,physics,1159,002,,470,178340,,,,,1,src_collected_ah_2025_group_admission
2025,AH,ordinary_undergraduate,physics,1159,003,,503,129591,,,,,5,src_collected_ah_2025_group_admission
2025,AH,ordinary_undergraduate,physics,1165,006,,653,3282,,,,,5,src_collected_ah_2025_group_admission
2025,AH,ordinary_undergraduate,physics,1165,007,,642,6206,,,,,175,src_collected_ah_2025_group_admission
2025,AH,ordinary_undergraduate,physics,1165,008,,636,8314,,,,,7,src_collected_ah_2025_group_admission
2025,AH,ordinary_undergraduate,physics,1167,001,,512,116956,,,,,2,src_collected_ah_2025_group_admission
2025,AH,ordinary_undergraduate,physics,1167,002,,524,100496,,,,,3,src_collected_ah_2025_group_admission
2025,AH,ordinary_undergraduate,physics,1167,003,,522,103746,,,,,3,src_collected_ah_2025_group_admission
2025,AH,ordinary_undergraduate,physics,1170,001,,508,122067,,,,,5,src_collected_ah_2025_group_admission
2025,AH,ordinary_undergraduate,physics,1171,001,,481,162938,,,,,23,src_collected_ah_2025_group_admission
2025,AH,ordinary_undergraduate,physics,1171,002,,479,164851,,,,,13,src_collected_ah_2025_group_admission
2025,AH,ordinary_undergraduate,physics,1172,001,,491,148126,,,,,17,src_collected_ah_2025_group_admission
2025,AH,ordinary_undergraduate,physics,1174,001,,537,84703,,,,,34,src_collected_ah_2025_group_admission
2025,AH,ordinary_undergraduate,physics,1174,003,,523,102120,,,,,6,src_collected_ah_2025_group_admission
2025,AH,ordinary_undergraduate,physics,1174,004,,552,67940,,,,,18,src_collected_ah_2025_group_admission
2025,AH,ordinary_undergraduate,physics,1174,005,,530,92705,,,,,2,src_collected_ah_2025_group_admission
2025,AH,ordinary_undergraduate,physics,1182,002,,486,154597,,,,,21,src_collected_ah_2025_group_admission
2025,AH,ordinary_undergraduate,physics,1186,002,,551,68684,,,,,6,src_collected_ah_2025_group_admission
2025,AH,ordinary_undergraduate,physics,1186,003,,574,46353,,,,,62,src_collected_ah_2025_group_admission
2025,AH,ordinary_undergraduate,physics,1186,004,,574,46394,,,,,5,src_collected_ah_2025_group_admission
2025,AH,ordinary_undergraduate,physics,1187,001,,533,89761,,,,,4,src_collected_ah_2025_group_admission
2025,AH,ordinary_undergraduate,physics,1187,002,,515,112738,,,,,5,src_collected_ah_2025_group_admission
2025,AH,ordinary_undergraduate,physics,1187,003,,542,78746,,,,,27,src_collected_ah_2025_group_admission
2025,AH,ordinary_undergraduate,physics,1187,004,,535,86686,,,,,4,src_collected_ah_2025_group_admission
2025,AH,ordinary_undergraduate,physics,1187,005,,542,79348,,,,,5,src_collected_ah_2025_group_admission
2025,AH,ordinary_undergraduate,physics,1189,001,,557,62810,,,,,6,src_collected_ah_2025_group_admission
2025,AH,ordinary_undergraduate,physics,1189,002,,579,42276,,,,,70,src_collected_ah_2025_group_admission
2025,AH,ordinary_undergraduate,physics,1189,003,,554,65437,,,,,15,src_collected_ah_2025_group_admission
2025,AH,ordinary_undergraduate,physics,1194,001,,477,167658,,,,,5,src_collected_ah_2025_group_admission
2025,AH,ordinary_undergraduate,physics,1194,002,,482,160933,,,,,20,src_collected_ah_2025_group_admission
2025,AH,ordinary_undergraduate,physics,1195,001,,493,144868,,,,,3,src_collected_ah_2025_group_admission
2025,AH,ordinary_undergraduate,physics,1195,002,,521,104465,,,,,27,src_collected_ah_2025_group_admission
2025,AH,ordinary_undergraduate,physics,1199,001,,549,71103,,,,,9,src_collected_ah_2025_group_admission
2025,AH,ordinary_undergraduate,physics,1199,002,,571,48803,,,,,14,src_collected_ah_2025_group_admission
2025,AH,ordinary_undergraduate,physics,1199,003,,563,56867,,,,,10,src_collected_ah_2025_group_admission
2025,AH,ordinary_undergraduate,physics,1202,001,,479,165481,,,,,14,src_collected_ah_2025_group_admission
2025,AH,ordinary_undergraduate,physics,1203,001,,515,112672,,,,,7,src_collected_ah_2025_group_admission
2025,AH,ordinary_undergraduate,physics,1203,002,,518,109355,,,,,35,src_collected_ah_2025_group_admission
2025,AH,ordinary_undergraduate,physics,1203,003,,484,157836,,,,,13,src_collected_ah_2025_group_admission
2025,AH,ordinary_undergraduate,physics,1206,001,,605,23803,,,,,14,src_collected_ah_2025_group_admission
2025,AH,ordinary_undergraduate,physics,1206,002,,574,46916,,,,,9,src_collected_ah_2025_group_admission
2025,AH,ordinary_undergraduate,physics,1206,003,,554,66165,,,,,5,src_collected_ah_2025_group_admission
2025,AH,ordinary_undergraduate,physics,1206,004,,562,57642,,,,,3,src_collected_ah_2025_group_admission
2025,AH,ordinary_undergraduate,physics,1206,005,,585,37165,,,,,5,src_collected_ah_2025_group_admission
2025,AH,ordinary_undergraduate,physics,1208,001,,491,148264,,,,,3,src_collected_ah_2025_group_admission
2025,AH,ordinary_undergraduate,physics,1208,002,,485,157022,,,,,40,src_collected_ah_2025_group_admission
2025,AH,ordinary_undergraduate,physics,1210,001,,597,28539,,,,,2,src_collected_ah_2025_group_admission
2025,AH,ordinary_undergraduate,physics,1210,002,,601,26083,,,,,2,src_collected_ah_2025_group_admission
2025,AH,ordinary_undergraduate,physics,1210,003,,599,27635,,,,,111,src_collected_ah_2025_group_admission
2025,AH,ordinary_undergraduate,physics,1210,004,,605,23325,,,,,15,src_collected_ah_2025_group_admission
2025,AH,ordinary_undergraduate,physics,1210,005,,587,35885,,,,,28,src_collected_ah_2025_group_admission
2025,AH,ordinary_undergraduate,physics,1213,001,,540,80769,,,,,8,src_collected_ah_2025_group_admission
2025,AH,ordinary_undergraduate,physics,1213,002,,533,89486,,,,,5,src_collected_ah_2025_group_admission
2025,AH,ordinary_undergraduate,physics,1213,003,,525,99661,,,,,3,src_collected_ah_2025_group_admission
2025,AH,ordinary_undergraduate,physics,1214,001,,487,152919,,,,,7,src_collected_ah_2025_group_admission
2025,AH,ordinary_undergraduate,physics,1214,002,,495,141296,,,,,2,src_collected_ah_2025_group_admission
2025,AH,ordinary_undergraduate,physics,1216,001,,511,117971,,,,,2,src_collected_ah_2025_group_admission
2025,AH,ordinary_undergraduate,physics,1216,002,,559,60890,,,,,5,src_collected_ah_2025_group_admission
2025,AH,ordinary_undergraduate,physics,1216,003,,518,109118,,,,,3,src_collected_ah_2025_group_admission
2025,AH,ordinary_undergraduate,physics,1217,001,,558,61212,,,,,7,src_collected_ah_2025_group_admission
2025,AH,ordinary_undergraduate,physics,1219,001,,472,175049,,,,,30,src_collected_ah_2025_group_admission
2025,AH,ordinary_undergraduate,physics,1220,002,,528,96208,,,,,8,src_collected_ah_2025_group_admission
2025,AH,ordinary_undergraduate,physics,1220,003,,540,80999,,,,,40,src_collected_ah_2025_group_admission
2025,AH,ordinary_undergraduate,physics,1220,051,,527,97414,,,,,26,src_collected_ah_2025_group_admission
2025,AH,ordinary_undergraduate,physics,1220,052,,549,71292,,,,,4,src_collected_ah_2025_group_admission
2025,AH,ordinary_undergraduate,physics,1221,001,,461,190731,,,,,5,src_collected_ah_2025_group_admission
2025,AH,ordinary_undergraduate,physics,1221,002,,461,190244,,,,,7,src_collected_ah_2025_group_admission
2025,AH,ordinary_undergraduate,physics,1221,003,,461,191098,,,,,35,src_collected_ah_2025_group_admission
2025,AH,ordinary_undergraduate,physics,1223,001,,553,66781,,,,,2,src_collected_ah_2025_group_admission
2025,AH,ordinary_undergraduate,physics,1223,002,,523,101502,,,,,6,src_collected_ah_2025_group_admission
2025,AH,ordinary_undergraduate,physics,1223,003,,531,91399,,,,,2,src_collected_ah_2025_group_admission
2025,AH,ordinary_undergraduate,physics,1223,004,,521,104069,,,,,2,src_collected_ah_2025_group_admission
2025,AH,ordinary_undergraduate,physics,1223,005,,542,79210,,,,,43,src_collected_ah_2025_group_admission
2025,AH,ordinary_undergraduate,physics,1223,006,,531,91546,,,,,9,src_collected_ah_2025_group_admission
2025,AH,ordinary_undergraduate,physics,1224,006,,595,30021,,,,,16,src_collected_ah_2025_group_admission
2025,AH,ordinary_undergraduate,physics,1224,007,,587,35755,,,,,3,src_collected_ah_2025_group_admission
2025,AH,ordinary_undergraduate,physics,1224,008,,602,25450,,,,,75,src_collected_ah_2025_group_admission
2025,AH,ordinary_undergraduate,physics,1224,009,,558,61577,,,,,14,src_collected_ah_2025_group_admission
2025,AH,ordinary_undergraduate,physics,1225,002,,514,114383,,,,,4,src_collected_ah_2025_group_admission
2025,AH,ordinary_undergraduate,physics,1225,003,,519,107328,,,,,19,src_collected_ah_2025_group_admission
2025,AH,ordinary_undergraduate,physics,1225,004,,527,96509,,,,,4,src_collected_ah_2025_group_admission
2025,AH,ordinary_undergraduate,physics,1225,005,,513,114936,,,,,26,src_collected_ah_2025_group_admission
2025,AH,ordinary_undergraduate,physics,1225,006,,520,105770,,,,,6,src_collected_ah_2025_group_admission
2025,AH,ordinary_undergraduate,physics,1227,002,,562,57729,,,,,8,src_collected_ah_2025_group_admission
2025,AH,ordinary_undergraduate,physics,1227,003,,559,60289,,,,,90,src_collected_ah_2025_group_admission
2025,AH,ordinary_undergraduate,physics,1228,001,,469,179698,,,,,35,src_collected_ah_2025_group_admission
2025,AH,ordinary_undergraduate,physics,1229,003,,652,3603,,,,,101,src_collected_ah_2025_group_admission
2025,AH,ordinary_undergraduate,physics,1229,004,,636,8351,,,,,10,src_collected_ah_2025_group_admission
2025,AH,ordinary_undergraduate,physics,1229,051,,632,9848,,,,,14,src_collected_ah_2025_group_admission
2025,AH,ordinary_undergraduate,physics,1229,052,,641,6648,,,,,4,src_collected_ah_2025_group_admission
2025,AH,ordinary_undergraduate,physics,1230,001,,625,12731,,,,,6,src_collected_ah_2025_group_admission
2025,AH,ordinary_undergraduate,physics,1230,002,,627,11679,,,,,45,src_collected_ah_2025_group_admission
2025,AH,ordinary_undergraduate,physics,1230,003,,586,36630,,,,,30,src_collected_ah_2025_group_admission
2025,AH,ordinary_undergraduate,physics,1231,003,,523,102497,,,,,9,src_collected_ah_2025_group_admission
2025,AH,ordinary_undergraduate,physics,1231,004,,544,76242,,,,,24,src_collected_ah_2025_group_admission
2025,AH,ordinary_undergraduate,physics,1233,001,,527,97402,,,,,23,src_collected_ah_2025_group_admission
2025,AH,ordinary_undergraduate,physics,1233,002,,547,73474,,,,,7,src_collected_ah_2025_group_admission
2025,AH,ordinary_undergraduate,physics,1233,003,,518,108787,,,,,1,src_collected_ah_2025_group_admission
2025,AH,ordinary_undergraduate,physics,1233,004,,527,97550,,,,,1,src_collected_ah_2025_group_admission
2025,AH,ordinary_undergraduate,physics,1234,002,,595,30214,,,,,1,src_collected_ah_2025_group_admission
2025,AH,ordinary_undergraduate,physics,1234,003,,626,12502,,,,,2,src_collected_ah_2025_group_admission
2025,AH,ordinary_undergraduate,physics,1234,004,,571,49505,,,,,16,src_collected_ah_2025_group_admission
2025,AH,ordinary_undergraduate,physics,1234,005,,539,81933,,,,,9,src_collected_ah_2025_group_admission
2025,AH,ordinary_undergraduate,physics,1234,006,,580,41485,,,,,4,src_collected_ah_2025_group_admission
2025,AH,ordinary_undergraduate,physics,1235,001,,463,188313,,,,,1,src_collected_ah_2025_group_admission
2025,AH,ordinary_undergraduate,physics,1235,002,,463,188123,,,,,2,src_collected_ah_2025_group_admission
2025,AH,ordinary_undergraduate,physics,1238,001,,497,138752,,,,,2,src_collected_ah_2025_group_admission
2025,AH,ordinary_undergraduate,physics,1238,002,,488,152761,,,,,7,src_collected_ah_2025_group_admission
2025,AH,ordinary_undergraduate,physics,1238,003,,488,151810,,,,,4,src_collected_ah_2025_group_admission
2025,AH,ordinary_undergraduate,physics,1238,004,,491,147864,,,,,11,src_collected_ah_2025_group_admission
2025,AH,ordinary_undergraduate,physics,1238,005,,491,148170,,,,,8,src_collected_ah_2025_group_admission
2025,AH,ordinary_undergraduate,physics,1238,006,,490,148932,,,,,32,src_collected_ah_2025_group_admission
2025,AH,ordinary_undergraduate,physics,1248,001,,508,122103,,,,,7,src_collected_ah_2025_group_admission
2025,AH,ordinary_undergraduate,physics,1248,002,,498,137764,,,,,10,src_collected_ah_2025_group_admission
2025,AH,ordinary_undergraduate,physics,1250,001,,475,171342,,,,,2,src_collected_ah_2025_group_admission
2025,AH,ordinary_undergraduate,physics,1250,002,,482,161564,,,,,2,src_collected_ah_2025_group_admission
2025,AH,ordinary_undergraduate,physics,1251,003,,661,1984,,,,,42,src_collected_ah_2025_group_admission
2025,AH,ordinary_undergraduate,physics,1251,004,,651,3901,,,,,155,src_collected_ah_2025_group_admission
2025,AH,ordinary_undergraduate,physics,1252,001,,654,3105,,,,,24,src_collected_ah_2025_group_admission
2025,AH,ordinary_undergraduate,physics,1252,002,,636,8376,,,,,13,src_collected_ah_2025_group_admission
2025,AH,ordinary_undergraduate,physics,1252,003,,644,5570,,,,,30,src_collected_ah_2025_group_admission
2025,AH,ordinary_undergraduate,physics,1252,051,,635,8607,,,,,15,src_collected_ah_2025_group_admission
2025,AH,ordinary_undergraduate,physics,1253,002,,594,30618,,,,,13,src_collected_ah_2025_group_admission
2025,AH,ordinary_undergraduate,physics,1253,003,,591,32973,,,,,6,src_collected_ah_2025_group_admission
2025,AH,ordinary_undergraduate,physics,1253,004,,577,44050,,,,,3,src_collected_ah_2025_group_admission
2025,AH,ordinary_undergraduate,physics,1253,005,,595,29858,,,,,8,src_collected_ah_2025_group_admission
2025,AH,ordinary_undergraduate,physics,1253,051,,577,44309,,,,,3,src_collected_ah_2025_group_admission
2025,AH,ordinary_undergraduate,physics,1253,052,,568,52345,,,,,2,src_collected_ah_2025_group_admission
2025,AH,ordinary_undergraduate,physics,1253,053,,574,46729,,,,,4,src_collected_ah_2025_group_admission
2025,AH,ordinary_undergraduate,physics,1254,004,,624,13022,,,,,16,src_collected_ah_2025_group_admission
2025,AH,ordinary_undergraduate,physics,1254,005,,634,8907,,,,,106,src_collected_ah_2025_group_admission
2025,AH,ordinary_undergraduate,physics,1254,006,,615,17749,,,,,18,src_collected_ah_2025_group_admission
2025,AH,ordinary_undergraduate,physics,1255,001,,612,19111,,,,,21,src_collected_ah_2025_group_admission
2025,AH,ordinary_undergraduate,physics,1255,002,,632,9614,,,,,101,src_collected_ah_2025_group_admission
2025,AH,ordinary_undergraduate,physics,1255,003,,616,17343,,,,,43,src_collected_ah_2025_group_admission
2025,AH,ordinary_undergraduate,physics,1256,002,,546,74166,,,,,9,src_collected_ah_2025_group_admission
2025,AH,ordinary_undergraduate,physics,1256,003,,542,78552,,,,,4,src_collected_ah_2025_group_admission
2025,AH,ordinary_undergraduate,physics,1256,004,,606,22941,,,,,25,src_collected_ah_2025_group_admission
2025,AH,ordinary_undergraduate,physics,1256,005,,580,41319,,,,,53,src_collected_ah_2025_group_admission
2025,AH,ordinary_undergraduate,physics,1256,006,,563,56293,,,,,24,src_collected_ah_2025_group_admission
2025,AH,ordinary_undergraduate,physics,1256,007,,585,37229,,,,,4,src_collected_ah_2025_group_admission
2025,AH,ordinary_undergraduate,physics,1256,008,,579,42087,,,,,3,src_collected_ah_2025_group_admission
2025,AH,ordinary_undergraduate,physics,1256,009,,573,47576,,,,,4,src_collected_ah_2025_group_admission
2025,AH,ordinary_undergraduate,physics,1256,010,,603,25017,,,,,5,src_collected_ah_2025_group_admission
2025,AH,ordinary_undergraduate,physics,1256,051,,524,100988,,,,,5,src_collected_ah_2025_group_admission
2025,AH,ordinary_undergraduate,physics,1257,003,,586,36702,,,,,14,src_collected_ah_2025_group_admission
2025,AH,ordinary_undergraduate,physics,1257,004,,592,32315,,,,,92,src_collected_ah_2025_group_admission
2025,AH,ordinary_undergraduate,physics,1257,005,,582,39756,,,,,22,src_collected_ah_2025_group_admission
2025,AH,ordinary_undergraduate,physics,1257,006,,585,37483,,,,,4,src_collected_ah_2025_group_admission
2025,AH,ordinary_undergraduate,physics,1258,002,,587,35873,,,,,4,src_collected_ah_2025_group_admission
2025,AH,ordinary_undergraduate,physics,1258,003,,577,43784,,,,,3,src_collected_ah_2025_group_admission
2025,AH,ordinary_undergraduate,physics,1258,004,,581,40982,,,,,56,src_collected_ah_2025_group_admission
2025,AH,ordinary_undergraduate,physics,1258,005,,563,56995,,,,,2,src_collected_ah_2025_group_admission
2025,AH,ordinary_undergraduate,physics,1258,006,,570,50451,,,,,2,src_collected_ah_2025_group_admission
2025,AH,ordinary_undergraduate,physics,1259,007,,557,62885,,,,,2,src_collected_ah_2025_group_admission
2025,AH,ordinary_undergraduate,physics,1259,008,,602,25394,,,,,19,src_collected_ah_2025_group_admission
2025,AH,ordinary_undergraduate,physics,1259,009,,632,9906,,,,,3,src_collected_ah_2025_group_admission
2025,AH,ordinary_undergraduate,physics,1259,051,,600,26494,,,,,2,src_collected_ah_2025_group_admission
2025,AH,ordinary_undergraduate,physics,1259,052,,582,40016,,,,,3,src_collected_ah_2025_group_admission
2025,AH,ordinary_undergraduate,physics,1259,053,,564,55539,,,,,3,src_collected_ah_2025_group_admission
2025,AH,ordinary_undergraduate,physics,1260,001,,534,88411,,,,,8,src_collected_ah_2025_group_admission
2025,AH,ordinary_undergraduate,physics,1260,002,,541,80076,,,,,92,src_collected_ah_2025_group_admission
2025,AH,ordinary_undergraduate,physics,1260,003,,525,99899,,,,,6,src_collected_ah_2025_group_admission
2025,AH,ordinary_undergraduate,physics,1261,001,,561,58544,,,,,9,src_collected_ah_2025_group_admission
2025,AH,ordinary_undergraduate,physics,1263,004,,621,14712,,,,,88,src_collected_ah_2025_group_admission
2025,AH,ordinary_undergraduate,physics,1263,005,,616,17337,,,,,39,src_collected_ah_2025_group_admission
2025,AH,ordinary_undergraduate,physics,1264,002,,510,119928,,,,,16,src_collected_ah_2025_group_admission
2025,AH,ordinary_undergraduate,physics,1264,003,,531,92316,,,,,204,src_collected_ah_2025_group_admission
2025,AH,ordinary_undergraduate,physics,1265,004,,663,1605,,,,,121,src_collected_ah_2025_group_admission
2025,AH,ordinary_undergraduate,physics,1266,001,,645,5241,,,,,93,src_collected_ah_2025_group_admission
2025,AH,ordinary_undergraduate,physics,1270,003,,630,10542,,,,,29,src_collected_ah_2025_group_admission
2025,AH,ordinary_undergraduate,physics,1270,004,,636,8193,,,,,6,src_collected_ah_2025_group_admission
2025,AH,ordinary_undergraduate,physics,1273,005,,505,126779,,,,,11,src_collected_ah_2025_group_admission
2025,AH,ordinary_undergraduate,physics,1273,006,,520,105873,,,,,5,src_collected_ah_2025_group_admission
2025,AH,ordinary_undergraduate,physics,1273,007,,511,118330,,,,,6,src_collected_ah_2025_group_admission
2025,AH,ordinary_undergraduate,physics,1273,008,,518,108169,,,,,28,src_collected_ah_2025_group_admission
2025,AH,ordinary_undergraduate,physics,1273,009,,503,130050,,,,,29,src_collected_ah_2025_group_admission
2025,AH,ordinary_undergraduate,physics,1273,010,,514,114222,,,,,20,src_collected_ah_2025_group_admission
2025,AH,ordinary_undergraduate,physics,1273,011,,519,107980,,,,,8,src_collected_ah_2025_group_admission
2025,AH,ordinary_undergraduate,physics,1274,001,,517,109841,,,,,5,src_collected_ah_2025_group_admission
2025,AH,ordinary_undergraduate,physics,1274,002,,547,73636,,,,,2,src_collected_ah_2025_group_admission
2025,AH,ordinary_undergraduate,physics,1274,003,,522,103037,,,,,27,src_collected_ah_2025_group_admission
2025,AH,ordinary_undergraduate,physics,1278,001,,496,139855,,,,,7,src_collected_ah_2025_group_admission
2025,AH,ordinary_undergraduate,physics,1278,002,,502,130962,,,,,19,src_collected_ah_2025_group_admission
2025,AH,ordinary_undergraduate,physics,1279,001,,506,126032,,,,,35,src_collected_ah_2025_group_admission
2025,AH,ordinary_undergraduate,physics,1279,002,,516,111500,,,,,6,src_collected_ah_2025_group_admission
2025,AH,ordinary_undergraduate,physics,1280,001,,516,110958,,,,,16,src_collected_ah_2025_group_admission
2025,AH,ordinary_undergraduate,physics,1280,002,,522,103757,,,,,7,src_collected_ah_2025_group_admission
2025,AH,ordinary_undergraduate,physics,1281,001,,527,97507,,,,,53,src_collected_ah_2025_group_admission
2025,AH,ordinary_undergraduate,physics,1281,002,,542,79557,,,,,67,src_collected_ah_2025_group_admission
2025,AH,ordinary_undergraduate,physics,1281,003,,517,109469,,,,,12,src_collected_ah_2025_group_admission
2025,AH,ordinary_undergraduate,physics,1283,002,,540,81622,,,,,9,src_collected_ah_2025_group_admission
2025,AH,ordinary_undergraduate,physics,1283,003,,529,94899,,,,,103,src_collected_ah_2025_group_admission
2025,AH,ordinary_undergraduate,physics,1283,004,,562,57232,,,,,1,src_collected_ah_2025_group_admission
2025,AH,ordinary_undergraduate,physics,1283,005,,512,116472,,,,,5,src_collected_ah_2025_group_admission
2025,AH,ordinary_undergraduate,physics,1283,006,,542,79392,,,,,3,src_collected_ah_2025_group_admission
2025,AH,ordinary_undergraduate,physics,1285,001,,504,128045,,,,,24,src_collected_ah_2025_group_admission
2025,AH,ordinary_undergraduate,physics,1285,002,,514,113925,,,,,5,src_collected_ah_2025_group_admission
2025,AH,ordinary_undergraduate,physics,1285,071,,436,222331,,,,,1,src_collected_ah_2025_group_admission
2025,AH,ordinary_undergraduate,physics,1286,002,,573,47289,,,,,34,src_collected_ah_2025_group_admission
2025,AH,ordinary_undergraduate,physics,1290,001,,538,83274,,,,,4,src_collected_ah_2025_group_admission
2025,AH,ordinary_undergraduate,physics,1290,002,,533,89569,,,,,7,src_collected_ah_2025_group_admission
2025,AH,ordinary_undergraduate,physics,1290,003,,549,71336,,,,,22,src_collected_ah_2025_group_admission
2025,AH,ordinary_undergraduate,physics,1292,001,,522,103930,,,,,2,src_collected_ah_2025_group_admission
2025,AH,ordinary_undergraduate,physics,1292,002,,543,77867,,,,,10,src_collected_ah_2025_group_admission
2025,AH,ordinary_undergraduate,physics,1292,003,,541,80073,,,,,12,src_collected_ah_2025_group_admission
2025,AH,ordinary_undergraduate,physics,1293,002,,609,20944,,,,,4,src_collected_ah_2025_group_admission
2025,AH,ordinary_undergraduate,physics,1293,003,,590,33884,,,,,9,src_collected_ah_2025_group_admission
2025,AH,ordinary_undergraduate,physics,1293,004,,621,14647,,,,,20,src_collected_ah_2025_group_admission
2025,AH,ordinary_undergraduate,physics,1293,005,,604,24239,,,,,15,src_collected_ah_2025_group_admission
2025,AH,ordinary_undergraduate,physics,1293,006,,605,23475,,,,,12,src_collected_ah_2025_group_admission
2025,AH,ordinary_undergraduate,physics,1293,051,,596,29291,,,,,11,src_collected_ah_2025_group_admission
2025,AH,ordinary_undergraduate,physics,1294,001,,461,190936,,,,,9,src_collected_ah_2025_group_admission
2025,AH,ordinary_undergraduate,physics,1296,001,,463,187374,,,,,2,src_collected_ah_2025_group_admission
2025,AH,ordinary_undergraduate,physics,1296,002,,461,190722,,,,,5,src_collected_ah_2025_group_admission
2025,AH,ordinary_undergraduate,physics,1296,003,,463,188169,,,,,5,src_collected_ah_2025_group_admission
2025,AH,ordinary_undergraduate,physics,1296,004,,461,191159,,,,,7,src_collected_ah_2025_group_admission
2025,AH,ordinary_undergraduate,physics,1298,001,,461,190532,,,,,8,src_collected_ah_2025_group_admission
2025,AH,ordinary_undergraduate,physics,1298,002,,464,187070,,,,,3,src_collected_ah_2025_group_admission
2025,AH,ordinary_undergraduate,physics,1304,004,,679,330,,,,,52,src_collected_ah_2025_group_admission
2025,AH,ordinary_undergraduate,physics,1305,004,,680,312,,,,,3,src_collected_ah_2025_group_admission
2025,AH,ordinary_undergraduate,physics,1305,005,,658,2322,,,,,29,src_collected_ah_2025_group_admission
2025,AH,ordinary_undergraduate,physics,1309,001,,488,151966,,,,,5,src_collected_ah_2025_group_admission
2025,AH,ordinary_undergraduate,physics,1310,001,,491,148352,,,,,2,src_collected_ah_2025_group_admission
2025,AH,ordinary_undergraduate,physics,1311,001,,508,122110,,,,,44,src_collected_ah_2025_group_admission
2025,AH,ordinary_undergraduate,physics,1313,001,,540,81849,,,,,6,src_collected_ah_2025_group_admission
2025,AH,ordinary_undergraduate,physics,1313,002,,492,145947,,,,,6,src_collected_ah_2025_group_admission
2025,AH,ordinary_undergraduate,physics,1314,001,,558,61558,,,,,6,src_collected_ah_2025_group_admission
2025,AH,ordinary_undergraduate,physics,1314,002,,543,77881,,,,,1,src_collected_ah_2025_group_admission
2025,AH,ordinary_undergraduate,physics,1314,003,,539,82046,,,,,5,src_collected_ah_2025_group_admission
2025,AH,ordinary_undergraduate,physics,1315,001,,527,96572,,,,,6,src_collected_ah_2025_group_admission
2025,AH,ordinary_undergraduate,physics,1315,002,,508,121931,,,,,6,src_collected_ah_2025_group_admission
2025,AH,ordinary_undergraduate,physics,1315,003,,507,124824,,,,,2,src_collected_ah_2025_group_admission
2025,AH,ordinary_undergraduate,physics,1315,004,,504,128731,,,,,2,src_collected_ah_2025_group_admission
2025,AH,ordinary_undergraduate,physics,1315,005,,515,113265,,,,,1,src_collected_ah_2025_group_admission
2025,AH,ordinary_undergraduate,physics,1316,001,,509,121421,,,,,4,src_collected_ah_2025_group_admission
2025,AH,ordinary_undergraduate,physics,1316,002,,509,120906,,,,,12,src_collected_ah_2025_group_admission
2025,AH,ordinary_undergraduate,physics,1317,001,,510,119887,,,,,4,src_collected_ah_2025_group_admission
2025,AH,ordinary_undergraduate,physics,1317,002,,507,124084,,,,,20,src_collected_ah_2025_group_admission
2025,AH,ordinary_undergraduate,physics,1318,001,,516,110982,,,,,4,src_collected_ah_2025_group_admission
2025,AH,ordinary_undergraduate,physics,1318,002,,512,116405,,,,,9,src_collected_ah_2025_group_admission
2025,AH,ordinary_undergraduate,physics,1318,003,,517,110515,,,,,6,src_collected_ah_2025_group_admission
2025,AH,ordinary_undergraduate,physics,1318,004,,525,99318,,,,,10,src_collected_ah_2025_group_admission
2025,AH,ordinary_undergraduate,physics,1318,005,,531,92327,,,,,8,src_collected_ah_2025_group_admission
2025,AH,ordinary_undergraduate,physics,1318,006,,514,113979,,,,,18,src_collected_ah_2025_group_admission
2025,AH,ordinary_undergraduate,physics,1318,007,,510,119395,,,,,8,src_collected_ah_2025_group_admission
2025,AH,ordinary_undergraduate,physics,1318,008,,523,102498,,,,,6,src_collected_ah_2025_group_admission
2025,AH,ordinary_undergraduate,physics,1320,001,,513,115472,,,,,11,src_collected_ah_2025_group_admission
2025,AH,ordinary_undergraduate,physics,1320,002,,516,111002,,,,,109,src_collected_ah_2025_group_admission
2025,AH,ordinary_undergraduate,physics,1320,003,,511,117776,,,,,15,src_collected_ah_2025_group_admission
2025,AH,ordinary_undergraduate,physics,1324,001,,463,187596,,,,,8,src_collected_ah_2025_group_admission
2025,AH,ordinary_undergraduate,physics,1324,003,,461,190944,,,,,18,src_collected_ah_2025_group_admission
2025,AH,ordinary_undergraduate,physics,1326,001,,567,52811,,,,,7,src_collected_ah_2025_group_admission
2025,AH,ordinary_undergraduate,physics,1326,002,,533,88967,,,,,2,src_collected_ah_2025_group_admission
2025,AH,ordinary_undergraduate,physics,1329,001,,533,90029,,,,,5,src_collected_ah_2025_group_admission
2025,AH,ordinary_undergraduate,physics,1329,002,,524,100189,,,,,6,src_collected_ah_2025_group_admission
2025,AH,ordinary_undergraduate,physics,1329,003,,516,111987,,,,,6,src_collected_ah_2025_group_admission
2025,AH,ordinary_undergraduate,physics,1330,001,,461,190776,,,,,19,src_collected_ah_2025_group_admission
2025,AH,ordinary_undergraduate,physics,1333,001,,473,174642,,,,,5,src_collected_ah_2025_group_admission
2025,AH,ordinary_undergraduate,physics,1334,004,,583,39293,,,,,13,src_collected_ah_2025_group_admission
2025,AH,ordinary_undergraduate,physics,1334,007,,564,55761,,,,,2,src_collected_ah_2025_group_admission
2025,AH,ordinary_undergraduate,physics,1334,008,,601,25803,,,,,52,src_collected_ah_2025_group_admission
2025,AH,ordinary_undergraduate,physics,1335,003,,524,100484,,,,,12,src_collected_ah_2025_group_admission
2025,AH,ordinary_undergraduate,physics,1335,004,,539,82098,,,,,6,src_collected_ah_2025_group_admission
2025,AH,ordinary_undergraduate,physics,1335,005,,551,69028,,,,,4,src_collected_ah_2025_group_admission
2025,AH,ordinary_undergraduate,physics,1335,006,,552,67363,,,,,1,src_collected_ah_2025_group_admission
2025,AH,ordinary_undergraduate,physics,1335,007,,528,95152,,,,,7,src_collected_ah_2025_group_admission
2025,AH,ordinary_undergraduate,physics,1338,001,,530,92807,,,,,4,src_collected_ah_2025_group_admission
2025,AH,ordinary_undergraduate,physics,1341,001,,544,76460,,,,,4,src_collected_ah_2025_group_admission
2025,AH,ordinary_undergraduate,physics,1341,002,,540,81334,,,,,5,src_collected_ah_2025_group_admission
2025,AH,ordinary_undergraduate,physics,1341,003,,570,50581,,,,,1,src_collected_ah_2025_group_admission
2025,AH,ordinary_undergraduate,physics,1343,001,,473,173578,,,,,12,src_collected_ah_2025_group_admission
2025,AH,ordinary_undergraduate,physics,1350,001,,461,190826,,,,,7,src_collected_ah_2025_group_admission
2025,AH,ordinary_undergraduate,physics,1351,001,,511,117900,,,,,1,src_collected_ah_2025_group_admission
2025,AH,ordinary_undergraduate,physics,1352,001,,518,108734,,,,,2,src_collected_ah_2025_group_admission
2025,AH,ordinary_undergraduate,physics,1352,002,,520,105999,,,,,11,src_collected_ah_2025_group_admission
2025,AH,ordinary_undergraduate,physics,1352,003,,517,110675,,,,,10,src_collected_ah_2025_group_admission
2025,AH,ordinary_undergraduate,physics,1352,004,,519,107840,,,,,6,src_collected_ah_2025_group_admission
2025,AH,ordinary_undergraduate,physics,1352,051,,522,103743,,,,,8,src_collected_ah_2025_group_admission
2025,AH,ordinary_undergraduate,physics,1357,001,,561,58608,,,,,17,src_collected_ah_2025_group_admission
2025,AH,ordinary_undergraduate,physics,1362,001,,521,105250,,,,,8,src_collected_ah_2025_group_admission
2025,AH,ordinary_undergraduate,physics,1362,002,,524,100230,,,,,29,src_collected_ah_2025_group_admission
2025,AH,ordinary_undergraduate,physics,1362,003,,536,85997,,,,,3,src_collected_ah_2025_group_admission
2025,AH,ordinary_undergraduate,physics,1362,004,,521,104812,,,,,4,src_collected_ah_2025_group_admission
2025,AH,ordinary_undergraduate,physics,1363,001,,577,44417,,,,,17,src_collected_ah_2025_group_admission
2025,AH,ordinary_undergraduate,physics,1363,002,,511,118654,,,,,9,src_collected_ah_2025_group_admission
2025,AH,ordinary_undergraduate,physics,1364,001,,529,95029,,,,,25,src_collected_ah_2025_group_admission
2025,AH,ordinary_undergraduate,physics,1369,001,,500,134279,,,,,5,src_collected_ah_2025_group_admission
2025,AH,ordinary_undergraduate,physics,1369,002,,492,145560,,,,,8,src_collected_ah_2025_group_admission
2025,AH,ordinary_undergraduate,physics,1369,003,,512,116571,,,,,6,src_collected_ah_2025_group_admission
2025,AH,ordinary_undergraduate,physics,1369,004,,495,142351,,,,,3,src_collected_ah_2025_group_admission
2025,AH,ordinary_undergraduate,physics,1369,005,,488,151489,,,,,4,src_collected_ah_2025_group_admission
2025,AH,ordinary_undergraduate,physics,1370,001,,461,191396,,,,,20,src_collected_ah_2025_group_admission
2025,AH,ordinary_undergraduate,physics,1371,002,,582,40057,,,,,20,src_collected_ah_2025_group_admission
2025,AH,ordinary_undergraduate,physics,1371,003,,603,24900,,,,,46,src_collected_ah_2025_group_admission
2025,AH,ordinary_undergraduate,physics,1371,004,,595,30532,,,,,10,src_collected_ah_2025_group_admission
2025,AH,ordinary_undergraduate,physics,1378,001,,495,142084,,,,,6,src_collected_ah_2025_group_admission
2025,AH,ordinary_undergraduate,physics,1379,001,,515,113171,,,,,12,src_collected_ah_2025_group_admission
2025,AH,ordinary_undergraduate,physics,1379,002,,527,96406,,,,,21,src_collected_ah_2025_group_admission
2025,AH,ordinary_undergraduate,physics,1379,004,,531,92498,,,,,9,src_collected_ah_2025_group_admission
2025,AH,ordinary_undergraduate,physics,1379,006,,507,124295,,,,,9,src_collected_ah_2025_group_admission
2025,AH,ordinary_undergraduate,physics,1379,007,,505,127273,,,,,11,src_collected_ah_2025_group_admission
2025,AH,ordinary_undergraduate,physics,1379,008,,552,67894,,,,,3,src_collected_ah_2025_group_admission
2025,AH,ordinary_undergraduate,physics,1380,001,,504,127848,,,,,12,src_collected_ah_2025_group_admission
2025,AH,ordinary_undergraduate,physics,1382,001,,496,140917,,,,,20,src_collected_ah_2025_group_admission
2025,AH,ordinary_undergraduate,physics,1382,003,,509,121258,,,,,1,src_collected_ah_2025_group_admission
2025,AH,ordinary_undergraduate,physics,1382,004,,510,120091,,,,,33,src_collected_ah_2025_group_admission
2025,AH,ordinary_undergraduate,physics,1382,005,,511,118269,,,,,3,src_collected_ah_2025_group_admission
2025,AH,ordinary_undergraduate,physics,1382,006,,517,110451,,,,,3,src_collected_ah_2025_group_admission
2025,AH,ordinary_undergraduate,physics,1382,007,,470,178437,,,,,2,src_collected_ah_2025_group_admission
2025,AH,ordinary_undergraduate,physics,1382,008,,504,129117,,,,,2,src_collected_ah_2025_group_admission
2025,AH,ordinary_undergraduate,physics,1383,001,,489,150612,,,,,20,src_collected_ah_2025_group_admission
2025,AH,ordinary_undergraduate,physics,1385,001,,511,118095,,,,,17,src_collected_ah_2025_group_admission
2025,AH,ordinary_undergraduate,physics,1385,002,,531,91937,,,,,30,src_collected_ah_2025_group_admission
2025,AH,ordinary_undergraduate,physics,1385,003,,537,85193,,,,,2,src_collected_ah_2025_group_admission
2025,AH,ordinary_undergraduate,physics,1385,004,,543,77313,,,,,4,src_collected_ah_2025_group_admission
2025,AH,ordinary_undergraduate,physics,1388,001,,462,189140,,,,,1,src_collected_ah_2025_group_admission
2025,AH,ordinary_undergraduate,physics,1390,001,,507,124542,,,,,11,src_collected_ah_2025_group_admission
2025,AH,ordinary_undergraduate,physics,1390,002,,518,108161,,,,,6,src_collected_ah_2025_group_admission
2025,AH,ordinary_undergraduate,physics,1391,001,,486,155298,,,,,7,src_collected_ah_2025_group_admission
2025,AH,ordinary_undergraduate,physics,1394,001,,540,80939,,,,,4,src_collected_ah_2025_group_admission
2025,AH,ordinary_undergraduate,physics,1394,002,,527,96967,,,,,8,src_collected_ah_2025_group_admission
2025,AH,ordinary_undergraduate,physics,1394,003,,537,85051,,,,,1,src_collected_ah_2025_group_admission
2025,AH,ordinary_undergraduate,physics,1398,001,,462,189366,,,,,19,src_collected_ah_2025_group_admission
2025,AH,ordinary_undergraduate,physics,1398,002,,471,176460,,,,,23,src_collected_ah_2025_group_admission
2025,AH,ordinary_undergraduate,physics,1399,001,,580,41706,,,,,1,src_collected_ah_2025_group_admission
2025,AH,ordinary_undergraduate,physics,1399,002,,596,29283,,,,,8,src_collected_ah_2025_group_admission
2025,AH,ordinary_undergraduate,physics,1402,001,,461,191409,,,,,3,src_collected_ah_2025_group_admission
2025,AH,ordinary_undergraduate,physics,1402,002,,462,189177,,,,,1,src_collected_ah_2025_group_admission
2025,AH,ordinary_undergraduate,physics,1403,002,,522,103396,,,,,4,src_collected_ah_2025_group_admission
2025,AH,ordinary_undergraduate,physics,1405,001,,461,191279,,,,,2,src_collected_ah_2025_group_admission
2025,AH,ordinary_undergraduate,physics,1405,002,,471,176653,,,,,1,src_collected_ah_2025_group_admission
2025,AH,ordinary_undergraduate,physics,1405,003,,462,189050,,,,,6,src_collected_ah_2025_group_admission
2025,AH,ordinary_undergraduate,physics,1405,004,,465,185179,,,,,2,src_collected_ah_2025_group_admission
2025,AH,ordinary_undergraduate,physics,1407,001,,464,186359,,,,,2,src_collected_ah_2025_group_admission
2025,AH,ordinary_undergraduate,physics,1407,002,,468,181069,,,,,2,src_collected_ah_2025_group_admission
2025,AH,ordinary_undergraduate,physics,1412,001,,476,169012,,,,,24,src_collected_ah_2025_group_admission
2025,AH,ordinary_undergraduate,physics,1415,001,,468,180971,,,,,10,src_collected_ah_2025_group_admission
2025,AH,ordinary_undergraduate,physics,1415,002,,486,154585,,,,,2,src_collected_ah_2025_group_admission
2025,AH,ordinary_undergraduate,physics,1415,003,,465,185229,,,,,4,src_collected_ah_2025_group_admission
2025,AH,ordinary_undergraduate,physics,1415,004,,470,178515,,,,,2,src_collected_ah_2025_group_admission
2025,AH,ordinary_undergraduate,physics,1417,001,,484,158741,,,,,1,src_collected_ah_2025_group_admission
2025,AH,ordinary_undergraduate,physics,1417,002,,483,160158,,,,,2,src_collected_ah_2025_group_admission
2025,AH,ordinary_undergraduate,physics,1417,003,,481,163093,,,,,2,src_collected_ah_2025_group_admission
2025,AH,ordinary_undergraduate,physics,1417,004,,480,163274,,,,,2,src_collected_ah_2025_group_admission
2025,AH,ordinary_undergraduate,physics,1417,005,,480,164584,,,,,2,src_collected_ah_2025_group_admission
2025,AH,ordinary_undergraduate,physics,1417,006,,491,148204,,,,,1,src_collected_ah_2025_group_admission
2025,AH,ordinary_undergraduate,physics,1418,001,,476,169013,,,,,11,src_collected_ah_2025_group_admission
2025,AH,ordinary_undergraduate,physics,1418,002,,473,173675,,,,,5,src_collected_ah_2025_group_admission
2025,AH,ordinary_undergraduate,physics,1420,001,,518,108595,,,,,2,src_collected_ah_2025_group_admission
2025,AH,ordinary_undergraduate,physics,1420,002,,518,108319,,,,,1,src_collected_ah_2025_group_admission
2025,AH,ordinary_undergraduate,physics,1423,001,,462,189095,,,,,4,src_collected_ah_2025_group_admission
2025,AH,ordinary_undergraduate,physics,1423,002,,468,181163,,,,,14,src_collected_ah_2025_group_admission
2025,AH,ordinary_undergraduate,physics,1423,003,,462,189595,,,,,8,src_collected_ah_2025_group_admission
2025,AH,ordinary_undergraduate,physics,1424,003,,575,45653,,,,,3,src_collected_ah_2025_group_admission
2025,AH,ordinary_undergraduate,physics,1424,004,,626,12440,,,,,3,src_collected_ah_2025_group_admission
2025,AH,ordinary_undergraduate,physics,1424,005,,564,55933,,,,,18,src_collected_ah_2025_group_admission
2025,AH,ordinary_undergraduate,physics,1425,001,,472,175218,,,,,6,src_collected_ah_2025_group_admission
2025,AH,ordinary_undergraduate,physics,1425,002,,468,181158,,,,,11,src_collected_ah_2025_group_admission
2025,AH,ordinary_undergraduate,physics,1426,001,,574,46681,,,,,15,src_collected_ah_2025_group_admission
2025,AH,ordinary_undergraduate,physics,1426,002,,574,46388,,,,,17,src_collected_ah_2025_group_admission
2025,AH,ordinary_undergraduate,physics,1426,003,,559,60953,,,,,4,src_collected_ah_2025_group_admission
2025,AH,ordinary_undergraduate,physics,1429,001,,469,179139,,,,,5,src_collected_ah_2025_group_admission
2025,AH,ordinary_undergraduate,physics,1430,001,,530,92712,,,,,3,src_collected_ah_2025_group_admission
2025,AH,ordinary_undergraduate,physics,1430,002,,531,92471,,,,,6,src_collected_ah_2025_group_admission
2025,AH,ordinary_undergraduate,physics,1430,003,,504,128771,,,,,10,src_collected_ah_2025_group_admission
2025,AH,ordinary_undergraduate,physics,1430,004,,534,87748,,,,,2,src_collected_ah_2025_group_admission
2025,AH,ordinary_undergraduate,physics,1430,051,,531,91692,,,,,2,src_collected_ah_2025_group_admission
2025,AH,ordinary_undergraduate,physics,1433,002,,584,38373,,,,,6,src_collected_ah_2025_group_admission
2025,AH,ordinary_undergraduate,physics,1433,003,,586,36693,,,,,4,src_collected_ah_2025_group_admission
2025,AH,ordinary_undergraduate,physics,1433,004,,607,22232,,,,,11,src_collected_ah_2025_group_admission
2025,AH,ordinary_undergraduate,physics,1433,005,,595,30105,,,,,12,src_collected_ah_2025_group_admission
2025,AH,ordinary_undergraduate,physics,1433,006,,592,32106,,,,,11,src_collected_ah_2025_group_admission
2025,AH,ordinary_undergraduate,physics,1433,007,,579,41908,,,,,3,src_collected_ah_2025_group_admission
2025,AH,ordinary_undergraduate,physics,1433,051,,515,113446,,,,,4,src_collected_ah_2025_group_admission
2025,AH,ordinary_undergraduate,physics,1433,052,,595,29952,,,,,5,src_collected_ah_2025_group_admission
2025,AH,ordinary_undergraduate,physics,1433,053,,571,49393,,,,,4,src_collected_ah_2025_group_admission
2025,AH,ordinary_undergraduate,physics,1435,001,,489,150789,,,,,8,src_collected_ah_2025_group_admission
2025,AH,ordinary_undergraduate,physics,1441,001,,503,130210,,,,,2,src_collected_ah_2025_group_admission
2025,AH,ordinary_undergraduate,physics,1441,002,,499,135121,,,,,2,src_collected_ah_2025_group_admission
2025,AH,ordinary_undergraduate,physics,1441,003,,521,104935,,,,,3,src_collected_ah_2025_group_admission
2025,AH,ordinary_undergraduate,physics,1441,004,,498,137771,,,,,3,src_collected_ah_2025_group_admission
2025,AH,ordinary_undergraduate,physics,1443,001,,526,98070,,,,,2,src_collected_ah_2025_group_admission
2025,AH,ordinary_undergraduate,physics,1443,002,,537,84301,,,,,2,src_collected_ah_2025_group_admission
2025,AH,ordinary_undergraduate,physics,1443,003,,534,88871,,,,,5,src_collected_ah_2025_group_admission
2025,AH,ordinary_undergraduate,physics,1443,004,,533,89854,,,,,3,src_collected_ah_2025_group_admission
2025,AH,ordinary_undergraduate,physics,1443,005,,529,93898,,,,,3,src_collected_ah_2025_group_admission
2025,AH,ordinary_undergraduate,physics,1445,001,,491,147700,,,,,4,src_collected_ah_2025_group_admission
2025,AH,ordinary_undergraduate,physics,1445,002,,489,151245,,,,,2,src_collected_ah_2025_group_admission
2025,AH,ordinary_undergraduate,physics,1445,003,,496,140135,,,,,4,src_collected_ah_2025_group_admission
2025,AH,ordinary_undergraduate,physics,1445,004,,523,102546,,,,,2,src_collected_ah_2025_group_admission
2025,AH,ordinary_undergraduate,physics,1447,001,,532,91325,,,,,8,src_collected_ah_2025_group_admission
2025,AH,ordinary_undergraduate,physics,1447,002,,535,86559,,,,,3,src_collected_ah_2025_group_admission
2025,AH,ordinary_undergraduate,physics,1447,003,,523,102748,,,,,6,src_collected_ah_2025_group_admission
2025,AH,ordinary_undergraduate,physics,1447,004,,501,132349,,,,,6,src_collected_ah_2025_group_admission
2025,AH,ordinary_undergraduate,physics,1447,005,,538,83465,,,,,6,src_collected_ah_2025_group_admission
2025,AH,ordinary_undergraduate,physics,1447,006,,498,137400,,,,,8,src_collected_ah_2025_group_admission
2025,AH,ordinary_undergraduate,physics,1448,001,,519,107839,,,,,2,src_collected_ah_2025_group_admission
2025,AH,ordinary_undergraduate,physics,1448,002,,514,114725,,,,,3,src_collected_ah_2025_group_admission
2025,AH,ordinary_undergraduate,physics,1451,001,,508,122390,,,,,5,src_collected_ah_2025_group_admission
2025,AH,ordinary_undergraduate,physics,1451,002,,503,129624,,,,,4,src_collected_ah_2025_group_admission
2025,AH,ordinary_undergraduate,physics,1451,051,,572,47975,,,,,6,src_collected_ah_2025_group_admission
2025,AH,ordinary_undergraduate,physics,1451,052,,492,146352,,,,,2,src_collected_ah_2025_group_admission
2025,AH,ordinary_undergraduate,physics,1451,053,,546,74626,,,,,1,src_collected_ah_2025_group_admission
2025,AH,ordinary_undergraduate,physics,1451,054,,520,105805,,,,,4,src_collected_ah_2025_group_admission
2025,AH,ordinary_undergraduate,physics,1451,055,,492,145446,,,,,2,src_collected_ah_2025_group_admission
2025,AH,ordinary_undergraduate,physics,1451,056,,506,125973,,,,,3,src_collected_ah_2025_group_admission
2025,AH,ordinary_undergraduate,physics,1454,001,,534,88264,,,,,5,src_collected_ah_2025_group_admission
2025,AH,ordinary_undergraduate,physics,1454,002,,538,83583,,,,,2,src_collected_ah_2025_group_admission
2025,AH,ordinary_undergraduate,physics,1454,003,,527,97530,,,,,2,src_collected_ah_2025_group_admission
2025,AH,ordinary_undergraduate,physics,1454,004,,510,119832,,,,,2,src_collected_ah_2025_group_admission
2025,AH,ordinary_undergraduate,physics,1454,005,,492,146302,,,,,8,src_collected_ah_2025_group_admission
2025,AH,ordinary_undergraduate,physics,1455,001,,528,95284,,,,,41,src_collected_ah_2025_group_admission
2025,AH,ordinary_undergraduate,physics,1455,002,,551,68884,,,,,202,src_collected_ah_2025_group_admission
2025,AH,ordinary_undergraduate,physics,1455,003,,551,68938,,,,,12,src_collected_ah_2025_group_admission
2025,AH,ordinary_undergraduate,physics,1455,071,,510,120269,,,,,2,src_collected_ah_2025_group_admission
2025,AH,ordinary_undergraduate,physics,1456,001,,503,129658,,,,,8,src_collected_ah_2025_group_admission
2025,AH,ordinary_undergraduate,physics,1456,002,,516,112112,,,,,25,src_collected_ah_2025_group_admission
2025,AH,ordinary_undergraduate,physics,1456,003,,509,121836,,,,,3,src_collected_ah_2025_group_admission
2025,AH,ordinary_undergraduate,physics,1457,001,,513,115758,,,,,19,src_collected_ah_2025_group_admission
2025,AH,ordinary_undergraduate,physics,1457,002,,525,99062,,,,,118,src_collected_ah_2025_group_admission
2025,AH,ordinary_undergraduate,physics,1457,003,,518,109395,,,,,20,src_collected_ah_2025_group_admission
2025,AH,ordinary_undergraduate,physics,1457,004,,542,79049,,,,,3,src_collected_ah_2025_group_admission
2025,AH,ordinary_undergraduate,physics,1457,051,,536,85474,,,,,2,src_collected_ah_2025_group_admission
2025,AH,ordinary_undergraduate,physics,1458,001,,467,182800,,,,,2,src_collected_ah_2025_group_admission
2025,AH,ordinary_undergraduate,physics,1458,002,,499,136419,,,,,2,src_collected_ah_2025_group_admission
2025,AH,ordinary_undergraduate,physics,1458,003,,489,150621,,,,,4,src_collected_ah_2025_group_admission
2025,AH,ordinary_undergraduate,physics,1461,001,,461,191173,,,,,7,src_collected_ah_2025_group_admission
2025,AH,ordinary_undergraduate,physics,1461,002,,461,191201,,,,,19,src_collected_ah_2025_group_admission
2025,AH,ordinary_undergraduate,physics,1462,001,,472,175230,,,,,8,src_collected_ah_2025_group_admission
2025,AH,ordinary_undergraduate,physics,1462,002,,477,168723,,,,,10,src_collected_ah_2025_group_admission
2025,AH,ordinary_undergraduate,physics,1463,001,,479,165492,,,,,1,src_collected_ah_2025_group_admission
2025,AH,ordinary_undergraduate,physics,1463,002,,563,56138,,,,,4,src_collected_ah_2025_group_admission
2025,AH,ordinary_undergraduate,physics,1463,003,,550,69666,,,,,1,src_collected_ah_2025_group_admission
2025,AH,ordinary_undergraduate,physics,1463,004,,511,118794,,,,,2,src_collected_ah_2025_group_admission
2025,AH,ordinary_undergraduate,physics,1463,005,,477,168165,,,,,2,src_collected_ah_2025_group_admission
2025,AH,ordinary_undergraduate,physics,1463,006,,479,166031,,,,,2,src_collected_ah_2025_group_admission
2025,AH,ordinary_undergraduate,physics,1463,007,,487,153027,,,,,2,src_collected_ah_2025_group_admission
2025,AH,ordinary_undergraduate,physics,1463,008,,481,162809,,,,,2,src_collected_ah_2025_group_admission
2025,AH,ordinary_undergraduate,physics,1468,003,,633,9175,,,,,106,src_collected_ah_2025_group_admission
2025,AH,ordinary_undergraduate,physics,1468,004,,641,6413,,,,,2,src_collected_ah_2025_group_admission
2025,AH,ordinary_undergraduate,physics,1468,005,,640,6859,,,,,2,src_collected_ah_2025_group_admission
2025,AH,ordinary_undergraduate,physics,1468,006,,641,6613,,,,,2,src_collected_ah_2025_group_admission
2025,AH,ordinary_undergraduate,physics,1468,007,,639,7169,,,,,2,src_collected_ah_2025_group_admission
2025,AH,ordinary_undergraduate,physics,1468,008,,639,7094,,,,,2,src_collected_ah_2025_group_admission
2025,AH,ordinary_undergraduate,physics,1468,009,,640,6790,,,,,2,src_collected_ah_2025_group_admission
2025,AH,ordinary_undergraduate,physics,1468,010,,640,6809,,,,,2,src_collected_ah_2025_group_admission
2025,AH,ordinary_undergraduate,physics,1468,011,,637,8016,,,,,2,src_collected_ah_2025_group_admission
2025,AH,ordinary_undergraduate,physics,1468,012,,642,6164,,,,,2,src_collected_ah_2025_group_admission
2025,AH,ordinary_undergraduate,physics,1468,013,,639,7321,,,,,2,src_collected_ah_2025_group_admission
2025,AH,ordinary_undergraduate,physics,1468,014,,620,15169,,,,,7,src_collected_ah_2025_group_admission
2025,AH,ordinary_undergraduate,physics,1469,003,,642,6157,,,,,6,src_collected_ah_2025_group_admission
2025,AH,ordinary_undergraduate,physics,1469,004,,676,487,,,,,1,src_collected_ah_2025_group_admission
2025,AH,ordinary_undergraduate,physics,1469,005,,671,752,,,,,19,src_collected_ah_2025_group_admission
2025,AH,ordinary_undergraduate,physics,1469,006,,633,9241,,,,,10,src_collected_ah_2025_group_admission
2025,AH,ordinary_undergraduate,physics,1469,051,,630,10721,,,,,6,src_collected_ah_2025_group_admission
2025,AH,ordinary_undergraduate,physics,1469,052,,639,7332,,,,,12,src_collected_ah_2025_group_admission
2025,AH,ordinary_undergraduate,physics,1469,053,,642,6131,,,,,12,src_collected_ah_2025_group_admission
2025,AH,ordinary_undergraduate,physics,1470,002,,668,1128,,,,,37,src_collected_ah_2025_group_admission
2025,AH,ordinary_undergraduate,physics,1470,003,,653,3452,,,,,3,src_collected_ah_2025_group_admission
2025,AH,ordinary_undergraduate,physics,1471,003,,655,2943,,,,,75,src_collected_ah_2025_group_admission
2025,AH,ordinary_undergraduate,physics,1471,004,,651,3674,,,,,71,src_collected_ah_2025_group_admission
2025,AH,ordinary_undergraduate,physics,1472,001,,461,190453,,,,,3,src_collected_ah_2025_group_admission
2025,AH,ordinary_undergraduate,physics,1472,002,,465,185024,,,,,1,src_collected_ah_2025_group_admission
2025,AH,ordinary_undergraduate,physics,1473,001,,463,187792,,,,,6,src_collected_ah_2025_group_admission
2025,AH,ordinary_undergraduate,physics,1474,001,,461,191073,,,,,6,src_collected_ah_2025_group_admission
2025,AH,ordinary_undergraduate,physics,1475,001,,495,142387,,,,,22,src_collected_ah_2025_group_admission
2025,AH,ordinary_undergraduate,physics,1475,002,,495,141159,,,,,12,src_collected_ah_2025_group_admission
2025,AH,ordinary_undergraduate,physics,1475,003,,511,118214,,,,,4,src_collected_ah_2025_group_admission
2025,AH,ordinary_undergraduate,physics,1477,001,,548,72634,,,,,13,src_collected_ah_2025_group_admission
2025,AH,ordinary_undergraduate,physics,1477,002,,571,49207,,,,,72,src_collected_ah_2025_group_admission
2025,AH,ordinary_undergraduate,physics,1478,001,,508,122767,,,,,30,src_collected_ah_2025_group_admission
2025,AH,ordinary_undergraduate,physics,1478,002,,510,120117,,,,,10,src_collected_ah_2025_group_admission
2025,AH,ordinary_undergraduate,physics,1478,003,,522,102864,,,,,26,src_collected_ah_2025_group_admission
2025,AH,ordinary_undergraduate,physics,1478,004,,505,126633,,,,,22,src_collected_ah_2025_group_admission
2025,AH,ordinary_undergraduate,physics,1479,001,,508,122745,,,,,24,src_collected_ah_2025_group_admission
2025,AH,ordinary_undergraduate,physics,1479,002,,505,126641,,,,,4,src_collected_ah_2025_group_admission
2025,AH,ordinary_undergraduate,physics,1479,003,,508,123153,,,,,33,src_collected_ah_2025_group_admission
2025,AH,ordinary_undergraduate,physics,1479,004,,523,101556,,,,,1,src_collected_ah_2025_group_admission
2025,AH,ordinary_undergraduate,physics,1479,005,,539,81965,,,,,2,src_collected_ah_2025_group_admission
2025,AH,ordinary_undergraduate,physics,1480,001,,461,191382,,,,,8,src_collected_ah_2025_group_admission
2025,AH,ordinary_undergraduate,physics,1480,002,,461,191067,,,,,27,src_collected_ah_2025_group_admission
2025,AH,ordinary_undergraduate,physics,1483,001,,500,134375,,,,,6,src_collected_ah_2025_group_admission
2025,AH,ordinary_undergraduate,physics,1483,002,,492,146884,,,,,30,src_collected_ah_2025_group_admission
2025,AH,ordinary_undergraduate,physics,1483,003,,512,117242,,,,,2,src_collected_ah_2025_group_admission
2025,AH,ordinary_undergraduate,physics,1484,001,,588,35503,,,,,1,src_collected_ah_2025_group_admission
2025,AH,ordinary_undergraduate,physics,1484,002,,534,87953,,,,,11,src_collected_ah_2025_group_admission
2025,AH,ordinary_undergraduate,physics,1484,003,,578,43336,,,,,17,src_collected_ah_2025_group_admission
2025,AH,ordinary_undergraduate,physics,1484,004,,541,80559,,,,,10,src_collected_ah_2025_group_admission
2025,AH,ordinary_undergraduate,physics,1484,005,,576,45243,,,,,4,src_collected_ah_2025_group_admission
2025,AH,ordinary_undergraduate,physics,1484,006,,567,53323,,,,,1,src_collected_ah_2025_group_admission
2025,AH,ordinary_undergraduate,physics,1484,007,,541,80307,,,,,3,src_collected_ah_2025_group_admission
2025,AH,ordinary_undergraduate,physics,1487,001,,490,148855,,,,,25,src_collected_ah_2025_group_admission
2025,AH,ordinary_undergraduate,physics,1488,001,,608,21744,,,,,17,src_collected_ah_2025_group_admission
2025,AH,ordinary_undergraduate,physics,1488,002,,603,24666,,,,,7,src_collected_ah_2025_group_admission
2025,AH,ordinary_undergraduate,physics,1488,003,,598,27901,,,,,2,src_collected_ah_2025_group_admission
2025,AH,ordinary_undergraduate,physics,1489,002,,472,175620,,,,,2,src_collected_ah_2025_group_admission
2025,AH,ordinary_undergraduate,physics,1489,003,,468,180714,,,,,1,src_collected_ah_2025_group_admission
2025,AH,ordinary_undergraduate,physics,1490,001,,470,178248,,,,,6,src_collected_ah_2025_group_admission
2025,AH,ordinary_undergraduate,physics,1490,002,,461,191394,,,,,2,src_collected_ah_2025_group_admission
2025,AH,ordinary_undergraduate,physics,1490,003,,470,178651,,,,,6,src_collected_ah_2025_group_admission
2025,AH,ordinary_undergraduate,physics,1490,004,,466,183417,,,,,4,src_collected_ah_2025_group_admission
2025,AH,ordinary_undergraduate,physics,1491,001,,591,33043,,,,,8,src_collected_ah_2025_group_admission
2025,AH,ordinary_undergraduate,physics,1491,002,,592,32175,,,,,11,src_collected_ah_2025_group_admission
2025,AH,ordinary_undergraduate,physics,1491,003,,532,90847,,,,,13,src_collected_ah_2025_group_admission
2025,AH,ordinary_undergraduate,physics,1491,004,,592,32629,,,,,462,src_collected_ah_2025_group_admission
2025,AH,ordinary_undergraduate,physics,1491,005,,602,25631,,,,,26,src_collected_ah_2025_group_admission
2025,AH,ordinary_undergraduate,physics,1491,006,,594,30961,,,,,8,src_collected_ah_2025_group_admission
2025,AH,ordinary_undergraduate,physics,1491,007,,587,36034,,,,,7,src_collected_ah_2025_group_admission
2025,AH,ordinary_undergraduate,physics,1491,008,,571,48844,,,,,2,src_collected_ah_2025_group_admission
2025,AH,ordinary_undergraduate,physics,1496,002,,461,191146,,,,,7,src_collected_ah_2025_group_admission
2025,AH,ordinary_undergraduate,physics,1496,003,,463,187364,,,,,4,src_collected_ah_2025_group_admission
2025,AH,ordinary_undergraduate,physics,1497,002,,502,131212,,,,,5,src_collected_ah_2025_group_admission
2025,AH,ordinary_undergraduate,physics,1497,003,,478,166489,,,,,5,src_collected_ah_2025_group_admission
2025,AH,ordinary_undergraduate,physics,1497,004,,489,149950,,,,,80,src_collected_ah_2025_group_admission
2025,AH,ordinary_undergraduate,physics,1499,001,,512,117734,,,,,32,src_collected_ah_2025_group_admission
2025,AH,ordinary_undergraduate,physics,1499,002,,526,98680,,,,,2,src_collected_ah_2025_group_admission
2025,AH,ordinary_undergraduate,physics,1499,003,,521,104892,,,,,60,src_collected_ah_2025_group_admission
2025,AH,ordinary_undergraduate,physics,1499,004,,540,81489,,,,,10,src_collected_ah_2025_group_admission
2025,AH,ordinary_undergraduate,physics,1499,005,,501,132331,,,,,13,src_collected_ah_2025_group_admission
2025,AH,ordinary_undergraduate,physics,1499,006,,537,85120,,,,,5,src_collected_ah_2025_group_admission
2025,AH,ordinary_undergraduate,physics,1502,001,,537,84769,,,,,9,src_collected_ah_2025_group_admission
2025,AH,ordinary_undergraduate,physics,1502,002,,537,84700,,,,,27,src_collected_ah_2025_group_admission
2025,AH,ordinary_undergraduate,physics,1502,003,,528,95145,,,,,2,src_collected_ah_2025_group_admission
2025,AH,ordinary_undergraduate,physics,1502,004,,512,117542,,,,,18,src_collected_ah_2025_group_admission
2025,AH,ordinary_undergraduate,physics,1502,005,,506,126049,,,,,13,src_collected_ah_2025_group_admission
2025,AH,ordinary_undergraduate,physics,1502,006,,515,112918,,,,,12,src_collected_ah_2025_group_admission
2025,AH,ordinary_undergraduate,physics,1502,007,,511,118628,,,,,14,src_collected_ah_2025_group_admission
2025,AH,ordinary_undergraduate,physics,1502,008,,469,180294,,,,,12,src_collected_ah_2025_group_admission
2025,AH,ordinary_undergraduate,physics,1505,001,,496,139979,,,,,8,src_collected_ah_2025_group_admission
2025,AH,ordinary_undergraduate,physics,1505,002,,492,146489,,,,,8,src_collected_ah_2025_group_admission
2025,AH,ordinary_undergraduate,physics,1505,003,,485,157141,,,,,8,src_collected_ah_2025_group_admission
2025,AH,ordinary_undergraduate,physics,1509,001,,519,106733,,,,,2,src_collected_ah_2025_group_admission
2025,AH,ordinary_undergraduate,physics,1510,001,,480,164139,,,,,25,src_collected_ah_2025_group_admission
2025,AH,ordinary_undergraduate,physics,1512,002,,589,34662,,,,,17,src_collected_ah_2025_group_admission
2025,AH,ordinary_undergraduate,physics,1512,003,,604,24132,,,,,11,src_collected_ah_2025_group_admission
2025,AH,ordinary_undergraduate,physics,1512,004,,613,18914,,,,,70,src_collected_ah_2025_group_admission
2025,AH,ordinary_undergraduate,physics,1514,001,,578,42941,,,,,20,src_collected_ah_2025_group_admission
2025,AH,ordinary_undergraduate,physics,1514,002,,563,56947,,,,,24,src_collected_ah_2025_group_admission
2025,AH,ordinary_undergraduate,physics,1514,003,,594,30869,,,,,17,src_collected_ah_2025_group_admission
2025,AH,ordinary_undergraduate,physics,1514,004,,537,84559,,,,,24,src_collected_ah_2025_group_admission
2025,AH,ordinary_undergraduate,physics,1516,001,,563,56534,,,,,30,src_collected_ah_2025_group_admission
2025,AH,ordinary_undergraduate,physics,1518,004,,617,16557,,,,,110,src_collected_ah_2025_group_admission
2025,AH,ordinary_undergraduate,physics,1518,005,,592,32176,,,,,26,src_collected_ah_2025_group_admission
2025,AH,ordinary_undergraduate,physics,1518,006,,642,6118,,,,,50,src_collected_ah_2025_group_admission
2025,AH,ordinary_undergraduate,physics,1518,007,,639,7294,,,,,40,src_collected_ah_2025_group_admission
2025,AH,ordinary_undergraduate,physics,1518,008,,616,17068,,,,,1046,src_collected_ah_2025_group_admission
2025,AH,ordinary_undergraduate,physics,1519,005,,605,23409,,,,,32,src_collected_ah_2025_group_admission
2025,AH,ordinary_undergraduate,physics,1519,006,,607,22382,,,,,549,src_collected_ah_2025_group_admission
2025,AH,ordinary_undergraduate,physics,1522,001,,551,68537,,,,,5,src_collected_ah_2025_group_admission
2025,AH,ordinary_undergraduate,physics,1522,002,,514,113617,,,,,5,src_collected_ah_2025_group_admission
2025,AH,ordinary_undergraduate,physics,1523,001,,466,183336,,,,,3,src_collected_ah_2025_group_admission
2025,AH,ordinary_undergraduate,physics,1523,002,,476,170023,,,,,36,src_collected_ah_2025_group_admission
2025,AH,ordinary_undergraduate,physics,1524,001,,550,69848,,,,,13,src_collected_ah_2025_group_admission
2025,AH,ordinary_undergraduate,physics,1524,002,,582,40075,,,,,37,src_collected_ah_2025_group_admission
2025,AH,ordinary_undergraduate,physics,1524,003,,540,81508,,,,,17,src_collected_ah_2025_group_admission
2025,AH,ordinary_undergraduate,physics,1525,001,,521,104469,,,,,14,src_collected_ah_2025_group_admission
2025,AH,ordinary_undergraduate,physics,1525,002,,524,101362,,,,,46,src_collected_ah_2025_group_admission
2025,AH,ordinary_undergraduate,physics,1525,003,,531,91793,,,,,10,src_collected_ah_2025_group_admission
2025,AH,ordinary_undergraduate,physics,1526,001,,474,172632,,,,,3,src_collected_ah_2025_group_admission
2025,AH,ordinary_undergraduate,physics,1526,002,,477,167716,,,,,6,src_collected_ah_2025_group_admission
2025,AH,ordinary_undergraduate,physics,1526,003,,475,170771,,,,,5,src_collected_ah_2025_group_admission
2025,AH,ordinary_undergraduate,physics,1528,001,,533,89768,,,,,4,src_collected_ah_2025_group_admission
2025,AH,ordinary_undergraduate,physics,1528,002,,526,98515,,,,,3,src_collected_ah_2025_group_admission
2025,AH,ordinary_undergraduate,physics,1528,003,,540,80844,,,,,89,src_collected_ah_2025_group_admission
2025,AH,ordinary_undergraduate,physics,1528,004,,553,67298,,,,,3,src_collected_ah_2025_group_admission
2025,AH,ordinary_undergraduate,physics,1528,005,,518,108323,,,,,5,src_collected_ah_2025_group_admission
2025,AH,ordinary_undergraduate,physics,1528,006,,518,108291,,,,,7,src_collected_ah_2025_group_admission
2025,AH,ordinary_undergraduate,physics,1529,001,,477,168082,,,,,15,src_collected_ah_2025_group_admission
2025,AH,ordinary_undergraduate,physics,1530,001,,594,30940,,,,,3,src_collected_ah_2025_group_admission
2025,AH,ordinary_undergraduate,physics,1530,002,,609,21292,,,,,46,src_collected_ah_2025_group_admission
2025,AH,ordinary_undergraduate,physics,1530,003,,603,24948,,,,,8,src_collected_ah_2025_group_admission
2025,AH,ordinary_undergraduate,physics,1530,004,,601,26244,,,,,10,src_collected_ah_2025_group_admission
2025,AH,ordinary_undergraduate,physics,1530,005,,601,26380,,,,,2,src_collected_ah_2025_group_admission
2025,AH,ordinary_undergraduate,physics,1530,051,,608,21771,,,,,2,src_collected_ah_2025_group_admission
2025,AH,ordinary_undergraduate,physics,1530,052,,607,22176,,,,,1,src_collected_ah_2025_group_admission
2025,AH,ordinary_undergraduate,physics,1531,001,,506,125017,,,,,4,src_collected_ah_2025_group_admission
2025,AH,ordinary_undergraduate,physics,1531,002,,515,112283,,,,,6,src_collected_ah_2025_group_admission
2025,AH,ordinary_undergraduate,physics,1531,003,,510,119467,,,,,6,src_collected_ah_2025_group_admission
2025,AH,ordinary_undergraduate,physics,1531,004,,495,141582,,,,,5,src_collected_ah_2025_group_admission
2025,AH,ordinary_undergraduate,physics,1531,005,,489,151248,,,,,4,src_collected_ah_2025_group_admission
2025,AH,ordinary_undergraduate,physics,1536,001,,491,147525,,,,,4,src_collected_ah_2025_group_admission
2025,AH,ordinary_undergraduate,physics,1536,002,,490,149383,,,,,18,src_collected_ah_2025_group_admission
2025,AH,ordinary_undergraduate,physics,1536,003,,489,150467,,,,,4,src_collected_ah_2025_group_admission
2025,AH,ordinary_undergraduate,physics,1539,001,,494,142481,,,,,3,src_collected_ah_2025_group_admission
2025,AH,ordinary_undergraduate,physics,1539,002,,499,135637,,,,,6,src_collected_ah_2025_group_admission
2025,AH,ordinary_undergraduate,physics,1539,003,,492,146426,,,,,25,src_collected_ah_2025_group_admission
2025,AH,ordinary_undergraduate,physics,1541,001,,503,129919,,,,,38,src_collected_ah_2025_group_admission
2025,AH,ordinary_undergraduate,physics,1541,002,,508,122830,,,,,5,src_collected_ah_2025_group_admission
2025,AH,ordinary_undergraduate,physics,1541,003,,499,136281,,,,,2,src_collected_ah_2025_group_admission
2025,AH,ordinary_undergraduate,physics,1541,004,,500,134262,,,,,40,src_collected_ah_2025_group_admission
2025,AH,ordinary_undergraduate,physics,1542,001,,526,98679,,,,,18,src_collected_ah_2025_group_admission
2025,AH,ordinary_undergraduate,physics,1542,002,,509,120842,,,,,3,src_collected_ah_2025_group_admission
2025,AH,ordinary_undergraduate,physics,1542,003,,540,81111,,,,,8,src_collected_ah_2025_group_admission
2025,AH,ordinary_undergraduate,physics,1543,001,,502,130910,,,,,4,src_collected_ah_2025_group_admission
2025,AH,ordinary_undergraduate,physics,1543,002,,519,106759,,,,,4,src_collected_ah_2025_group_admission
2025,AH,ordinary_undergraduate,physics,1543,003,,529,93871,,,,,4,src_collected_ah_2025_group_admission
2025,AH,ordinary_undergraduate,physics,1543,051,,551,68731,,,,,12,src_collected_ah_2025_group_admission
2025,AH,ordinary_undergraduate,physics,1543,052,,543,78332,,,,,8,src_collected_ah_2025_group_admission
2025,AH,ordinary_undergraduate,physics,1543,053,,529,93914,,,,,12,src_collected_ah_2025_group_admission
2025,AH,ordinary_undergraduate,physics,1543,054,,532,91217,,,,,8,src_collected_ah_2025_group_admission
2025,AH,ordinary_undergraduate,physics,1543,055,,535,87562,,,,,8,src_collected_ah_2025_group_admission
2025,AH,ordinary_undergraduate,physics,1544,001,,510,120164,,,,,14,src_collected_ah_2025_group_admission
2025,AH,ordinary_undergraduate,physics,1544,002,,492,146756,,,,,4,src_collected_ah_2025_group_admission
2025,AH,ordinary_undergraduate,physics,1545,001,,491,148353,,,,,15,src_collected_ah_2025_group_admission
2025,AH,ordinary_undergraduate,physics,1545,002,,494,143711,,,,,20,src_collected_ah_2025_group_admission
2025,AH,ordinary_undergraduate,physics,1546,001,,471,176227,,,,,11,src_collected_ah_2025_group_admission
2025,AH,ordinary_undergraduate,physics,1546,002,,472,175122,,,,,38,src_collected_ah_2025_group_admission
2025,AH,ordinary_undergraduate,physics,1551,001,,533,89734,,,,,25,src_collected_ah_2025_group_admission
2025,AH,ordinary_undergraduate,physics,1551,002,,510,120402,,,,,46,src_collected_ah_2025_group_admission
2025,AH,ordinary_undergraduate,physics,1551,003,,521,104448,,,,,9,src_collected_ah_2025_group_admission
2025,AH,ordinary_undergraduate,physics,1553,001,,542,79514,,,,,3,src_collected_ah_2025_group_admission
2025,AH,ordinary_undergraduate,physics,1553,002,,535,86873,,,,,4,src_collected_ah_2025_group_admission
2025,AH,ordinary_undergraduate,physics,1553,003,,492,145823,,,,,5,src_collected_ah_2025_group_admission
2025,AH,ordinary_undergraduate,physics,1553,004,,491,147727,,,,,3,src_collected_ah_2025_group_admission
2025,AH,ordinary_undergraduate,physics,1553,005,,556,63885,,,,,15,src_collected_ah_2025_group_admission
2025,AH,ordinary_undergraduate,physics,1553,006,,560,59254,,,,,10,src_collected_ah_2025_group_admission
2025,AH,ordinary_undergraduate,physics,1553,007,,556,63710,,,,,15,src_collected_ah_2025_group_admission
2025,AH,ordinary_undergraduate,physics,1553,008,,562,57179,,,,,15,src_collected_ah_2025_group_admission
2025,AH,ordinary_undergraduate,physics,1554,001,,508,123257,,,,,10,src_collected_ah_2025_group_admission
2025,AH,ordinary_undergraduate,physics,1555,001,,499,136284,,,,,3,src_collected_ah_2025_group_admission
2025,AH,ordinary_undergraduate,physics,1555,002,,502,130781,,,,,7,src_collected_ah_2025_group_admission
2025,AH,ordinary_undergraduate,physics,1557,001,,473,174466,,,,,9,src_collected_ah_2025_group_admission
2025,AH,ordinary_undergraduate,physics,1558,001,,541,79886,,,,,16,src_collected_ah_2025_group_admission
2025,AH,ordinary_undergraduate,physics,1558,002,,540,81713,,,,,19,src_collected_ah_2025_group_admission
2025,AH,ordinary_undergraduate,physics,1560,001,,543,77910,,,,,2,src_collected_ah_2025_group_admission
2025,AH,ordinary_undergraduate,physics,1560,002,,518,108180,,,,,12,src_collected_ah_2025_group_admission
2025,AH,ordinary_undergraduate,physics,1560,003,,517,109434,,,,,6,src_collected_ah_2025_group_admission
2025,AH,ordinary_undergraduate,physics,1561,001,,494,143602,,,,,16,src_collected_ah_2025_group_admission
2025,AH,ordinary_undergraduate,physics,1562,003,,614,18406,,,,,19,src_collected_ah_2025_group_admission
2025,AH,ordinary_undergraduate,physics,1562,004,,638,7556,,,,,7,src_collected_ah_2025_group_admission
2025,AH,ordinary_undergraduate,physics,1562,005,,620,15102,,,,,220,src_collected_ah_2025_group_admission
2025,AH,ordinary_undergraduate,physics,1562,006,,598,28187,,,,,9,src_collected_ah_2025_group_admission
2025,AH,ordinary_undergraduate,physics,1563,001,,551,68852,,,,,14,src_collected_ah_2025_group_admission
2025,AH,ordinary_undergraduate,physics,1563,002,,556,63162,,,,,6,src_collected_ah_2025_group_admission
2025,AH,ordinary_undergraduate,physics,1563,003,,555,64475,,,,,10,src_collected_ah_2025_group_admission
2025,AH,ordinary_undergraduate,physics,1564,001,,504,128020,,,,,12,src_collected_ah_2025_group_admission
2025,AH,ordinary_undergraduate,physics,1564,002,,511,118037,,,,,12,src_collected_ah_2025_group_admission
2025,AH,ordinary_undergraduate,physics,1566,001,,490,149431,,,,,10,src_collected_ah_2025_group_admission
2025,AH,ordinary_undergraduate,physics,1566,002,,490,149124,,,,,49,src_collected_ah_2025_group_admission
2025,AH,ordinary_undergraduate,physics,1567,001,,577,44041,,,,,25,src_collected_ah_2025_group_admission
2025,AH,ordinary_undergraduate,physics,1567,002,,524,101289,,,,,20,src_collected_ah_2025_group_admission
2025,AH,ordinary_undergraduate,physics,1567,003,,592,32552,,,,,55,src_collected_ah_2025_group_admission
2025,AH,ordinary_undergraduate,physics,1567,004,,594,31130,,,,,20,src_collected_ah_2025_group_admission
2025,AH,ordinary_undergraduate,physics,1567,005,,596,29566,,,,,11,src_collected_ah_2025_group_admission
2025,AH,ordinary_undergraduate,physics,1567,006,,597,29004,,,,,31,src_collected_ah_2025_group_admission
2025,AH,ordinary_undergraduate,physics,1567,007,,592,32154,,,,,10,src_collected_ah_2025_group_admission
2025,AH,ordinary_undergraduate,physics,1567,008,,591,32893,,,,,4,src_collected_ah_2025_group_admission
2025,AH,ordinary_undergraduate,physics,1567,051,,555,65066,,,,,10,src_collected_ah_2025_group_admission
2025,AH,ordinary_undergraduate,physics,1569,001,,511,118753,,,,,6,src_collected_ah_2025_group_admission
2025,AH,ordinary_undergraduate,physics,1569,002,,506,125940,,,,,43,src_collected_ah_2025_group_admission
2025,AH,ordinary_undergraduate,physics,1569,003,,512,117241,,,,,16,src_collected_ah_2025_group_admission
2025,AH,ordinary_undergraduate,physics,1569,004,,502,131833,,,,,4,src_collected_ah_2025_group_admission
2025,AH,ordinary_undergraduate,physics,1570,001,,512,116530,,,,,50,src_collected_ah_2025_group_admission
2025,AH,ordinary_undergraduate,physics,1571,001,,535,87612,,,,,32,src_collected_ah_2025_group_admission
2025,AH,ordinary_undergraduate,physics,1571,002,,536,85501,,,,,167,src_collected_ah_2025_group_admission
2025,AH,ordinary_undergraduate,physics,1571,003,,560,59264,,,,,38,src_collected_ah_2025_group_admission
2025,AH,ordinary_undergraduate,physics,1571,004,,526,98239,,,,,14,src_collected_ah_2025_group_admission
2025,AH,ordinary_undergraduate,physics,1576,001,,481,162962,,,,,19,src_collected_ah_2025_group_admission
2025,AH,ordinary_undergraduate,physics,1576,002,,476,168915,,,,,10,src_collected_ah_2025_group_admission
2025,AH,ordinary_undergraduate,physics,1577,001,,535,87231,,,,,10,src_collected_ah_2025_group_admission
2025,AH,ordinary_undergraduate,physics,1577,002,,538,83310,,,,,8,src_collected_ah_2025_group_admission
2025,AH,ordinary_undergraduate,physics,1577,003,,532,90690,,,,,3,src_collected_ah_2025_group_admission
2025,AH,ordinary_undergraduate,physics,1577,004,,544,76658,,,,,115,src_collected_ah_2025_group_admission
2025,AH,ordinary_undergraduate,physics,1577,005,,529,94999,,,,,23,src_collected_ah_2025_group_admission
2025,AH,ordinary_undergraduate,physics,1578,001,,499,136381,,,,,8,src_collected_ah_2025_group_admission
2025,AH,ordinary_undergraduate,physics,1578,002,,496,140250,,,,,86,src_collected_ah_2025_group_admission
2025,AH,ordinary_undergraduate,physics,1579,001,,534,88558,,,,,20,src_collected_ah_2025_group_admission
2025,AH,ordinary_undergraduate,physics,1579,002,,559,60385,,,,,57,src_collected_ah_2025_group_admission
2025,AH,ordinary_undergraduate,physics,1579,003,,549,70771,,,,,59,src_collected_ah_2025_group_admission
2025,AH,ordinary_undergraduate,physics,1579,004,,536,85376,,,,,57,src_collected_ah_2025_group_admission
2025,AH,ordinary_undergraduate,physics,1579,005,,528,95942,,,,,78,src_collected_ah_2025_group_admission
2025,AH,ordinary_undergraduate,physics,1579,006,,551,69137,,,,,6,src_collected_ah_2025_group_admission
2025,AH,ordinary_undergraduate,physics,1579,051,,549,71053,,,,,6,src_collected_ah_2025_group_admission
2025,AH,ordinary_undergraduate,physics,1580,001,,491,148260,,,,,18,src_collected_ah_2025_group_admission
2025,AH,ordinary_undergraduate,physics,1580,002,,495,141934,,,,,22,src_collected_ah_2025_group_admission
2025,AH,ordinary_undergraduate,physics,1581,001,,570,50476,,,,,5,src_collected_ah_2025_group_admission
2025,AH,ordinary_undergraduate,physics,1581,002,,538,83682,,,,,20,src_collected_ah_2025_group_admission
2025,AH,ordinary_undergraduate,physics,1581,003,,510,120148,,,,,5,src_collected_ah_2025_group_admission
2025,AH,ordinary_undergraduate,physics,1581,004,,508,122947,,,,,9,src_collected_ah_2025_group_admission
2025,AH,ordinary_undergraduate,physics,1584,001,,473,173812,,,,,8,src_collected_ah_2025_group_admission
2025,AH,ordinary_undergraduate,physics,1584,002,,527,96843,,,,,25,src_collected_ah_2025_group_admission
2025,AH,ordinary_undergraduate,physics,1591,001,,520,105430,,,,,4,src_collected_ah_2025_group_admission
2025,AH,ordinary_undergraduate,physics,1591,002,,549,70813,,,,,3,src_collected_ah_2025_group_admission
2025,AH,ordinary_undergraduate,physics,1591,003,,545,76085,,,,,5,src_collected_ah_2025_group_admission
2025,AH,ordinary_undergraduate,physics,1591,004,,536,85989,,,,,6,src_collected_ah_2025_group_admission
2025,AH,ordinary_undergraduate,physics,1591,005,,532,90645,,,,,2,src_collected_ah_2025_group_admission
2025,AH,ordinary_undergraduate,physics,1592,002,,533,90054,,,,,2,src_collected_ah_2025_group_admission
2025,AH,ordinary_undergraduate,physics,1592,003,,490,148827,,,,,18,src_collected_ah_2025_group_admission
2025,AH,ordinary_undergraduate,physics,1595,001,,514,114903,,,,,1,src_collected_ah_2025_group_admission
2025,AH,ordinary_undergraduate,physics,1595,002,,500,134213,,,,,3,src_collected_ah_2025_group_admission
2025,AH,ordinary_undergraduate,physics,1597,001,,492,146235,,,,,25,src_collected_ah_2025_group_admission
2025,AH,ordinary_undergraduate,physics,1600,001,,489,150143,,,,,4,src_collected_ah_2025_group_admission
2025,AH,ordinary_undergraduate,physics,1600,002,,490,149086,,,,,2,src_collected_ah_2025_group_admission
2025,AH,ordinary_undergraduate,physics,1600,003,,497,138409,,,,,4,src_collected_ah_2025_group_admission
2025,AH,ordinary_undergraduate,physics,1601,001,,497,138331,,,,,9,src_collected_ah_2025_group_admission
2025,AH,ordinary_undergraduate,physics,1601,002,,494,143330,,,,,45,src_collected_ah_2025_group_admission
2025,AH,ordinary_undergraduate,physics,1601,003,,503,129693,,,,,21,src_collected_ah_2025_group_admission
2025,AH,ordinary_undergraduate,physics,1601,004,,518,108093,,,,,14,src_collected_ah_2025_group_admission
2025,AH,ordinary_undergraduate,physics,1603,002,,461,191038,,,,,9,src_collected_ah_2025_group_admission
2025,AH,ordinary_undergraduate,physics,1603,003,,463,188290,,,,,3,src_collected_ah_2025_group_admission
2025,AH,ordinary_undergraduate,physics,1604,003,,560,59107,,,,,2,src_collected_ah_2025_group_admission
2025,AH,ordinary_undergraduate,physics,1604,004,,551,69414,,,,,31,src_collected_ah_2025_group_admission
2025,AH,ordinary_undergraduate,physics,1605,001,,468,180581,,,,,2,src_collected_ah_2025_group_admission
2025,AH,ordinary_undergraduate,physics,1605,002,,461,191206,,,,,14,src_collected_ah_2025_group_admission
2025,AH,ordinary_undergraduate,physics,1606,001,,493,144331,,,,,5,src_collected_ah_2025_group_admission
2025,AH,ordinary_undergraduate,physics,1606,002,,492,145470,,,,,49,src_collected_ah_2025_group_admission
2025,AH,ordinary_undergraduate,physics,1606,003,,496,140621,,,,,5,src_collected_ah_2025_group_admission
2025,AH,ordinary_undergraduate,physics,1607,001,,489,151263,,,,,2,src_collected_ah_2025_group_admission
2025,AH,ordinary_undergraduate,physics,1607,002,,489,150136,,,,,32,src_collected_ah_2025_group_admission
2025,AH,ordinary_undergraduate,physics,1611,001,,522,103019,,,,,4,src_collected_ah_2025_group_admission
2025,AH,ordinary_undergraduate,physics,1611,002,,528,96168,,,,,56,src_collected_ah_2025_group_admission
2025,AH,ordinary_undergraduate,physics,1623,001,,466,184133,,,,,2,src_collected_ah_2025_group_admission
2025,AH,ordinary_undergraduate,physics,1623,002,,464,187150,,,,,3,src_collected_ah_2025_group_admission
2025,AH,ordinary_undergraduate,physics,1627,001,,534,88469,,,,,23,src_collected_ah_2025_group_admission
2025,AH,ordinary_undergraduate,physics,1627,002,,503,129937,,,,,2,src_collected_ah_2025_group_admission
2025,AH,ordinary_undergraduate,physics,1627,003,,506,125357,,,,,41,src_collected_ah_2025_group_admission
2025,AH,ordinary_undergraduate,physics,1627,004,,536,85641,,,,,2,src_collected_ah_2025_group_admission
2025,AH,ordinary_undergraduate,physics,1627,005,,502,130908,,,,,8,src_collected_ah_2025_group_admission
2025,AH,ordinary_undergraduate,physics,1628,001,,495,142230,,,,,2,src_collected_ah_2025_group_admission
2025,AH,ordinary_undergraduate,physics,1628,002,,495,141232,,,,,8,src_collected_ah_2025_group_admission
2025,AH,ordinary_undergraduate,physics,1628,003,,485,156515,,,,,4,src_collected_ah_2025_group_admission
2025,AH,ordinary_undergraduate,physics,1630,001,,504,128444,,,,,3,src_collected_ah_2025_group_admission
2025,AH,ordinary_undergraduate,physics,1630,002,,527,97581,,,,,3,src_collected_ah_2025_group_admission
2025,AH,ordinary_undergraduate,physics,1630,003,,505,126316,,,,,2,src_collected_ah_2025_group_admission
2025,AH,ordinary_undergraduate,physics,1631,001,,489,151272,,,,,3,src_collected_ah_2025_group_admission
2025,AH,ordinary_undergraduate,physics,1631,002,,490,148822,,,,,6,src_collected_ah_2025_group_admission
2025,AH,ordinary_undergraduate,physics,1632,001,,486,155469,,,,,4,src_collected_ah_2025_group_admission
2025,AH,ordinary_undergraduate,physics,1634,001,,586,36792,,,,,4,src_collected_ah_2025_group_admission
2025,AH,ordinary_undergraduate,physics,1634,002,,590,33513,,,,,32,src_collected_ah_2025_group_admission
2025,AH,ordinary_undergraduate,physics,1634,003,,584,37949,,,,,37,src_collected_ah_2025_group_admission
2025,AH,ordinary_undergraduate,physics,1634,004,,527,97590,,,,,10,src_collected_ah_2025_group_admission
2025,AH,ordinary_undergraduate,physics,1635,001,,512,116458,,,,,8,src_collected_ah_2025_group_admission
2025,AH,ordinary_undergraduate,physics,1635,002,,516,111343,,,,,22,src_collected_ah_2025_group_admission
2025,AH,ordinary_undergraduate,physics,1636,001,,502,131573,,,,,5,src_collected_ah_2025_group_admission
2025,AH,ordinary_undergraduate,physics,1637,001,,504,128320,,,,,8,src_collected_ah_2025_group_admission
2025,AH,ordinary_undergraduate,physics,1637,002,,513,114950,,,,,21,src_collected_ah_2025_group_admission
2025,AH,ordinary_undergraduate,physics,1639,001,,566,53552,,,,,18,src_collected_ah_2025_group_admission
2025,AH,ordinary_undergraduate,physics,1639,002,,581,40316,,,,,23,src_collected_ah_2025_group_admission
2025,AH,ordinary_undergraduate,physics,1639,003,,584,38264,,,,,4,src_collected_ah_2025_group_admission
2025,AH,ordinary_undergraduate,physics,1644,001,,533,90017,,,,,9,src_collected_ah_2025_group_admission
2025,AH,ordinary_undergraduate,physics,1644,002,,540,81379,,,,,7,src_collected_ah_2025_group_admission
2025,AH,ordinary_undergraduate,physics,1645,001,,535,87311,,,,,6,src_collected_ah_2025_group_admission
2025,AH,ordinary_undergraduate,physics,1645,002,,531,91643,,,,,8,src_collected_ah_2025_group_admission
2025,AH,ordinary_undergraduate,physics,1647,001,,508,123170,,,,,8,src_collected_ah_2025_group_admission
2025,AH,ordinary_undergraduate,physics,1647,002,,516,110849,,,,,38,src_collected_ah_2025_group_admission
2025,AH,ordinary_undergraduate,physics,1649,001,,520,106646,,,,,4,src_collected_ah_2025_group_admission
2025,AH,ordinary_undergraduate,physics,1649,002,,527,96665,,,,,47,src_collected_ah_2025_group_admission
2025,AH,ordinary_undergraduate,physics,1651,001,,528,95838,,,,,2,src_collected_ah_2025_group_admission
2025,AH,ordinary_undergraduate,physics,1651,002,,522,103514,,,,,7,src_collected_ah_2025_group_admission
2025,AH,ordinary_undergraduate,physics,1651,003,,511,118522,,,,,17,src_collected_ah_2025_group_admission
2025,AH,ordinary_undergraduate,physics,1651,004,,517,109736,,,,,3,src_collected_ah_2025_group_admission
2025,AH,ordinary_undergraduate,physics,1651,005,,522,103946,,,,,3,src_collected_ah_2025_group_admission
2025,AH,ordinary_undergraduate,physics,1652,001,,518,109115,,,,,4,src_collected_ah_2025_group_admission
2025,AH,ordinary_undergraduate,physics,1652,002,,529,94701,,,,,54,src_collected_ah_2025_group_admission
2025,AH,ordinary_undergraduate,physics,1653,001,,480,164424,,,,,5,src_collected_ah_2025_group_admission
2025,AH,ordinary_undergraduate,physics,1653,002,,484,157788,,,,,10,src_collected_ah_2025_group_admission
2025,AH,ordinary_undergraduate,physics,1655,001,,477,168142,,,,,4,src_collected_ah_2025_group_admission
2025,AH,ordinary_undergraduate,physics,1658,001,,530,92896,,,,,4,src_collected_ah_2025_group_admission
2025,AH,ordinary_undergraduate,physics,1658,002,,540,81870,,,,,22,src_collected_ah_2025_group_admission
2025,AH,ordinary_undergraduate,physics,1662,001,,511,119066,,,,,6,src_collected_ah_2025_group_admission
2025,AH,ordinary_undergraduate,physics,1662,002,,511,119087,,,,,57,src_collected_ah_2025_group_admission
2025,AH,ordinary_undergraduate,physics,1663,001,,512,116411,,,,,19,src_collected_ah_2025_group_admission
2025,AH,ordinary_undergraduate,physics,1667,001,,588,35068,,,,,3,src_collected_ah_2025_group_admission
2025,AH,ordinary_undergraduate,physics,1667,002,,544,76142,,,,,11,src_collected_ah_2025_group_admission
2025,AH,ordinary_undergraduate,physics,1667,003,,526,98104,,,,,6,src_collected_ah_2025_group_admission
2025,AH,ordinary_undergraduate,physics,1667,004,,522,103655,,,,,37,src_collected_ah_2025_group_admission
2025,AH,ordinary_undergraduate,physics,1671,001,,524,100727,,,,,8,src_collected_ah_2025_group_admission
2025,AH,ordinary_undergraduate,physics,1671,002,,518,108518,,,,,4,src_collected_ah_2025_group_admission
2025,AH,ordinary_undergraduate,physics,1671,003,,520,105660,,,,,1,src_collected_ah_2025_group_admission
2025,AH,ordinary_undergraduate,physics,1673,001,,497,138969,,,,,6,src_collected_ah_2025_group_admission
2025,AH,ordinary_undergraduate,physics,1673,002,,499,135687,,,,,24,src_collected_ah_2025_group_admission
2025,AH,ordinary_undergraduate,physics,1674,004,,636,8368,,,,,23,src_collected_ah_2025_group_admission
2025,AH,ordinary_undergraduate,physics,1674,005,,647,4889,,,,,123,src_collected_ah_2025_group_admission
2025,AH,ordinary_undergraduate,physics,1676,001,,535,87599,,,,,20,src_collected_ah_2025_group_admission
2025,AH,ordinary_undergraduate,physics,1679,001,,511,117764,,,,,12,src_collected_ah_2025_group_admission
2025,AH,ordinary_undergraduate,physics,1679,002,,521,104160,,,,,36,src_collected_ah_2025_group_admission
2025,AH,ordinary_undergraduate,physics,1681,001,,533,89867,,,,,24,src_collected_ah_2025_group_admission
2025,AH,ordinary_undergraduate,physics,1681,002,,518,108538,,,,,10,src_collected_ah_2025_group_admission
2025,AH,ordinary_undergraduate,physics,1681,003,,528,96293,,,,,6,src_collected_ah_2025_group_admission
2025,AH,ordinary_undergraduate,physics,1682,001,,513,114968,,,,,9,src_collected_ah_2025_group_admission
2025,AH,ordinary_undergraduate,physics,1682,002,,517,109740,,,,,52,src_collected_ah_2025_group_admission
2025,AH,ordinary_undergraduate,physics,1683,001,,534,88012,,,,,28,src_collected_ah_2025_group_admission
2025,AH,ordinary_undergraduate,physics,1683,002,,548,72027,,,,,125,src_collected_ah_2025_group_admission
2025,AH,ordinary_undergraduate,physics,1683,051,,538,84176,,,,,6,src_collected_ah_2025_group_admission
2025,AH,ordinary_undergraduate,physics,1683,052,,542,79516,,,,,47,src_collected_ah_2025_group_admission
2025,AH,ordinary_undergraduate,physics,1691,001,,534,87850,,,,,15,src_collected_ah_2025_group_admission
2025,AH,ordinary_undergraduate,physics,1691,002,,553,67004,,,,,123,src_collected_ah_2025_group_admission
2025,AH,ordinary_undergraduate,physics,1691,003,,572,48192,,,,,4,src_collected_ah_2025_group_admission
2025,AH,ordinary_undergraduate,physics,1692,001,,507,123935,,,,,10,src_collected_ah_2025_group_admission
2025,AH,ordinary_undergraduate,physics,1695,001,,541,80153,,,,,4,src_collected_ah_2025_group_admission
2025,AH,ordinary_undergraduate,physics,1696,001,,531,91736,,,,,15,src_collected_ah_2025_group_admission
2025,AH,ordinary_undergraduate,physics,1696,002,,539,82396,,,,,85,src_collected_ah_2025_group_admission
2025,AH,ordinary_undergraduate,physics,1696,003,,536,85738,,,,,2,src_collected_ah_2025_group_admission
2025,AH,ordinary_undergraduate,physics,1699,001,,487,153790,,,,,9,src_collected_ah_2025_group_admission
2025,AH,ordinary_undergraduate,physics,1703,001,,461,190901,,,,,7,src_collected_ah_2025_group_admission
2025,AH,ordinary_undergraduate,physics,1703,002,,461,190605,,,,,6,src_collected_ah_2025_group_admission
2025,AH,ordinary_undergraduate,physics,1703,003,,462,189279,,,,,10,src_collected_ah_2025_group_admission
2025,AH,ordinary_undergraduate,physics,1705,001,,597,28614,,,,,20,src_collected_ah_2025_group_admission
2025,AH,ordinary_undergraduate,physics,1705,002,,608,21979,,,,,66,src_collected_ah_2025_group_admission
2025,AH,ordinary_undergraduate,physics,1705,003,,589,34714,,,,,23,src_collected_ah_2025_group_admission
2025,AH,ordinary_undergraduate,physics,1705,004,,599,27431,,,,,4,src_collected_ah_2025_group_admission
2025,AH,ordinary_undergraduate,physics,1712,001,,529,95047,,,,,6,src_collected_ah_2025_group_admission
2025,AH,ordinary_undergraduate,physics,1712,002,,511,118275,,,,,3,src_collected_ah_2025_group_admission
2025,AH,ordinary_undergraduate,physics,1714,001,,535,86919,,,,,2,src_collected_ah_2025_group_admission
2025,AH,ordinary_undergraduate,physics,1714,002,,551,69456,,,,,3,src_collected_ah_2025_group_admission
2025,AH,ordinary_undergraduate,physics,1714,003,,512,116757,,,,,4,src_collected_ah_2025_group_admission
2025,AH,ordinary_undergraduate,physics,1715,001,,475,170806,,,,,2,src_collected_ah_2025_group_admission
2025,AH,ordinary_undergraduate,physics,1715,002,,476,170029,,,,,4,src_collected_ah_2025_group_admission
2025,AH,ordinary_undergraduate,physics,1718,001,,573,47170,,,,,19,src_collected_ah_2025_group_admission
2025,AH,ordinary_undergraduate,physics,1718,002,,530,93460,,,,,2,src_collected_ah_2025_group_admission
2025,AH,ordinary_undergraduate,physics,1718,003,,560,59557,,,,,18,src_collected_ah_2025_group_admission
2025,AH,ordinary_undergraduate,physics,1718,004,,521,105209,,,,,32,src_collected_ah_2025_group_admission
2025,AH,ordinary_undergraduate,physics,1718,005,,544,77140,,,,,5,src_collected_ah_2025_group_admission
2025,AH,ordinary_undergraduate,physics,1719,001,,530,93445,,,,,3,src_collected_ah_2025_group_admission
2025,AH,ordinary_undergraduate,physics,1719,002,,528,95484,,,,,41,src_collected_ah_2025_group_admission
2025,AH,ordinary_undergraduate,physics,1720,001,,534,88269,,,,,47,src_collected_ah_2025_group_admission
2025,AH,ordinary_undergraduate,physics,1722,004,,603,24569,,,,,14,src_collected_ah_2025_group_admission
2025,AH,ordinary_undergraduate,physics,1722,005,,624,13170,,,,,118,src_collected_ah_2025_group_admission
2025,AH,ordinary_undergraduate,physics,1723,004,,603,24529,,,,,14,src_collected_ah_2025_group_admission
2025,AH,ordinary_undergraduate,physics,1723,005,,628,11540,,,,,92,src_collected_ah_2025_group_admission
2025,AH,ordinary_undergraduate,physics,1724,002,,500,133623,,,,,22,src_collected_ah_2025_group_admission
2025,AH,ordinary_undergraduate,physics,1724,003,,508,123111,,,,,141,src_collected_ah_2025_group_admission
2025,AH,ordinary_undergraduate,physics,1724,004,,503,129272,,,,,10,src_collected_ah_2025_group_admission
2025,AH,ordinary_undergraduate,physics,1724,005,,502,131892,,,,,33,src_collected_ah_2025_group_admission
2025,AH,ordinary_undergraduate,physics,1725,001,,531,91903,,,,,24,src_collected_ah_2025_group_admission
2025,AH,ordinary_undergraduate,physics,1725,002,,533,89882,,,,,16,src_collected_ah_2025_group_admission
2025,AH,ordinary_undergraduate,physics,1725,003,,535,87638,,,,,3,src_collected_ah_2025_group_admission
2025,AH,ordinary_undergraduate,physics,1725,004,,538,83349,,,,,176,src_collected_ah_2025_group_admission
2025,AH,ordinary_undergraduate,physics,1725,005,,568,52382,,,,,7,src_collected_ah_2025_group_admission
2025,AH,ordinary_undergraduate,physics,1725,006,,530,93457,,,,,16,src_collected_ah_2025_group_admission
2025,AH,ordinary_undergraduate,physics,1725,007,,531,92434,,,,,61,src_collected_ah_2025_group_admission
2025,AH,ordinary_undergraduate,physics,1725,008,,522,103267,,,,,39,src_collected_ah_2025_group_admission
2025,AH,ordinary_undergraduate,physics,1725,009,,541,79916,,,,,28,src_collected_ah_2025_group_admission
2025,AH,ordinary_undergraduate,physics,1726,001,,537,84682,,,,,11,src_collected_ah_2025_group_admission
2025,AH,ordinary_undergraduate,physics,1726,002,,549,71410,,,,,123,src_collected_ah_2025_group_admission
2025,AH,ordinary_undergraduate,physics,1726,003,,508,122304,,,,,9,src_collected_ah_2025_group_admission
2025,AH,ordinary_undergraduate,physics,1727,001,,555,64699,,,,,3,src_collected_ah_2025_group_admission
2025,AH,ordinary_undergraduate,physics,1727,002,,546,74003,,,,,28,src_collected_ah_2025_group_admission
2025,AH,ordinary_undergraduate,physics,1727,003,,536,85927,,,,,3,src_collected_ah_2025_group_admission
2025,AH,ordinary_undergraduate,physics,1727,004,,545,75470,,,,,8,src_collected_ah_2025_group_admission
2025,AH,ordinary_undergraduate,physics,1727,005,,578,43584,,,,,121,src_collected_ah_2025_group_admission
2025,AH,ordinary_undergraduate,physics,1727,006,,569,50676,,,,,45,src_collected_ah_2025_group_admission
2025,AH,ordinary_undergraduate,physics,1727,007,,585,37684,,,,,7,src_collected_ah_2025_group_admission
2025,AH,ordinary_undergraduate,physics,1727,008,,559,60986,,,,,16,src_collected_ah_2025_group_admission
2025,AH,ordinary_undergraduate,physics,1728,004,,631,10179,,,,,2,src_collected_ah_2025_group_admission
2025,AH,ordinary_undergraduate,physics,1728,005,,625,12660,,,,,199,src_collected_ah_2025_group_admission
2025,AH,ordinary_undergraduate,physics,1729,005,,645,5213,,,,,4,src_collected_ah_2025_group_admission
2025,AH,ordinary_undergraduate,physics,1729,006,,650,4000,,,,,80,src_collected_ah_2025_group_admission
2025,AH,ordinary_undergraduate,physics,1730,003,,598,28040,,,,,76,src_collected_ah_2025_group_admission
2025,AH,ordinary_undergraduate,physics,1731,005,,645,5220,,,,,5,src_collected_ah_2025_group_admission
2025,AH,ordinary_undergraduate,physics,1731,006,,654,3156,,,,,30,src_collected_ah_2025_group_admission
2025,AH,ordinary_undergraduate,physics,1731,007,,643,5900,,,,,31,src_collected_ah_2025_group_admission
2025,AH,ordinary_undergraduate,physics,1731,008,,647,4797,,,,,30,src_collected_ah_2025_group_admission
2025,AH,ordinary_undergraduate,physics,1732,001,,586,36732,,,,,3,src_collected_ah_2025_group_admission
2025,AH,ordinary_undergraduate,physics,1732,002,,580,41167,,,,,144,src_collected_ah_2025_group_admission
2025,AH,ordinary_undergraduate,physics,1733,001,,604,24035,,,,,3,src_collected_ah_2025_group_admission
2025,AH,ordinary_undergraduate,physics,1733,002,,603,25030,,,,,23,src_collected_ah_2025_group_admission
2025,AH,ordinary_undergraduate,physics,1734,003,,533,89092,,,,,42,src_collected_ah_2025_group_admission
2025,AH,ordinary_undergraduate,physics,1734,004,,560,59639,,,,,4,src_collected_ah_2025_group_admission
2025,AH,ordinary_undergraduate,physics,1734,005,,576,44762,,,,,82,src_collected_ah_2025_group_admission
2025,AH,ordinary_undergraduate,physics,1734,006,,567,52787,,,,,33,src_collected_ah_2025_group_admission
2025,AH,ordinary_undergraduate,physics,1735,003,,660,2098,,,,,135,src_collected_ah_2025_group_admission
2025,AH,ordinary_undergraduate,physics,1735,004,,662,1713,,,,,8,src_collected_ah_2025_group_admission
2025,AH,ordinary_undergraduate,physics,1735,005,,611,20100,,,,,6,src_collected_ah_2025_group_admission
2025,AH,ordinary_undergraduate,physics,1735,006,,634,8951,,,,,5,src_collected_ah_2025_group_admission
2025,AH,ordinary_undergraduate,physics,1735,007,,635,8572,,,,,37,src_collected_ah_2025_group_admission
2025,AH,ordinary_undergraduate,physics,1735,008,,627,11967,,,,,5,src_collected_ah_2025_group_admission
2025,AH,ordinary_undergraduate,physics,1736,004,,596,29487,,,,,28,src_collected_ah_2025_group_admission
2025,AH,ordinary_undergraduate,physics,1736,005,,583,38756,,,,,3,src_collected_ah_2025_group_admission
2025,AH,ordinary_undergraduate,physics,1736,006,,598,28184,,,,,85,src_collected_ah_2025_group_admission
2025,AH,ordinary_undergraduate,physics,1736,007,,577,44017,,,,,10,src_collected_ah_2025_group_admission
2025,AH,ordinary_undergraduate,physics,1736,008,,601,26005,,,,,2,src_collected_ah_2025_group_admission
2025,AH,ordinary_undergraduate,physics,1736,009,,608,21875,,,,,4,src_collected_ah_2025_group_admission
2025,AH,ordinary_undergraduate,physics,1737,009,,603,24603,,,,,23,src_collected_ah_2025_group_admission
2025,AH,ordinary_undergraduate,physics,1737,010,,625,12640,,,,,29,src_collected_ah_2025_group_admission
2025,AH,ordinary_undergraduate,physics,1737,056,,623,13592,,,,,7,src_collected_ah_2025_group_admission
2025,AH,ordinary_undergraduate,physics,1738,001,,509,121041,,,,,8,src_collected_ah_2025_group_admission
2025,AH,ordinary_undergraduate,physics,1739,001,,518,109201,,,,,12,src_collected_ah_2025_group_admission
2025,AH,ordinary_undergraduate,physics,1739,002,,528,95670,,,,,22,src_collected_ah_2025_group_admission
2025,AH,ordinary_undergraduate,physics,1740,001,,511,118272,,,,,15,src_collected_ah_2025_group_admission
2025,AH,ordinary_undergraduate,physics,1742,001,,510,119111,,,,,14,src_collected_ah_2025_group_admission
2025,AH,ordinary_undergraduate,physics,1744,001,,485,156353,,,,,8,src_collected_ah_2025_group_admission
2025,AH,ordinary_undergraduate,physics,1744,002,,481,162161,,,,,20,src_collected_ah_2025_group_admission
2025,AH,ordinary_undergraduate,physics,1746,001,,491,147445,,,,,26,src_collected_ah_2025_group_admission
2025,AH,ordinary_undergraduate,physics,1746,002,,490,149070,,,,,115,src_collected_ah_2025_group_admission
2025,AH,ordinary_undergraduate,physics,1746,003,,498,136515,,,,,13,src_collected_ah_2025_group_admission
2025,AH,ordinary_undergraduate,physics,1750,001,,499,135661,,,,,3,src_collected_ah_2025_group_admission
2025,AH,ordinary_undergraduate,physics,1750,002,,514,113850,,,,,5,src_collected_ah_2025_group_admission
2025,AH,ordinary_undergraduate,physics,1750,051,,512,117419,,,,,2,src_collected_ah_2025_group_admission
2025,AH,ordinary_undergraduate,physics,1753,001,,476,169005,,,,,2,src_collected_ah_2025_group_admission
2025,AH,ordinary_undergraduate,physics,1753,002,,477,167471,,,,,12,src_collected_ah_2025_group_admission
2025,AH,ordinary_undergraduate,physics,1754,001,,529,94994,,,,,9,src_collected_ah_2025_group_admission
2025,AH,ordinary_undergraduate,physics,1754,002,,521,105329,,,,,8,src_collected_ah_2025_group_admission
2025,AH,ordinary_undergraduate,physics,1754,003,,541,79730,,,,,5,src_collected_ah_2025_group_admission
2025,AH,ordinary_undergraduate,physics,1755,005,,628,11212,,,,,15,src_collected_ah_2025_group_admission
2025,AH,ordinary_undergraduate,physics,1755,006,,651,3890,,,,,2,src_collected_ah_2025_group_admission
2025,AH,ordinary_undergraduate,physics,1755,007,,624,13067,,,,,109,src_collected_ah_2025_group_admission
2025,AH,ordinary_undergraduate,physics,1755,008,,645,5231,,,,,25,src_collected_ah_2025_group_admission
2025,AH,ordinary_undergraduate,physics,1755,009,,640,6878,,,,,12,src_collected_ah_2025_group_admission
2025,AH,ordinary_undergraduate,physics,1755,010,,628,11512,,,,,2,src_collected_ah_2025_group_admission
2025,AH,ordinary_undergraduate,physics,1757,001,,470,178828,,,,,1,src_collected_ah_2025_group_admission
2025,AH,ordinary_undergraduate,physics,1757,002,,470,178328,,,,,3,src_collected_ah_2025_group_admission
2025,AH,ordinary_undergraduate,physics,1758,001,,489,151342,,,,,10,src_collected_ah_2025_group_admission
2025,AH,ordinary_undergraduate,physics,1758,002,,489,150814,,,,,30,src_collected_ah_2025_group_admission
2025,AH,ordinary_undergraduate,physics,1759,001,,488,151962,,,,,36,src_collected_ah_2025_group_admission
2025,AH,ordinary_undergraduate,physics,1759,002,,489,150733,,,,,24,src_collected_ah_2025_group_admission
2025,AH,ordinary_undergraduate,physics,1761,001,,502,131535,,,,,22,src_collected_ah_2025_group_admission
2025,AH,ordinary_undergraduate,physics,1761,002,,505,127432,,,,,166,src_collected_ah_2025_group_admission
2025,AH,ordinary_undergraduate,physics,1761,003,,498,136579,,,,,20,src_collected_ah_2025_group_admission
2025,AH,ordinary_undergraduate,physics,1761,051,,503,129589,,,,,10,src_collected_ah_2025_group_admission
2025,AH,ordinary_undergraduate,physics,1761,052,,489,149880,,,,,10,src_collected_ah_2025_group_admission
2025,AH,ordinary_undergraduate,physics,1762,001,,509,121694,,,,,6,src_collected_ah_2025_group_admission
2025,AH,ordinary_undergraduate,physics,1762,002,,491,147400,,,,,4,src_collected_ah_2025_group_admission
2025,AH,ordinary_undergraduate,physics,1762,003,,511,118177,,,,,27,src_collected_ah_2025_group_admission
2025,AH,ordinary_undergraduate,physics,1762,004,,498,137135,,,,,6,src_collected_ah_2025_group_admission
2025,AH,ordinary_undergraduate,physics,1763,001,,462,189737,,,,,6,src_collected_ah_2025_group_admission
2025,AH,ordinary_undergraduate,physics,1763,002,,462,189083,,,,,10,src_collected_ah_2025_group_admission
2025,AH,ordinary_undergraduate,physics,1765,001,,518,108508,,,,,4,src_collected_ah_2025_group_admission
2025,AH,ordinary_undergraduate,physics,1766,002,,512,117658,,,,,13,src_collected_ah_2025_group_admission
2025,AH,ordinary_undergraduate,physics,1766,003,,521,104767,,,,,56,src_collected_ah_2025_group_admission
2025,AH,ordinary_undergraduate,physics,1766,004,,503,129518,,,,,75,src_collected_ah_2025_group_admission
2025,AH,ordinary_undergraduate,physics,1766,005,,488,151639,,,,,13,src_collected_ah_2025_group_admission
2025,AH,ordinary_undergraduate,physics,1766,006,,509,120982,,,,,5,src_collected_ah_2025_group_admission
2025,AH,ordinary_undergraduate,physics,1767,001,,490,149395,,,,,29,src_collected_ah_2025_group_admission
2025,AH,ordinary_undergraduate,physics,1768,001,,515,112442,,,,,2,src_collected_ah_2025_group_admission
2025,AH,ordinary_undergraduate,physics,1768,002,,524,101248,,,,,2,src_collected_ah_2025_group_admission
2025,AH,ordinary_undergraduate,physics,1768,003,,519,107408,,,,,24,src_collected_ah_2025_group_admission
2025,AH,ordinary_undergraduate,physics,1768,004,,509,121257,,,,,4,src_collected_ah_2025_group_admission
2025,AH,ordinary_undergraduate,physics,1768,005,,515,113380,,,,,4,src_collected_ah_2025_group_admission
2025,AH,ordinary_undergraduate,physics,1771,001,,485,156876,,,,,9,src_collected_ah_2025_group_admission
2025,AH,ordinary_undergraduate,physics,1772,001,,514,113770,,,,,33,src_collected_ah_2025_group_admission
2025,AH,ordinary_undergraduate,physics,1773,001,,474,172423,,,,,16,src_collected_ah_2025_group_admission
2025,AH,ordinary_undergraduate,physics,1773,002,,478,167028,,,,,10,src_collected_ah_2025_group_admission
2025,AH,ordinary_undergraduate,physics,1774,001,,506,126105,,,,,2,src_collected_ah_2025_group_admission
2025,AH,ordinary_undergraduate,physics,1774,002,,502,131760,,,,,22,src_collected_ah_2025_group_admission
2025,AH,ordinary_undergraduate,physics,1774,003,,503,130442,,,,,13,src_collected_ah_2025_group_admission
2025,AH,ordinary_undergraduate,physics,1774,004,,488,152426,,,,,3,src_collected_ah_2025_group_admission
2025,AH,ordinary_undergraduate,physics,1775,001,,488,152771,,,,,1,src_collected_ah_2025_group_admission
2025,AH,ordinary_undergraduate,physics,1775,051,,487,152862,,,,,1,src_collected_ah_2025_group_admission
2025,AH,ordinary_undergraduate,physics,1776,001,,531,92207,,,,,29,src_collected_ah_2025_group_admission
2025,AH,ordinary_undergraduate,physics,1776,002,,522,102881,,,,,6,src_collected_ah_2025_group_admission
2025,AH,ordinary_undergraduate,physics,1777,005,,570,50342,,,,,16,src_collected_ah_2025_group_admission
2025,AH,ordinary_undergraduate,physics,1777,006,,581,40758,,,,,27,src_collected_ah_2025_group_admission
2025,AH,ordinary_undergraduate,physics,1777,007,,588,35334,,,,,21,src_collected_ah_2025_group_admission
2025,AH,ordinary_undergraduate,physics,1777,008,,554,65884,,,,,16,src_collected_ah_2025_group_admission
2025,AH,ordinary_undergraduate,physics,1777,009,,584,37966,,,,,3,src_collected_ah_2025_group_admission
2025,AH,ordinary_undergraduate,physics,1778,002,,577,44286,,,,,5,src_collected_ah_2025_group_admission
2025,AH,ordinary_undergraduate,physics,1778,003,,553,67251,,,,,9,src_collected_ah_2025_group_admission
2025,AH,ordinary_undergraduate,physics,1778,004,,565,54444,,,,,73,src_collected_ah_2025_group_admission
2025,AH,ordinary_undergraduate,physics,1778,005,,561,58869,,,,,2,src_collected_ah_2025_group_admission
2025,AH,ordinary_undergraduate,physics,1782,001,,498,136740,,,,,15,src_collected_ah_2025_group_admission
2025,AH,ordinary_undergraduate,physics,1783,001,,505,126940,,,,,3,src_collected_ah_2025_group_admission
2025,AH,ordinary_undergraduate,physics,1783,002,,511,118809,,,,,2,src_collected_ah_2025_group_admission
2025,AH,ordinary_undergraduate,physics,1783,003,,502,130863,,,,,57,src_collected_ah_2025_group_admission
2025,AH,ordinary_undergraduate,physics,1786,003,,597,28584,,,,,13,src_collected_ah_2025_group_admission
2025,AH,ordinary_undergraduate,physics,1786,004,,600,26932,,,,,12,src_collected_ah_2025_group_admission
2025,AH,ordinary_undergraduate,physics,1786,005,,598,27880,,,,,10,src_collected_ah_2025_group_admission
2025,AH,ordinary_undergraduate,physics,1786,006,,624,12939,,,,,28,src_collected_ah_2025_group_admission
2025,AH,ordinary_undergraduate,physics,1786,007,,616,17228,,,,,10,src_collected_ah_2025_group_admission
2025,AH,ordinary_undergraduate,physics,1786,008,,613,18889,,,,,5,src_collected_ah_2025_group_admission
2025,AH,ordinary_undergraduate,physics,1786,009,,607,22312,,,,,10,src_collected_ah_2025_group_admission
2025,AH,ordinary_undergraduate,physics,1789,001,,494,143576,,,,,5,src_collected_ah_2025_group_admission
2025,AH,ordinary_undergraduate,physics,1789,002,,492,146798,,,,,30,src_collected_ah_2025_group_admission
2025,AH,ordinary_undergraduate,physics,1789,003,,500,134135,,,,,17,src_collected_ah_2025_group_admission
2025,AH,ordinary_undergraduate,physics,1789,004,,517,110278,,,,,29,src_collected_ah_2025_group_admission
2025,AH,ordinary_undergraduate,physics,1789,005,,493,144093,,,,,21,src_collected_ah_2025_group_admission
2025,AH,ordinary_undergraduate,physics,1789,006,,502,131468,,,,,5,src_collected_ah_2025_group_admission
2025,AH,ordinary_undergraduate,physics,1789,007,,498,137385,,,,,10,src_collected_ah_2025_group_admission
2025,AH,ordinary_undergraduate,physics,1791,001,,540,80987,,,,,37,src_collected_ah_2025_group_admission
2025,AH,ordinary_undergraduate,physics,1791,002,,552,67618,,,,,78,src_collected_ah_2025_group_admission
2025,AH,ordinary_undergraduate,physics,1791,003,,533,89042,,,,,11,src_collected_ah_2025_group_admission
2025,AH,ordinary_undergraduate,physics,1792,001,,527,96599,,,,,16,src_collected_ah_2025_group_admission
2025,AH,ordinary_undergraduate,physics,1792,002,,534,87844,,,,,49,src_collected_ah_2025_group_admission
2025,AH,ordinary_undergraduate,physics,1795,001,,508,123264,,,,,4,src_collected_ah_2025_group_admission
2025,AH,ordinary_undergraduate,physics,1795,002,,514,114158,,,,,6,src_collected_ah_2025_group_admission
2025,AH,ordinary_undergraduate,physics,1795,003,,493,144567,,,,,6,src_collected_ah_2025_group_admission
2025,AH,ordinary_undergraduate,physics,1795,004,,497,138873,,,,,4,src_collected_ah_2025_group_admission
2025,AH,ordinary_undergraduate,physics,1795,005,,513,115364,,,,,3,src_collected_ah_2025_group_admission
2025,AH,ordinary_undergraduate,physics,1798,001,,558,61201,,,,,48,src_collected_ah_2025_group_admission
2025,AH,ordinary_undergraduate,physics,1801,005,,613,19022,,,,,25,src_collected_ah_2025_group_admission
2025,AH,ordinary_undergraduate,physics,1801,006,,603,24747,,,,,5,src_collected_ah_2025_group_admission
2025,AH,ordinary_undergraduate,physics,1801,007,,607,21997,,,,,4,src_collected_ah_2025_group_admission
2025,AH,ordinary_undergraduate,physics,1801,008,,595,30387,,,,,4,src_collected_ah_2025_group_admission
2025,AH,ordinary_undergraduate,physics,1801,009,,635,8586,,,,,3,src_collected_ah_2025_group_admission
2025,AH,ordinary_undergraduate,physics,1801,010,,612,19093,,,,,3,src_collected_ah_2025_group_admission
2025,AH,ordinary_undergraduate,physics,1801,051,,603,24625,,,,,4,src_collected_ah_2025_group_admission
2025,AH,ordinary_undergraduate,physics,1801,052,,627,11840,,,,,10,src_collected_ah_2025_group_admission
2025,AH,ordinary_undergraduate,physics,1801,053,,616,17162,,,,,16,src_collected_ah_2025_group_admission
2025,AH,ordinary_undergraduate,physics,1801,054,,630,10739,,,,,5,src_collected_ah_2025_group_admission
2025,AH,ordinary_undergraduate,physics,1801,055,,628,11412,,,,,2,src_collected_ah_2025_group_admission
2025,AH,ordinary_undergraduate,physics,1801,056,,626,12257,,,,,4,src_collected_ah_2025_group_admission
2025,AH,ordinary_undergraduate,physics,1801,057,,617,16575,,,,,6,src_collected_ah_2025_group_admission
2025,AH,ordinary_undergraduate,physics,1801,058,,620,15244,,,,,4,src_collected_ah_2025_group_admission
2025,AH,ordinary_undergraduate,physics,1801,059,,620,14920,,,,,16,src_collected_ah_2025_group_admission
2025,AH,ordinary_undergraduate,physics,1801,060,,632,9705,,,,,26,src_collected_ah_2025_group_admission
2025,AH,ordinary_undergraduate,physics,1801,061,,631,10072,,,,,8,src_collected_ah_2025_group_admission
2025,AH,ordinary_undergraduate,physics,1801,062,,611,19736,,,,,2,src_collected_ah_2025_group_admission
2025,AH,ordinary_undergraduate,physics,1801,063,,625,12610,,,,,11,src_collected_ah_2025_group_admission
2025,AH,ordinary_undergraduate,physics,1801,064,,630,10491,,,,,16,src_collected_ah_2025_group_admission
2025,AH,ordinary_undergraduate,physics,1801,065,,644,5677,,,,,2,src_collected_ah_2025_group_admission
2025,AH,ordinary_undergraduate,physics,1801,066,,626,12412,,,,,7,src_collected_ah_2025_group_admission
2025,AH,ordinary_undergraduate,physics,1801,067,,614,18464,,,,,2,src_collected_ah_2025_group_admission
2025,AH,ordinary_undergraduate,physics,1801,068,,633,9443,,,,,19,src_collected_ah_2025_group_admission
2025,AH,ordinary_undergraduate,physics,1801,069,,627,11882,,,,,7,src_collected_ah_2025_group_admission
2025,AH,ordinary_undergraduate,physics,1801,070,,629,10895,,,,,9,src_collected_ah_2025_group_admission
2025,AH,ordinary_undergraduate,physics,1801,071,,630,10474,,,,,6,src_collected_ah_2025_group_admission
2025,AH,ordinary_undergraduate,physics,1808,002,,596,29192,,,,,7,src_collected_ah_2025_group_admission
2025,AH,ordinary_undergraduate,physics,1808,003,,593,31950,,,,,164,src_collected_ah_2025_group_admission
2025,AH,ordinary_undergraduate,physics,1809,001,,534,87792,,,,,12,src_collected_ah_2025_group_admission
2025,AH,ordinary_undergraduate,physics,1813,001,,549,71081,,,,,4,src_collected_ah_2025_group_admission
2025,AH,ordinary_undergraduate,physics,1813,002,,559,60439,,,,,77,src_collected_ah_2025_group_admission
2025,AH,ordinary_undergraduate,physics,1819,002,,587,36223,,,,,6,src_collected_ah_2025_group_admission
2025,AH,ordinary_undergraduate,physics,1819,003,,584,38072,,,,,65,src_collected_ah_2025_group_admission
2025,AH,ordinary_undergraduate,physics,1820,001,,531,92236,,,,,8,src_collected_ah_2025_group_admission
2025,AH,ordinary_undergraduate,physics,1820,002,,543,77510,,,,,30,src_collected_ah_2025_group_admission
2025,AH,ordinary_undergraduate,physics,1825,001,,574,46474,,,,,2,src_collected_ah_2025_group_admission
2025,AH,ordinary_undergraduate,physics,1825,002,,580,41171,,,,,4,src_collected_ah_2025_group_admission
2025,AH,ordinary_undergraduate,physics,1830,001,,549,70974,,,,,5,src_collected_ah_2025_group_admission
2025,AH,ordinary_undergraduate,physics,1830,002,,557,62719,,,,,10,src_collected_ah_2025_group_admission
2025,AH,ordinary_undergraduate,physics,1830,003,,580,41360,,,,,46,src_collected_ah_2025_group_admission
2025,AH,ordinary_undergraduate,physics,1830,004,,578,43253,,,,,17,src_collected_ah_2025_group_admission
2025,AH,ordinary_undergraduate,physics,1830,005,,584,38197,,,,,25,src_collected_ah_2025_group_admission
2025,AH,ordinary_undergraduate,physics,1830,006,,579,42266,,,,,19,src_collected_ah_2025_group_admission
2025,AH,ordinary_undergraduate,physics,1830,051,,567,52696,,,,,3,src_collected_ah_2025_group_admission
2025,AH,ordinary_undergraduate,physics,1830,052,,573,47117,,,,,4,src_collected_ah_2025_group_admission
2025,AH,ordinary_undergraduate,physics,1834,001,,497,139402,,,,,8,src_collected_ah_2025_group_admission
2025,AH,ordinary_undergraduate,physics,1834,002,,519,107258,,,,,22,src_collected_ah_2025_group_admission
2025,AH,ordinary_undergraduate,physics,1836,001,,461,191355,,,,,18,src_collected_ah_2025_group_admission
2025,AH,ordinary_undergraduate,physics,1836,002,,461,190402,,,,,6,src_collected_ah_2025_group_admission
2025,AH,ordinary_undergraduate,physics,1837,001,,486,154474,,,,,10,src_collected_ah_2025_group_admission
2025,AH,ordinary_undergraduate,physics,1850,001,,529,94173,,,,,4,src_collected_ah_2025_group_admission
2025,AH,ordinary_undergraduate,physics,1850,002,,529,94500,,,,,5,src_collected_ah_2025_group_admission
2025,AH,ordinary_undergraduate,physics,1851,001,,519,106972,,,,,18,src_collected_ah_2025_group_admission
2025,AH,ordinary_undergraduate,physics,1851,002,,522,103871,,,,,58,src_collected_ah_2025_group_admission
2025,AH,ordinary_undergraduate,physics,1852,001,,483,159636,,,,,9,src_collected_ah_2025_group_admission
2025,AH,ordinary_undergraduate,physics,1852,002,,482,161487,,,,,2,src_collected_ah_2025_group_admission
2025,AH,ordinary_undergraduate,physics,1854,001,,528,95252,,,,,21,src_collected_ah_2025_group_admission
2025,AH,ordinary_undergraduate,physics,1854,002,,546,74101,,,,,97,src_collected_ah_2025_group_admission
2025,AH,ordinary_undergraduate,physics,1854,003,,528,95167,,,,,10,src_collected_ah_2025_group_admission
2025,AH,ordinary_undergraduate,physics,1854,004,,582,39760,,,,,9,src_collected_ah_2025_group_admission
2025,AH,ordinary_undergraduate,physics,1854,005,,569,50947,,,,,3,src_collected_ah_2025_group_admission
2025,AH,ordinary_undergraduate,physics,1856,001,,531,91557,,,,,22,src_collected_ah_2025_group_admission
2025,AH,ordinary_undergraduate,physics,1856,002,,528,96047,,,,,15,src_collected_ah_2025_group_admission
2025,AH,ordinary_undergraduate,physics,1856,003,,525,99520,,,,,44,src_collected_ah_2025_group_admission
2025,AH,ordinary_undergraduate,physics,1856,004,,541,80196,,,,,35,src_collected_ah_2025_group_admission
2025,AH,ordinary_undergraduate,physics,1856,005,,528,95828,,,,,34,src_collected_ah_2025_group_admission
2025,AH,ordinary_undergraduate,physics,1856,006,,558,61312,,,,,13,src_collected_ah_2025_group_admission
2025,AH,ordinary_undergraduate,physics,1856,007,,557,62872,,,,,2,src_collected_ah_2025_group_admission
2025,AH,ordinary_undergraduate,physics,1858,001,,472,175696,,,,,14,src_collected_ah_2025_group_admission
2025,AH,ordinary_undergraduate,physics,1860,001,,541,80037,,,,,13,src_collected_ah_2025_group_admission
2025,AH,ordinary_undergraduate,physics,1860,002,,538,83576,,,,,16,src_collected_ah_2025_group_admission
2025,AH,ordinary_undergraduate,physics,1860,003,,536,86009,,,,,25,src_collected_ah_2025_group_admission
2025,AH,ordinary_undergraduate,physics,1860,004,,534,88349,,,,,1,src_collected_ah_2025_group_admission
2025,AH,ordinary_undergraduate,physics,1860,005,,558,62007,,,,,67,src_collected_ah_2025_group_admission
2025,AH,ordinary_undergraduate,physics,1860,006,,550,70511,,,,,52,src_collected_ah_2025_group_admission
2025,AH,ordinary_undergraduate,physics,1860,007,,560,59160,,,,,11,src_collected_ah_2025_group_admission
2025,AH,ordinary_undergraduate,physics,1875,001,,464,186493,,,,,5,src_collected_ah_2025_group_admission
2025,AH,ordinary_undergraduate,physics,1875,002,,472,175922,,,,,8,src_collected_ah_2025_group_admission
2025,AH,ordinary_undergraduate,physics,1875,003,,461,191253,,,,,23,src_collected_ah_2025_group_admission
2025,AH,ordinary_undergraduate,physics,1877,001,,493,145234,,,,,10,src_collected_ah_2025_group_admission
2025,AH,ordinary_undergraduate,physics,1879,001,,536,86281,,,,,23,src_collected_ah_2025_group_admission
2025,AH,ordinary_undergraduate,physics,1879,002,,513,115845,,,,,21,src_collected_ah_2025_group_admission
2025,AH,ordinary_undergraduate,physics,1879,003,,516,110837,,,,,73,src_collected_ah_2025_group_admission
2025,AH,ordinary_undergraduate,physics,1879,004,,543,77684,,,,,10,src_collected_ah_2025_group_admission
2025,AH,ordinary_undergraduate,physics,1879,005,,522,102976,,,,,10,src_collected_ah_2025_group_admission
2025,AH,ordinary_undergraduate,physics,1885,001,,498,136898,,,,,23,src_collected_ah_2025_group_admission
2025,AH,ordinary_undergraduate,physics,1887,001,,530,93023,,,,,9,src_collected_ah_2025_group_admission
2025,AH,ordinary_undergraduate,physics,1887,002,,541,80247,,,,,17,src_collected_ah_2025_group_admission
2025,AH,ordinary_undergraduate,physics,1890,001,,506,125209,,,,,2,src_collected_ah_2025_group_admission
2025,AH,ordinary_undergraduate,physics,1890,002,,512,116377,,,,,31,src_collected_ah_2025_group_admission
2025,AH,ordinary_undergraduate,physics,1890,003,,510,119180,,,,,8,src_collected_ah_2025_group_admission
2025,AH,ordinary_undergraduate,physics,1890,004,,515,112377,,,,,5,src_collected_ah_2025_group_admission
2025,AH,ordinary_undergraduate,physics,1890,005,,484,158767,,,,,3,src_collected_ah_2025_group_admission
2025,AH,ordinary_undergraduate,physics,1891,001,,487,152895,,,,,5,src_collected_ah_2025_group_admission
2025,AH,ordinary_undergraduate,physics,1892,001,,490,149236,,,,,40,src_collected_ah_2025_group_admission
2025,AH,ordinary_undergraduate,physics,1893,001,,506,125936,,,,,12,src_collected_ah_2025_group_admission
2025,AH,ordinary_undergraduate,physics,1897,001,,506,126002,,,,,9,src_collected_ah_2025_group_admission
2025,AH,ordinary_undergraduate,physics,1897,002,,495,141824,,,,,4,src_collected_ah_2025_group_admission
2025,AH,ordinary_undergraduate,physics,1897,003,,521,105082,,,,,38,src_collected_ah_2025_group_admission
2025,AH,ordinary_undergraduate,physics,1897,004,,506,124976,,,,,4,src_collected_ah_2025_group_admission
2025,AH,ordinary_undergraduate,physics,1898,001,,539,82233,,,,,1,src_collected_ah_2025_group_admission
2025,AH,ordinary_undergraduate,physics,1898,002,,529,94842,,,,,2,src_collected_ah_2025_group_admission
2025,AH,ordinary_undergraduate,physics,1898,003,,535,87137,,,,,30,src_collected_ah_2025_group_admission
2025,AH,ordinary_undergraduate,physics,1900,001,,524,100175,,,,,5,src_collected_ah_2025_group_admission
2025,AH,ordinary_undergraduate,physics,1901,001,,483,159653,,,,,8,src_collected_ah_2025_group_admission
2025,AH,ordinary_undergraduate,physics,1902,001,,504,128400,,,,,60,src_collected_ah_2025_group_admission
2025,AH,ordinary_undergraduate,physics,1906,001,,488,151977,,,,,24,src_collected_ah_2025_group_admission
2025,AH,ordinary_undergraduate,physics,1906,003,,489,151178,,,,,42,src_collected_ah_2025_group_admission
2025,AH,ordinary_undergraduate,physics,1906,004,,489,151215,,,,,2,src_collected_ah_2025_group_admission
2025,AH,ordinary_undergraduate,physics,1912,001,,622,14317,,,,,16,src_collected_ah_2025_group_admission
2025,AH,ordinary_undergraduate,physics,1912,002,,604,24101,,,,,4,src_collected_ah_2025_group_admission
2025,AH,ordinary_undergraduate,physics,1912,003,,592,32334,,,,,2,src_collected_ah_2025_group_admission
2025,AH,ordinary_undergraduate,physics,1916,002,,548,71717,,,,,10,src_collected_ah_2025_group_admission
2025,AH,ordinary_undergraduate,physics,1916,003,,572,48586,,,,,35,src_collected_ah_2025_group_admission
2025,AH,ordinary_undergraduate,physics,1916,004,,574,46405,,,,,5,src_collected_ah_2025_group_admission
2025,AH,ordinary_undergraduate,physics,1916,005,,568,51572,,,,,2,src_collected_ah_2025_group_admission
2025,AH,ordinary_undergraduate,physics,1918,001,,474,172319,,,,,6,src_collected_ah_2025_group_admission
2025,AH,ordinary_undergraduate,physics,1919,001,,520,105734,,,,,2,src_collected_ah_2025_group_admission
2025,AH,ordinary_undergraduate,physics,1919,002,,506,126164,,,,,15,src_collected_ah_2025_group_admission
2025,AH,ordinary_undergraduate,physics,1919,003,,512,117406,,,,,3,src_collected_ah_2025_group_admission
2025,AH,ordinary_undergraduate,physics,1921,001,,542,78866,,,,,14,src_collected_ah_2025_group_admission
2025,AH,ordinary_undergraduate,physics,1921,002,,505,126860,,,,,4,src_collected_ah_2025_group_admission
2025,AH,ordinary_undergraduate,physics,1929,001,,467,182490,,,,,4,src_collected_ah_2025_group_admission
2025,AH,ordinary_undergraduate,physics,1929,002,,467,182278,,,,,24,src_collected_ah_2025_group_admission
2025,AH,ordinary_undergraduate,physics,1930,001,,516,111312,,,,,13,src_collected_ah_2025_group_admission
2025,AH,ordinary_undergraduate,physics,1930,002,,520,105781,,,,,6,src_collected_ah_2025_group_admission
2025,AH,ordinary_undergraduate,physics,1930,003,,523,101787,,,,,9,src_collected_ah_2025_group_admission
2025,AH,ordinary_undergraduate,physics,1931,001,,489,150459,,,,,7,src_collected_ah_2025_group_admission
2025,AH,ordinary_undergraduate,physics,1931,002,,489,150957,,,,,25,src_collected_ah_2025_group_admission
2025,AH,ordinary_undergraduate,physics,1932,005,,612,19514,,,,,12,src_collected_ah_2025_group_admission
2025,AH,ordinary_undergraduate,physics,1932,006,,623,13429,,,,,77,src_collected_ah_2025_group_admission
2025,AH,ordinary_undergraduate,physics,1932,007,,619,15652,,,,,28,src_collected_ah_2025_group_admission
2025,AH,ordinary_undergraduate,physics,1933,001,,461,190899,,,,,11,src_collected_ah_2025_group_admission
2025,AH,ordinary_undergraduate,physics,1934,001,,498,137738,,,,,23,src_collected_ah_2025_group_admission
2025,AH,ordinary_undergraduate,physics,1935,001,,551,68660,,,,,8,src_collected_ah_2025_group_admission
2025,AH,ordinary_undergraduate,physics,1935,002,,555,64988,,,,,146,src_collected_ah_2025_group_admission
2025,AH,ordinary_undergraduate,physics,1935,003,,601,26052,,,,,3,src_collected_ah_2025_group_admission
2025,AH,ordinary_undergraduate,physics,1936,001,,529,94397,,,,,4,src_collected_ah_2025_group_admission
2025,AH,ordinary_undergraduate,physics,1936,002,,547,72890,,,,,84,src_collected_ah_2025_group_admission
2025,AH,ordinary_undergraduate,physics,1937,001,,502,131151,,,,,2,src_collected_ah_2025_group_admission
2025,AH,ordinary_undergraduate,physics,1937,002,,499,135507,,,,,2,src_collected_ah_2025_group_admission
2025,AH,ordinary_undergraduate,physics,1939,001,,493,144762,,,,,6,src_collected_ah_2025_group_admission
2025,AH,ordinary_undergraduate,physics,1940,001,,466,183799,,,,,2,src_collected_ah_2025_group_admission
2025,AH,ordinary_undergraduate,physics,1940,002,,465,184713,,,,,12,src_collected_ah_2025_group_admission
2025,AH,ordinary_undergraduate,physics,1941,002,,495,142112,,,,,4,src_collected_ah_2025_group_admission
2025,AH,ordinary_undergraduate,physics,1942,001,,494,143847,,,,,4,src_collected_ah_2025_group_admission
2025,AH,ordinary_undergraduate,physics,1942,002,,491,147132,,,,,6,src_collected_ah_2025_group_admission
2025,AH,ordinary_undergraduate,physics,1942,003,,511,117933,,,,,2,src_collected_ah_2025_group_admission
2025,AH,ordinary_undergraduate,physics,1944,001,,489,150150,,,,,10,src_collected_ah_2025_group_admission
2025,AH,ordinary_undergraduate,physics,1944,002,,500,133797,,,,,13,src_collected_ah_2025_group_admission
2025,AH,ordinary_undergraduate,physics,1944,003,,500,134023,,,,,5,src_collected_ah_2025_group_admission
2025,AH,ordinary_undergraduate,physics,1946,001,,465,184812,,,,,4,src_collected_ah_2025_group_admission
2025,AH,ordinary_undergraduate,physics,1946,002,,461,191189,,,,,19,src_collected_ah_2025_group_admission
2025,AH,ordinary_undergraduate,physics,1947,001,,534,87961,,,,,2,src_collected_ah_2025_group_admission
2025,AH,ordinary_undergraduate,physics,1947,002,,510,119727,,,,,7,src_collected_ah_2025_group_admission
2025,AH,ordinary_undergraduate,physics,1947,003,,556,63530,,,,,6,src_collected_ah_2025_group_admission
2025,AH,ordinary_undergraduate,physics,1947,004,,519,107163,,,,,48,src_collected_ah_2025_group_admission
2025,AH,ordinary_undergraduate,physics,1949,001,,512,116428,,,,,2,src_collected_ah_2025_group_admission
2025,AH,ordinary_undergraduate,physics,1951,001,,489,151202,,,,,25,src_collected_ah_2025_group_admission
2025,AH,ordinary_undergraduate,physics,1951,002,,489,150145,,,,,4,src_collected_ah_2025_group_admission
2025,AH,ordinary_undergraduate,physics,1951,003,,491,147822,,,,,3,src_collected_ah_2025_group_admission
2025,AH,ordinary_undergraduate,physics,1951,004,,490,149765,,,,,28,src_collected_ah_2025_group_admission
2025,AH,ordinary_undergraduate,physics,1952,001,,461,191343,,,,,16,src_collected_ah_2025_group_admission
2025,AH,ordinary_undergraduate,physics,1952,002,,461,190685,,,,,3,src_collected_ah_2025_group_admission
2025,AH,ordinary_undergraduate,physics,1953,001,,462,189694,,,,,3,src_collected_ah_2025_group_admission
2025,AH,ordinary_undergraduate,physics,1953,002,,465,184719,,,,,1,src_collected_ah_2025_group_admission
2025,AH,ordinary_undergraduate,physics,1954,002,,577,43849,,,,,11,src_collected_ah_2025_group_admission
2025,AH,ordinary_undergraduate,physics,1954,003,,589,34097,,,,,19,src_collected_ah_2025_group_admission
2025,AH,ordinary_undergraduate,physics,1954,004,,594,30770,,,,,6,src_collected_ah_2025_group_admission
2025,AH,ordinary_undergraduate,physics,1954,005,,586,36389,,,,,1,src_collected_ah_2025_group_admission
2025,AH,ordinary_undergraduate,physics,1954,006,,591,33284,,,,,3,src_collected_ah_2025_group_admission
2025,AH,ordinary_undergraduate,physics,1954,007,,594,30903,,,,,18,src_collected_ah_2025_group_admission
2025,AH,ordinary_undergraduate,physics,1954,008,,608,21615,,,,,15,src_collected_ah_2025_group_admission
2025,AH,ordinary_undergraduate,physics,1954,051,,578,43507,,,,,3,src_collected_ah_2025_group_admission
2025,AH,ordinary_undergraduate,physics,1954,052,,591,33309,,,,,2,src_collected_ah_2025_group_admission
2025,AH,ordinary_undergraduate,physics,1954,053,,587,36208,,,,,2,src_collected_ah_2025_group_admission
2025,AH,ordinary_undergraduate,physics,1954,054,,571,49609,,,,,2,src_collected_ah_2025_group_admission
2025,AH,ordinary_undergraduate,physics,1957,002,,521,104145,,,,,21,src_collected_ah_2025_group_admission
2025,AH,ordinary_undergraduate,physics,1957,003,,523,102672,,,,,133,src_collected_ah_2025_group_admission
2025,AH,ordinary_undergraduate,physics,1959,001,,515,112437,,,,,10,src_collected_ah_2025_group_admission
2025,AH,ordinary_undergraduate,physics,1959,002,,530,92961,,,,,76,src_collected_ah_2025_group_admission
2025,AH,ordinary_undergraduate,physics,1959,003,,493,144262,,,,,4,src_collected_ah_2025_group_admission
2025,AH,ordinary_undergraduate,physics,1962,002,,461,191229,,,,,39,src_collected_ah_2025_group_admission
2025,AH,ordinary_undergraduate,physics,1967,002,,524,100551,,,,,154,src_collected_ah_2025_group_admission
2025,AH,ordinary_undergraduate,physics,1967,003,,491,147634,,,,,4,src_collected_ah_2025_group_admission
2025,AH,ordinary_undergraduate,physics,1967,051,,517,110198,,,,,4,src_collected_ah_2025_group_admission
2025,AH,ordinary_undergraduate,physics,1968,001,,496,139694,,,,,60,src_collected_ah_2025_group_admission
2025,AH,ordinary_undergraduate,physics,1969,001,,463,188287,,,,,10,src_collected_ah_2025_group_admission
2025,AH,ordinary_undergraduate,physics,1969,002,,461,190417,,,,,16,src_collected_ah_2025_group_admission
2025,AH,ordinary_undergraduate,physics,1970,001,,462,189623,,,,,18,src_collected_ah_2025_group_admission
2025,AH,ordinary_undergraduate,physics,1970,002,,469,179732,,,,,1,src_collected_ah_2025_group_admission
2025,AH,ordinary_undergraduate,physics,1976,001,,524,100264,,,,,12,src_collected_ah_2025_group_admission
2025,AH,ordinary_undergraduate,physics,1976,002,,514,114089,,,,,4,src_collected_ah_2025_group_admission
2025,AH,ordinary_undergraduate,physics,1976,003,,517,110620,,,,,2,src_collected_ah_2025_group_admission
2025,AH,ordinary_undergraduate,physics,1976,004,,477,168279,,,,,9,src_collected_ah_2025_group_admission
2025,AH,ordinary_undergraduate,physics,1976,005,,542,78750,,,,,19,src_collected_ah_2025_group_admission
2025,AH,ordinary_undergraduate,physics,1978,002,,521,105345,,,,,15,src_collected_ah_2025_group_admission
2025,AH,ordinary_undergraduate,physics,1978,003,,522,103634,,,,,123,src_collected_ah_2025_group_admission
2025,AH,ordinary_undergraduate,physics,1985,001,,533,89945,,,,,15,src_collected_ah_2025_group_admission
2025,AH,ordinary_undergraduate,physics,1985,002,,505,127314,,,,,5,src_collected_ah_2025_group_admission
2025,AH,ordinary_undergraduate,physics,1985,003,,534,88652,,,,,7,src_collected_ah_2025_group_admission
2025,AH,ordinary_undergraduate,physics,1985,004,,508,122060,,,,,22,src_collected_ah_2025_group_admission
2025,AH,ordinary_undergraduate,physics,1985,005,,503,129746,,,,,4,src_collected_ah_2025_group_admission
2025,AH,ordinary_undergraduate,physics,1985,006,,516,110917,,,,,8,src_collected_ah_2025_group_admission
2025,AH,ordinary_undergraduate,physics,1989,001,,510,119139,,,,,3,src_collected_ah_2025_group_admission
2025,AH,ordinary_undergraduate,physics,1989,002,,530,93133,,,,,19,src_collected_ah_2025_group_admission
2025,AH,ordinary_undergraduate,physics,1989,003,,467,182355,,,,,4,src_collected_ah_2025_group_admission
2025,AH,ordinary_undergraduate,physics,1989,004,,526,98862,,,,,2,src_collected_ah_2025_group_admission
2025,AH,ordinary_undergraduate,physics,1989,005,,491,147333,,,,,1,src_collected_ah_2025_group_admission
2025,AH,ordinary_undergraduate,physics,1989,006,,515,113369,,,,,3,src_collected_ah_2025_group_admission
2025,AH,ordinary_undergraduate,physics,1992,001,,530,93146,,,,,3,src_collected_ah_2025_group_admission
2025,AH,ordinary_undergraduate,physics,1992,003,,530,92969,,,,,27,src_collected_ah_2025_group_admission
2025,AH,ordinary_undergraduate,physics,1995,001,,516,111875,,,,,6,src_collected_ah_2025_group_admission
2025,AH,ordinary_undergraduate,physics,1995,002,,503,130279,,,,,13,src_collected_ah_2025_group_admission
2025,AH,ordinary_undergraduate,physics,1995,003,,509,121284,,,,,17,src_collected_ah_2025_group_admission
2025,AH,ordinary_undergraduate,physics,1995,004,,497,138531,,,,,20,src_collected_ah_2025_group_admission
2025,AH,ordinary_undergraduate,physics,1995,005,,481,162907,,,,,5,src_collected_ah_2025_group_admission
2025,AH,ordinary_undergraduate,physics,1995,006,,491,147660,,,,,9,src_collected_ah_2025_group_admission
2025,AH,ordinary_undergraduate,physics,1996,001,,461,191152,,,,,16,src_collected_ah_2025_group_admission
2025,AH,ordinary_undergraduate,physics,1996,002,,461,190624,,,,,3,src_collected_ah_2025_group_admission
2025,AH,ordinary_undergraduate,physics,1999,001,,506,125304,,,,,2,src_collected_ah_2025_group_admission
2025,AH,ordinary_undergraduate,physics,1999,002,,501,132795,,,,,6,src_collected_ah_2025_group_admission
2025,AH,ordinary_undergraduate,physics,1999,003,,496,140939,,,,,4,src_collected_ah_2025_group_admission
2025,AH,ordinary_undergraduate,physics,2001,001,,493,145224,,,,,6,src_collected_ah_2025_group_admission
2025,AH,ordinary_undergraduate,physics,2001,002,,496,139905,,,,,38,src_collected_ah_2025_group_admission
2025,AH,ordinary_undergraduate,physics,2002,001,,491,147845,,,,,3,src_collected_ah_2025_group_admission
2025,AH,ordinary_undergraduate,physics,2002,002,,490,149764,,,,,5,src_collected_ah_2025_group_admission
2025,AH,ordinary_undergraduate,physics,2002,003,,501,132540,,,,,1,src_collected_ah_2025_group_admission
2025,AH,ordinary_undergraduate,physics,2002,004,,504,127783,,,,,3,src_collected_ah_2025_group_admission
2025,AH,ordinary_undergraduate,physics,2006,001,,511,117786,,,,,5,src_collected_ah_2025_group_admission
2025,AH,ordinary_undergraduate,physics,2006,002,,521,104766,,,,,41,src_collected_ah_2025_group_admission
2025,AH,ordinary_undergraduate,physics,2006,003,,486,155538,,,,,4,src_collected_ah_2025_group_admission
2025,AH,ordinary_undergraduate,physics,2008,001,,571,49407,,,,,17,src_collected_ah_2025_group_admission
2025,AH,ordinary_undergraduate,physics,2008,002,,588,34986,,,,,4,src_collected_ah_2025_group_admission
2025,AH,ordinary_undergraduate,physics,2009,001,,512,117013,,,,,12,src_collected_ah_2025_group_admission
2025,AH,ordinary_undergraduate,physics,2009,002,,519,107015,,,,,98,src_collected_ah_2025_group_admission
2025,AH,ordinary_undergraduate,physics,2010,001,,507,123973,,,,,27,src_collected_ah_2025_group_admission
2025,AH,ordinary_undergraduate,physics,2015,001,,500,134208,,,,,1,src_collected_ah_2025_group_admission
2025,AH,ordinary_undergraduate,physics,2015,002,,490,148962,,,,,2,src_collected_ah_2025_group_admission
2025,AH,ordinary_undergraduate,physics,2015,003,,491,148098,,,,,2,src_collected_ah_2025_group_admission
2025,AH,ordinary_undergraduate,physics,2015,004,,491,147731,,,,,21,src_collected_ah_2025_group_admission
2025,AH,ordinary_undergraduate,physics,2015,005,,489,150031,,,,,3,src_collected_ah_2025_group_admission
2025,AH,ordinary_undergraduate,physics,2017,001,,490,149515,,,,,2,src_collected_ah_2025_group_admission
2025,AH,ordinary_undergraduate,physics,2017,002,,496,139876,,,,,2,src_collected_ah_2025_group_admission
2025,AH,ordinary_undergraduate,physics,2017,003,,488,151439,,,,,2,src_collected_ah_2025_group_admission
2025,AH,ordinary_undergraduate,physics,2017,004,,490,148882,,,,,2,src_collected_ah_2025_group_admission
2025,AH,ordinary_undergraduate,physics,2020,001,,478,166793,,,,,4,src_collected_ah_2025_group_admission
2025,AH,ordinary_undergraduate,physics,2020,002,,485,155921,,,,,5,src_collected_ah_2025_group_admission
2025,AH,ordinary_undergraduate,physics,2022,001,,497,138363,,,,,2,src_collected_ah_2025_group_admission
2025,AH,ordinary_undergraduate,physics,2022,002,,506,126111,,,,,8,src_collected_ah_2025_group_admission
2025,AH,ordinary_undergraduate,physics,2022,003,,492,146050,,,,,2,src_collected_ah_2025_group_admission
2025,AH,ordinary_undergraduate,physics,2024,001,,503,129295,,,,,21,src_collected_ah_2025_group_admission
2025,AH,ordinary_undergraduate,physics,2027,001,,528,95634,,,,,10,src_collected_ah_2025_group_admission
2025,AH,ordinary_undergraduate,physics,2028,001,,461,190368,,,,,7,src_collected_ah_2025_group_admission
2025,AH,ordinary_undergraduate,physics,2028,002,,461,190363,,,,,4,src_collected_ah_2025_group_admission
2025,AH,ordinary_undergraduate,physics,2028,003,,462,189684,,,,,23,src_collected_ah_2025_group_admission
2025,AH,ordinary_undergraduate,physics,2029,001,,461,190655,,,,,8,src_collected_ah_2025_group_admission
2025,AH,ordinary_undergraduate,physics,2029,002,,461,191281,,,,,21,src_collected_ah_2025_group_admission
2025,AH,ordinary_undergraduate,physics,2030,001,,525,99274,,,,,2,src_collected_ah_2025_group_admission
2025,AH,ordinary_undergraduate,physics,2030,002,,533,89806,,,,,18,src_collected_ah_2025_group_admission
2025,AH,ordinary_undergraduate,physics,2030,003,,519,107738,,,,,3,src_collected_ah_2025_group_admission
2025,AH,ordinary_undergraduate,physics,2034,001,,489,149953,,,,,12,src_collected_ah_2025_group_admission
2025,AH,ordinary_undergraduate,physics,2034,002,,489,150758,,,,,19,src_collected_ah_2025_group_admission
2025,AH,ordinary_undergraduate,physics,2034,003,,493,144457,,,,,2,src_collected_ah_2025_group_admission
2025,AH,ordinary_undergraduate,physics,2035,001,,538,83990,,,,,12,src_collected_ah_2025_group_admission
2025,AH,ordinary_undergraduate,physics,2035,002,,502,132011,,,,,7,src_collected_ah_2025_group_admission
2025,AH,ordinary_undergraduate,physics,2035,003,,498,136710,,,,,13,src_collected_ah_2025_group_admission
2025,AH,ordinary_undergraduate,physics,2035,004,,542,78665,,,,,23,src_collected_ah_2025_group_admission
2025,AH,ordinary_undergraduate,physics,2035,005,,499,135594,,,,,7,src_collected_ah_2025_group_admission
2025,AH,ordinary_undergraduate,physics,2036,001,,596,29162,,,,,22,src_collected_ah_2025_group_admission
2025,AH,ordinary_undergraduate,physics,2036,002,,618,16172,,,,,22,src_collected_ah_2025_group_admission
2025,AH,ordinary_undergraduate,physics,2036,003,,599,27661,,,,,64,src_collected_ah_2025_group_admission
2025,AH,ordinary_undergraduate,physics,2036,004,,594,30997,,,,,30,src_collected_ah_2025_group_admission
2025,AH,ordinary_undergraduate,physics,2036,005,,597,28922,,,,,8,src_collected_ah_2025_group_admission
2025,AH,ordinary_undergraduate,physics,2036,006,,626,12216,,,,,3,src_collected_ah_2025_group_admission
2025,AH,ordinary_undergraduate,physics,2036,007,,587,35723,,,,,5,src_collected_ah_2025_group_admission
2025,AH,ordinary_undergraduate,physics,2037,003,,521,105098,,,,,24,src_collected_ah_2025_group_admission
2025,AH,ordinary_undergraduate,physics,2037,004,,533,90108,,,,,128,src_collected_ah_2025_group_admission
2025,AH,ordinary_undergraduate,physics,2037,005,,526,98420,,,,,12,src_collected_ah_2025_group_admission
2025,AH,ordinary_undergraduate,physics,2037,006,,512,116504,,,,,6,src_collected_ah_2025_group_admission
2025,AH,ordinary_undergraduate,physics,2038,001,,476,169381,,,,,9,src_collected_ah_2025_group_admission
2025,AH,ordinary_undergraduate,physics,2038,002,,475,170805,,,,,80,src_collected_ah_2025_group_admission
2025,AH,ordinary_undergraduate,physics,2039,001,,550,69979,,,,,7,src_collected_ah_2025_group_admission
2025,AH,ordinary_undergraduate,physics,2039,002,,570,50488,,,,,93,src_collected_ah_2025_group_admission
2025,AH,ordinary_undergraduate,physics,2039,003,,587,36261,,,,,79,src_collected_ah_2025_group_admission
2025,AH,ordinary_undergraduate,physics,2039,004,,589,34190,,,,,20,src_collected_ah_2025_group_admission
2025,AH,ordinary_undergraduate,physics,2039,005,,584,38559,,,,,14,src_collected_ah_2025_group_admission
2025,AH,ordinary_undergraduate,physics,2039,006,,573,47160,,,,,8,src_collected_ah_2025_group_admission
2025,AH,ordinary_undergraduate,physics,2041,001,,479,165315,,,,,18,src_collected_ah_2025_group_admission
2025,AH,ordinary_undergraduate,physics,2041,002,,480,163702,,,,,42,src_collected_ah_2025_group_admission
2025,AH,ordinary_undergraduate,physics,2042,001,,480,164520,,,,,11,src_collected_ah_2025_group_admission
2025,AH,ordinary_undergraduate,physics,2042,003,,479,165397,,,,,51,src_collected_ah_2025_group_admission
2025,AH,ordinary_undergraduate,physics,2042,004,,483,159560,,,,,3,src_collected_ah_2025_group_admission
2025,AH,ordinary_undergraduate,physics,2043,001,,513,115798,,,,,2,src_collected_ah_2025_group_admission
2025,AH,ordinary_undergraduate,physics,2043,002,,523,102712,,,,,6,src_collected_ah_2025_group_admission
2025,AH,ordinary_undergraduate,physics,2043,003,,523,101518,,,,,2,src_collected_ah_2025_group_admission
2025,AH,ordinary_undergraduate,physics,2044,001,,520,106048,,,,,6,src_collected_ah_2025_group_admission
2025,AH,ordinary_undergraduate,physics,2044,002,,521,104450,,,,,12,src_collected_ah_2025_group_admission
2025,AH,ordinary_undergraduate,physics,2044,003,,558,61726,,,,,4,src_collected_ah_2025_group_admission
2025,AH,ordinary_undergraduate,physics,2044,004,,576,45069,,,,,3,src_collected_ah_2025_group_admission
2025,AH,ordinary_undergraduate,physics,2044,005,,526,98829,,,,,2,src_collected_ah_2025_group_admission
2025,AH,ordinary_undergraduate,physics,2044,006,,550,69967,,,,,3,src_collected_ah_2025_group_admission
2025,AH,ordinary_undergraduate,physics,2044,007,,521,104905,,,,,5,src_collected_ah_2025_group_admission
2025,AH,ordinary_undergraduate,physics,2044,008,,538,83763,,,,,6,src_collected_ah_2025_group_admission
2025,AH,ordinary_undergraduate,physics,2045,001,,479,165213,,,,,17,src_collected_ah_2025_group_admission
2025,AH,ordinary_undergraduate,physics,2047,001,,478,167291,,,,,28,src_collected_ah_2025_group_admission
2025,AH,ordinary_undergraduate,physics,2052,001,,596,29660,,,,,46,src_collected_ah_2025_group_admission
2025,AH,ordinary_undergraduate,physics,2053,001,,522,103726,,,,,20,src_collected_ah_2025_group_admission
2025,AH,ordinary_undergraduate,physics,2053,002,,546,74672,,,,,139,src_collected_ah_2025_group_admission
2025,AH,ordinary_undergraduate,physics,2054,002,,584,38028,,,,,70,src_collected_ah_2025_group_admission
2025,AH,ordinary_undergraduate,physics,2054,003,,578,43421,,,,,9,src_collected_ah_2025_group_admission
2025,AH,ordinary_undergraduate,physics,2054,004,,594,30568,,,,,23,src_collected_ah_2025_group_admission
2025,AH,ordinary_undergraduate,physics,2056,001,,476,170104,,,,,10,src_collected_ah_2025_group_admission
2025,AH,ordinary_undergraduate,physics,2056,002,,499,135616,,,,,15,src_collected_ah_2025_group_admission
2025,AH,ordinary_undergraduate,physics,2057,003,,672,749,,,,,64,src_collected_ah_2025_group_admission
2025,AH,ordinary_undergraduate,physics,2057,004,,649,4329,,,,,6,src_collected_ah_2025_group_admission
2025,AH,ordinary_undergraduate,physics,2059,001,,589,34110,,,,,8,src_collected_ah_2025_group_admission
2025,AH,ordinary_undergraduate,physics,2059,002,,592,32280,,,,,71,src_collected_ah_2025_group_admission
2025,AH,ordinary_undergraduate,physics,2059,003,,523,102067,,,,,12,src_collected_ah_2025_group_admission
2025,AH,ordinary_undergraduate,physics,2059,051,,599,27548,,,,,5,src_collected_ah_2025_group_admission
2025,AH,ordinary_undergraduate,physics,2060,002,,596,29730,,,,,4,src_collected_ah_2025_group_admission
2025,AH,ordinary_undergraduate,physics,2060,003,,597,29066,,,,,70,src_collected_ah_2025_group_admission
2025,AH,ordinary_undergraduate,physics,2060,004,,582,39589,,,,,8,src_collected_ah_2025_group_admission
2025,AH,ordinary_undergraduate,physics,2060,051,,582,40184,,,,,9,src_collected_ah_2025_group_admission
2025,AH,ordinary_undergraduate,physics,2061,001,,544,76661,,,,,14,src_collected_ah_2025_group_admission
2025,AH,ordinary_undergraduate,physics,2062,004,,642,6166,,,,,242,src_collected_ah_2025_group_admission
2025,AH,ordinary_undergraduate,physics,2062,005,,628,11251,,,,,6,src_collected_ah_2025_group_admission
2025,AH,ordinary_undergraduate,physics,2067,005,,638,7565,,,,,239,src_collected_ah_2025_group_admission
2025,AH,ordinary_undergraduate,physics,2068,002,,592,32506,,,,,24,src_collected_ah_2025_group_admission
2025,AH,ordinary_undergraduate,physics,2068,003,,590,33978,,,,,35,src_collected_ah_2025_group_admission
2025,AH,ordinary_undergraduate,physics,2068,004,,561,58640,,,,,12,src_collected_ah_2025_group_admission
2025,AH,ordinary_undergraduate,physics,2068,005,,596,29337,,,,,2,src_collected_ah_2025_group_admission
2025,AH,ordinary_undergraduate,physics,2068,051,,586,36711,,,,,39,src_collected_ah_2025_group_admission
2025,AH,ordinary_undergraduate,physics,2068,052,,599,27106,,,,,5,src_collected_ah_2025_group_admission
2025,AH,ordinary_undergraduate,physics,2068,053,,588,34929,,,,,74,src_collected_ah_2025_group_admission
2025,AH,ordinary_undergraduate,physics,2068,054,,601,26279,,,,,39,src_collected_ah_2025_group_admission
2025,AH,ordinary_undergraduate,physics,2068,055,,608,21874,,,,,14,src_collected_ah_2025_group_admission
2025,AH,ordinary_undergraduate,physics,2070,005,,600,26572,,,,,50,src_collected_ah_2025_group_admission
2025,AH,ordinary_undergraduate,physics,2070,006,,603,24663,,,,,179,src_collected_ah_2025_group_admission
2025,AH,ordinary_undergraduate,physics,2071,002,,596,29366,,,,,26,src_collected_ah_2025_group_admission
2025,AH,ordinary_undergraduate,physics,2071,003,,583,38718,,,,,10,src_collected_ah_2025_group_admission
2025,AH,ordinary_undergraduate,physics,2071,004,,601,26086,,,,,8,src_collected_ah_2025_group_admission
2025,AH,ordinary_undergraduate,physics,2072,006,,607,22245,,,,,18,src_collected_ah_2025_group_admission
2025,AH,ordinary_undergraduate,physics,2072,007,,620,15164,,,,,56,src_collected_ah_2025_group_admission
2025,AH,ordinary_undergraduate,physics,2072,008,,612,19326,,,,,10,src_collected_ah_2025_group_admission
2025,AH,ordinary_undergraduate,physics,2074,001,,509,121142,,,,,33,src_collected_ah_2025_group_admission
2025,AH,ordinary_undergraduate,physics,2074,002,,507,123460,,,,,6,src_collected_ah_2025_group_admission
2025,AH,ordinary_undergraduate,physics,2074,003,,508,122412,,,,,45,src_collected_ah_2025_group_admission
2025,AH,ordinary_undergraduate,physics,2075,001,,526,98393,,,,,4,src_collected_ah_2025_group_admission
2025,AH,ordinary_undergraduate,physics,2075,002,,523,102686,,,,,8,src_collected_ah_2025_group_admission
2025,AH,ordinary_undergraduate,physics,2077,001,,560,59524,,,,,2,src_collected_ah_2025_group_admission
2025,AH,ordinary_undergraduate,physics,2077,002,,549,71368,,,,,53,src_collected_ah_2025_group_admission
2025,AH,ordinary_undergraduate,physics,2077,003,,559,60792,,,,,4,src_collected_ah_2025_group_admission
2025,AH,ordinary_undergraduate,physics,2078,002,,606,22982,,,,,5,src_collected_ah_2025_group_admission
2025,AH,ordinary_undergraduate,physics,2078,003,,602,25690,,,,,140,src_collected_ah_2025_group_admission
2025,AH,ordinary_undergraduate,physics,2078,004,,589,34755,,,,,11,src_collected_ah_2025_group_admission
2025,AH,ordinary_undergraduate,physics,2080,001,,588,35132,,,,,2,src_collected_ah_2025_group_admission
2025,AH,ordinary_undergraduate,physics,2080,002,,617,16848,,,,,23,src_collected_ah_2025_group_admission
2025,AH,ordinary_undergraduate,physics,2080,003,,590,33528,,,,,7,src_collected_ah_2025_group_admission
2025,AH,ordinary_undergraduate,physics,2081,001,,577,44424,,,,,1,src_collected_ah_2025_group_admission
2025,AH,ordinary_undergraduate,physics,2082,002,,620,15163,,,,,154,src_collected_ah_2025_group_admission
2025,AH,ordinary_undergraduate,physics,2083,001,,603,24649,,,,,17,src_collected_ah_2025_group_admission
2025,AH,ordinary_undergraduate,physics,2083,002,,595,29891,,,,,12,src_collected_ah_2025_group_admission
2025,AH,ordinary_undergraduate,physics,2083,003,,577,43652,,,,,28,src_collected_ah_2025_group_admission
2025,AH,ordinary_undergraduate,physics,2084,003,,651,3771,,,,,6,src_collected_ah_2025_group_admission
2025,AH,ordinary_undergraduate,physics,2084,004,,657,2562,,,,,77,src_collected_ah_2025_group_admission
2025,AH,ordinary_undergraduate,physics,2086,001,,505,127397,,,,,9,src_collected_ah_2025_group_admission
2025,AH,ordinary_undergraduate,physics,2086,002,,514,114063,,,,,12,src_collected_ah_2025_group_admission
2025,AH,ordinary_undergraduate,physics,2087,001,,468,180829,,,,,12,src_collected_ah_2025_group_admission
2025,AH,ordinary_undergraduate,physics,2087,002,,477,168321,,,,,14,src_collected_ah_2025_group_admission
2025,AH,ordinary_undergraduate,physics,2088,001,,488,151680,,,,,5,src_collected_ah_2025_group_admission
2025,AH,ordinary_undergraduate,physics,2089,001,,562,57566,,,,,11,src_collected_ah_2025_group_admission
2025,AH,ordinary_undergraduate,physics,2089,002,,584,38314,,,,,80,src_collected_ah_2025_group_admission
2025,AH,ordinary_undergraduate,physics,2089,003,,545,75907,,,,,6,src_collected_ah_2025_group_admission
2025,AH,ordinary_undergraduate,physics,2089,004,,584,38463,,,,,2,src_collected_ah_2025_group_admission
2025,AH,ordinary_undergraduate,physics,2091,001,,477,168222,,,,,80,src_collected_ah_2025_group_admission
2025,AH,ordinary_undergraduate,physics,2095,001,,496,140221,,,,,7,src_collected_ah_2025_group_admission
2025,AH,ordinary_undergraduate,physics,2095,002,,505,127609,,,,,2,src_collected_ah_2025_group_admission
2025,AH,ordinary_undergraduate,physics,2095,003,,502,131654,,,,,5,src_collected_ah_2025_group_admission
2025,AH,ordinary_undergraduate,physics,2095,004,,512,117019,,,,,2,src_collected_ah_2025_group_admission
2025,AH,ordinary_undergraduate,physics,2095,005,,519,107047,,,,,22,src_collected_ah_2025_group_admission
2025,AH,ordinary_undergraduate,physics,2095,006,,516,110948,,,,,9,src_collected_ah_2025_group_admission
2025,AH,ordinary_undergraduate,physics,2095,007,,494,143892,,,,,11,src_collected_ah_2025_group_admission
2025,AH,ordinary_undergraduate,physics,2095,008,,502,131984,,,,,13,src_collected_ah_2025_group_admission
2025,AH,ordinary_undergraduate,physics,2095,009,,506,125014,,,,,6,src_collected_ah_2025_group_admission
2025,AH,ordinary_undergraduate,physics,2095,010,,511,118919,,,,,1,src_collected_ah_2025_group_admission
2025,AH,ordinary_undergraduate,physics,2095,011,,508,123308,,,,,5,src_collected_ah_2025_group_admission
2025,AH,ordinary_undergraduate,physics,2095,012,,486,154778,,,,,5,src_collected_ah_2025_group_admission
2025,AH,ordinary_undergraduate,physics,2097,001,,497,138467,,,,,11,src_collected_ah_2025_group_admission
2025,AH,ordinary_undergraduate,physics,2097,002,,489,150860,,,,,2,src_collected_ah_2025_group_admission
2025,AH,ordinary_undergraduate,physics,2097,003,,504,128326,,,,,34,src_collected_ah_2025_group_admission
2025,AH,ordinary_undergraduate,physics,2097,004,,498,136532,,,,,36,src_collected_ah_2025_group_admission
2025,AH,ordinary_undergraduate,physics,2097,005,,503,130288,,,,,3,src_collected_ah_2025_group_admission
2025,AH,ordinary_undergraduate,physics,2100,001,,506,125771,,,,,6,src_collected_ah_2025_group_admission
2025,AH,ordinary_undergraduate,physics,2100,002,,513,115700,,,,,26,src_collected_ah_2025_group_admission
2025,AH,ordinary_undergraduate,physics,2100,003,,521,104659,,,,,2,src_collected_ah_2025_group_admission
2025,AH,ordinary_undergraduate,physics,2101,001,,503,130266,,,,,9,src_collected_ah_2025_group_admission
2025,AH,ordinary_undergraduate,physics,2101,002,,501,133213,,,,,4,src_collected_ah_2025_group_admission
2025,AH,ordinary_undergraduate,physics,2101,003,,507,124137,,,,,12,src_collected_ah_2025_group_admission
2025,AH,ordinary_undergraduate,physics,2102,001,,585,37282,,,,,2,src_collected_ah_2025_group_admission
2025,AH,ordinary_undergraduate,physics,2102,002,,580,41394,,,,,2,src_collected_ah_2025_group_admission
2025,AH,ordinary_undergraduate,physics,2102,003,,576,44765,,,,,22,src_collected_ah_2025_group_admission
2025,AH,ordinary_undergraduate,physics,2102,051,,597,28628,,,,,1,src_collected_ah_2025_group_admission
2025,AH,ordinary_undergraduate,physics,2102,052,,578,43316,,,,,10,src_collected_ah_2025_group_admission
2025,AH,ordinary_undergraduate,physics,2102,053,,604,24356,,,,,4,src_collected_ah_2025_group_admission
2025,AH,ordinary_undergraduate,physics,2102,054,,584,38333,,,,,2,src_collected_ah_2025_group_admission
2025,AH,ordinary_undergraduate,physics,2104,001,,484,157541,,,,,5,src_collected_ah_2025_group_admission
2025,AH,ordinary_undergraduate,physics,2104,002,,493,145336,,,,,5,src_collected_ah_2025_group_admission
2025,AH,ordinary_undergraduate,physics,2104,003,,501,133206,,,,,67,src_collected_ah_2025_group_admission
2025,AH,ordinary_undergraduate,physics,2106,001,,501,132825,,,,,6,src_collected_ah_2025_group_admission
2025,AH,ordinary_undergraduate,physics,2106,002,,501,133046,,,,,8,src_collected_ah_2025_group_admission
2025,AH,ordinary_undergraduate,physics,2106,003,,505,127318,,,,,85,src_collected_ah_2025_group_admission
2025,AH,ordinary_undergraduate,physics,2106,004,,506,125294,,,,,2,src_collected_ah_2025_group_admission
2025,AH,ordinary_undergraduate,physics,2107,001,,484,157728,,,,,3,src_collected_ah_2025_group_admission
2025,AH,ordinary_undergraduate,physics,2107,002,,492,146176,,,,,1,src_collected_ah_2025_group_admission
2025,AH,ordinary_undergraduate,physics,2107,003,,487,153099,,,,,4,src_collected_ah_2025_group_admission
2025,AH,ordinary_undergraduate,physics,2107,004,,499,136382,,,,,2,src_collected_ah_2025_group_admission
2025,AH,ordinary_undergraduate,physics,2108,001,,534,87951,,,,,6,src_collected_ah_2025_group_admission
2025,AH,ordinary_undergraduate,physics,2108,002,,493,145191,,,,,2,src_collected_ah_2025_group_admission
2025,AH,ordinary_undergraduate,physics,2108,003,,488,151396,,,,,2,src_collected_ah_2025_group_admission
2025,AH,ordinary_undergraduate,physics,2109,001,,497,139089,,,,,9,src_collected_ah_2025_group_admission
2025,AH,ordinary_undergraduate,physics,2109,002,,499,135326,,,,,7,src_collected_ah_2025_group_admission
2025,AH,ordinary_undergraduate,physics,2109,003,,489,151349,,,,,10,src_collected_ah_2025_group_admission
2025,AH,ordinary_undergraduate,physics,2109,004,,494,143851,,,,,2,src_collected_ah_2025_group_admission
2025,AH,ordinary_undergraduate,physics,2109,005,,547,73462,,,,,2,src_collected_ah_2025_group_admission
2025,AH,ordinary_undergraduate,physics,2109,006,,492,145934,,,,,4,src_collected_ah_2025_group_admission
2025,AH,ordinary_undergraduate,physics,2110,001,,494,143098,,,,,36,src_collected_ah_2025_group_admission
2025,AH,ordinary_undergraduate,physics,2110,002,,492,146871,,,,,9,src_collected_ah_2025_group_admission
2025,AH,ordinary_undergraduate,physics,2110,003,,496,139470,,,,,11,src_collected_ah_2025_group_admission
2025,AH,ordinary_undergraduate,physics,2110,004,,508,122558,,,,,26,src_collected_ah_2025_group_admission
2025,AH,ordinary_undergraduate,physics,2110,005,,503,129334,,,,,2,src_collected_ah_2025_group_admission
2025,AH,ordinary_undergraduate,physics,2111,001,,498,137438,,,,,10,src_collected_ah_2025_group_admission
2025,AH,ordinary_undergraduate,physics,2111,002,,497,137961,,,,,21,src_collected_ah_2025_group_admission
2025,AH,ordinary_undergraduate,physics,2112,001,,549,70742,,,,,10,src_collected_ah_2025_group_admission
2025,AH,ordinary_undergraduate,physics,2112,002,,490,149528,,,,,5,src_collected_ah_2025_group_admission
2025,AH,ordinary_undergraduate,physics,2112,003,,539,82493,,,,,3,src_collected_ah_2025_group_admission
2025,AH,ordinary_undergraduate,physics,2112,004,,530,93441,,,,,1,src_collected_ah_2025_group_admission
2025,AH,ordinary_undergraduate,physics,2112,005,,523,102302,,,,,6,src_collected_ah_2025_group_admission
2025,AH,ordinary_undergraduate,physics,2114,001,,479,166049,,,,,19,src_collected_ah_2025_group_admission
2025,AH,ordinary_undergraduate,physics,2114,002,,478,166190,,,,,19,src_collected_ah_2025_group_admission
2025,AH,ordinary_undergraduate,physics,2116,003,,597,28952,,,,,4,src_collected_ah_2025_group_admission
2025,AH,ordinary_undergraduate,physics,2116,004,,594,30593,,,,,3,src_collected_ah_2025_group_admission
2025,AH,ordinary_undergraduate,physics,2116,005,,604,24290,,,,,3,src_collected_ah_2025_group_admission
2025,AH,ordinary_undergraduate,physics,2116,006,,600,26818,,,,,105,src_collected_ah_2025_group_admission
2025,AH,ordinary_undergraduate,physics,2116,007,,564,55128,,,,,5,src_collected_ah_2025_group_admission
2025,AH,ordinary_undergraduate,physics,2117,001,,530,92944,,,,,9,src_collected_ah_2025_group_admission
2025,AH,ordinary_undergraduate,physics,2117,002,,539,82928,,,,,83,src_collected_ah_2025_group_admission
2025,AH,ordinary_undergraduate,physics,2117,003,,532,91306,,,,,14,src_collected_ah_2025_group_admission
2025,AH,ordinary_undergraduate,physics,2117,004,,521,105142,,,,,14,src_collected_ah_2025_group_admission
2025,AH,ordinary_undergraduate,physics,2118,001,,556,63888,,,,,13,src_collected_ah_2025_group_admission
2025,AH,ordinary_undergraduate,physics,2118,002,,552,67836,,,,,44,src_collected_ah_2025_group_admission
2025,AH,ordinary_undergraduate,physics,2122,001,,500,133772,,,,,16,src_collected_ah_2025_group_admission
2025,AH,ordinary_undergraduate,physics,2122,002,,502,131672,,,,,3,src_collected_ah_2025_group_admission
2025,AH,ordinary_undergraduate,physics,2124,001,,575,46078,,,,,4,src_collected_ah_2025_group_admission
2025,AH,ordinary_undergraduate,physics,2124,002,,593,31828,,,,,18,src_collected_ah_2025_group_admission
2025,AH,ordinary_undergraduate,physics,2124,003,,588,34960,,,,,23,src_collected_ah_2025_group_admission
2025,AH,ordinary_undergraduate,physics,2124,004,,584,38502,,,,,14,src_collected_ah_2025_group_admission
2025,AH,ordinary_undergraduate,physics,2124,005,,566,53817,,,,,27,src_collected_ah_2025_group_admission
2025,AH,ordinary_undergraduate,physics,2124,006,,577,44012,,,,,8,src_collected_ah_2025_group_admission
2025,AH,ordinary_undergraduate,physics,2125,001,,476,170234,,,,,3,src_collected_ah_2025_group_admission
2025,AH,ordinary_undergraduate,physics,2125,002,,461,191299,,,,,60,src_collected_ah_2025_group_admission
2025,AH,ordinary_undergraduate,physics,2126,001,,493,145402,,,,,4,src_collected_ah_2025_group_admission
2025,AH,ordinary_undergraduate,physics,2126,002,,508,122517,,,,,12,src_collected_ah_2025_group_admission
2025,AH,ordinary_undergraduate,physics,2126,003,,518,108513,,,,,4,src_collected_ah_2025_group_admission
2025,AH,ordinary_undergraduate,physics,2128,001,,565,54524,,,,,1,src_collected_ah_2025_group_admission
2025,AH,ordinary_undergraduate,physics,2128,002,,551,68631,,,,,10,src_collected_ah_2025_group_admission
2025,AH,ordinary_undergraduate,physics,2128,003,,532,90976,,,,,3,src_collected_ah_2025_group_admission
2025,AH,ordinary_undergraduate,physics,2128,004,,505,127116,,,,,16,src_collected_ah_2025_group_admission
2025,AH,ordinary_undergraduate,physics,2128,005,,522,103518,,,,,1,src_collected_ah_2025_group_admission
2025,AH,ordinary_undergraduate,physics,2128,006,,505,126543,,,,,6,src_collected_ah_2025_group_admission
2025,AH,ordinary_undergraduate,physics,2131,001,,497,138959,,,,,4,src_collected_ah_2025_group_admission
2025,AH,ordinary_undergraduate,physics,2131,002,,549,71563,,,,,4,src_collected_ah_2025_group_admission
2025,AH,ordinary_undergraduate,physics,2134,001,,494,142880,,,,,6,src_collected_ah_2025_group_admission
2025,AH,ordinary_undergraduate,physics,2134,002,,494,142789,,,,,25,src_collected_ah_2025_group_admission
2025,AH,ordinary_undergraduate,physics,2136,001,,497,138321,,,,,4,src_collected_ah_2025_group_admission
2025,AH,ordinary_undergraduate,physics,2136,002,,493,144592,,,,,8,src_collected_ah_2025_group_admission
2025,AH,ordinary_undergraduate,physics,2137,001,,497,138431,,,,,16,src_collected_ah_2025_group_admission
2025,AH,ordinary_undergraduate,physics,2137,002,,501,132737,,,,,36,src_collected_ah_2025_group_admission
2025,AH,ordinary_undergraduate,physics,2137,003,,503,129773,,,,,4,src_collected_ah_2025_group_admission
2025,AH,ordinary_undergraduate,physics,2141,001,,488,151542,,,,,5,src_collected_ah_2025_group_admission
2025,AH,ordinary_undergraduate,physics,2142,001,,543,77393,,,,,81,src_collected_ah_2025_group_admission
2025,AH,ordinary_undergraduate,physics,2143,001,,475,171091,,,,,4,src_collected_ah_2025_group_admission
2025,AH,ordinary_undergraduate,physics,2143,002,,469,180114,,,,,55,src_collected_ah_2025_group_admission
2025,AH,ordinary_undergraduate,physics,2143,003,,469,180434,,,,,14,src_collected_ah_2025_group_admission
2025,AH,ordinary_undergraduate,physics,2144,001,,463,188508,,,,,3,src_collected_ah_2025_group_admission
2025,AH,ordinary_undergraduate,physics,2145,001,,484,157679,,,,,2,src_collected_ah_2025_group_admission
2025,AH,ordinary_undergraduate,physics,2145,002,,483,159457,,,,,6,src_collected_ah_2025_group_admission
2025,AH,ordinary_undergraduate,physics,2145,003,,484,157440,,,,,46,src_collected_ah_2025_group_admission
2025,AH,ordinary_undergraduate,physics,2146,001,,502,131618,,,,,35,src_collected_ah_2025_group_admission
2025,AH,ordinary_undergraduate,physics,2148,001,,461,191391,,,,,16,src_collected_ah_2025_group_admission
2025,AH,ordinary_undergraduate,physics,2148,002,,461,191158,,,,,4,src_collected_ah_2025_group_admission
2025,AH,ordinary_undergraduate,physics,2149,001,,490,148663,,,,,39,src_collected_ah_2025_group_admission
2025,AH,ordinary_undergraduate,physics,2149,002,,528,95818,,,,,37,src_collected_ah_2025_group_admission
2025,AH,ordinary_undergraduate,physics,2149,003,,490,148721,,,,,12,src_collected_ah_2025_group_admission
2025,AH,ordinary_undergraduate,physics,2149,004,,490,149129,,,,,27,src_collected_ah_2025_group_admission
2025,AH,ordinary_undergraduate,physics,2156,001,,467,183028,,,,,13,src_collected_ah_2025_group_admission
2025,AH,ordinary_undergraduate,physics,2156,002,,472,174968,,,,,14,src_collected_ah_2025_group_admission
2025,AH,ordinary_undergraduate,physics,2156,003,,471,177362,,,,,19,src_collected_ah_2025_group_admission
2025,AH,ordinary_undergraduate,physics,2157,001,,476,169280,,,,,2,src_collected_ah_2025_group_admission
2025,AH,ordinary_undergraduate,physics,2157,002,,468,180823,,,,,6,src_collected_ah_2025_group_admission
2025,AH,ordinary_undergraduate,physics,2157,003,,470,177925,,,,,3,src_collected_ah_2025_group_admission
2025,AH,ordinary_undergraduate,physics,2157,004,,480,164514,,,,,9,src_collected_ah_2025_group_admission
2025,AH,ordinary_undergraduate,physics,2157,005,,479,164931,,,,,7,src_collected_ah_2025_group_admission
2025,AH,ordinary_undergraduate,physics,2157,006,,465,184988,,,,,4,src_collected_ah_2025_group_admission
2025,AH,ordinary_undergraduate,physics,2158,001,,584,38560,,,,,6,src_collected_ah_2025_group_admission
2025,AH,ordinary_undergraduate,physics,2158,002,,597,29121,,,,,18,src_collected_ah_2025_group_admission
2025,AH,ordinary_undergraduate,physics,2158,003,,581,40301,,,,,10,src_collected_ah_2025_group_admission
2025,AH,ordinary_undergraduate,physics,2158,004,,581,40792,,,,,1,src_collected_ah_2025_group_admission
2025,AH,ordinary_undergraduate,physics,2160,001,,462,188682,,,,,2,src_collected_ah_2025_group_admission
2025,AH,ordinary_undergraduate,physics,2160,002,,477,168739,,,,,22,src_collected_ah_2025_group_admission
2025,AH,ordinary_undergraduate,physics,2162,001,,461,190812,,,,,6,src_collected_ah_2025_group_admission
2025,AH,ordinary_undergraduate,physics,2162,002,,467,182413,,,,,1,src_collected_ah_2025_group_admission
2025,AH,ordinary_undergraduate,physics,2163,001,,470,178631,,,,,48,src_collected_ah_2025_group_admission
2025,AH,ordinary_undergraduate,physics,2163,002,,464,187241,,,,,3,src_collected_ah_2025_group_admission
2025,AH,ordinary_undergraduate,physics,2165,001,,571,49624,,,,,62,src_collected_ah_2025_group_admission
2025,AH,ordinary_undergraduate,physics,2165,002,,523,102591,,,,,28,src_collected_ah_2025_group_admission
2025,AH,ordinary_undergraduate,physics,2166,001,,534,88257,,,,,13,src_collected_ah_2025_group_admission
2025,AH,ordinary_undergraduate,physics,2166,002,,562,57976,,,,,9,src_collected_ah_2025_group_admission
2025,AH,ordinary_undergraduate,physics,2166,003,,509,121381,,,,,3,src_collected_ah_2025_group_admission
2025,AH,ordinary_undergraduate,physics,2166,004,,571,49318,,,,,61,src_collected_ah_2025_group_admission
2025,AH,ordinary_undergraduate,physics,2166,005,,526,98521,,,,,4,src_collected_ah_2025_group_admission
2025,AH,ordinary_undergraduate,physics,2167,001,,518,108188,,,,,26,src_collected_ah_2025_group_admission
2025,AH,ordinary_undergraduate,physics,2170,001,,579,42456,,,,,7,src_collected_ah_2025_group_admission
2025,AH,ordinary_undergraduate,physics,2170,002,,572,48217,,,,,1,src_collected_ah_2025_group_admission
2025,AH,ordinary_undergraduate,physics,2170,004,,574,46258,,,,,81,src_collected_ah_2025_group_admission
2025,AH,ordinary_undergraduate,physics,2170,005,,558,61554,,,,,15,src_collected_ah_2025_group_admission
2025,AH,ordinary_undergraduate,physics,2172,001,,501,132634,,,,,2,src_collected_ah_2025_group_admission
2025,AH,ordinary_undergraduate,physics,2173,001,,502,130754,,,,,7,src_collected_ah_2025_group_admission
2025,AH,ordinary_undergraduate,physics,2173,002,,514,113596,,,,,10,src_collected_ah_2025_group_admission
2025,AH,ordinary_undergraduate,physics,2173,003,,511,117787,,,,,4,src_collected_ah_2025_group_admission
2025,AH,ordinary_undergraduate,physics,2173,004,,481,163201,,,,,6,src_collected_ah_2025_group_admission
2025,AH,ordinary_undergraduate,physics,2174,001,,501,133352,,,,,2,src_collected_ah_2025_group_admission
2025,AH,ordinary_undergraduate,physics,2174,002,,519,107147,,,,,8,src_collected_ah_2025_group_admission
2025,AH,ordinary_undergraduate,physics,2175,001,,490,149763,,,,,2,src_collected_ah_2025_group_admission
2025,AH,ordinary_undergraduate,physics,2176,004,,688,85,,,,,52,src_collected_ah_2025_group_admission
2025,AH,ordinary_undergraduate,physics,2178,001,,491,148122,,,,,11,src_collected_ah_2025_group_admission
2025,AH,ordinary_undergraduate,physics,2178,002,,490,148758,,,,,2,src_collected_ah_2025_group_admission
2025,AH,ordinary_undergraduate,physics,2178,003,,473,174471,,,,,6,src_collected_ah_2025_group_admission
2025,AH,ordinary_undergraduate,physics,2178,004,,490,148853,,,,,16,src_collected_ah_2025_group_admission
2025,AH,ordinary_undergraduate,physics,2179,001,,526,98466,,,,,22,src_collected_ah_2025_group_admission
2025,AH,ordinary_undergraduate,physics,2179,002,,543,77362,,,,,81,src_collected_ah_2025_group_admission
2025,AH,ordinary_undergraduate,physics,2179,003,,556,63525,,,,,5,src_collected_ah_2025_group_admission
2025,AH,ordinary_undergraduate,physics,2181,001,,492,146639,,,,,2,src_collected_ah_2025_group_admission
2025,AH,ordinary_undergraduate,physics,2181,002,,493,144024,,,,,2,src_collected_ah_2025_group_admission
2025,AH,ordinary_undergraduate,physics,2183,001,,520,106054,,,,,42,src_collected_ah_2025_group_admission
2025,AH,ordinary_undergraduate,physics,2192,002,,501,133439,,,,,8,src_collected_ah_2025_group_admission
2025,AH,ordinary_undergraduate,physics,2192,003,,500,133648,,,,,22,src_collected_ah_2025_group_admission
2025,AH,ordinary_undergraduate,physics,2193,001,,461,190670,,,,,20,src_collected_ah_2025_group_admission
2025,AH,ordinary_undergraduate,physics,2193,002,,461,191404,,,,,39,src_collected_ah_2025_group_admission
2025,AH,ordinary_undergraduate,physics,2193,003,,471,176419,,,,,8,src_collected_ah_2025_group_admission
2025,AH,ordinary_undergraduate,physics,2193,004,,461,191020,,,,,3,src_collected_ah_2025_group_admission
2025,AH,ordinary_undergraduate,physics,2195,001,,462,189285,,,,,35,src_collected_ah_2025_group_admission
2025,AH,ordinary_undergraduate,physics,2199,001,,482,161575,,,,,25,src_collected_ah_2025_group_admission
2025,AH,ordinary_undergraduate,physics,2199,002,,482,160937,,,,,78,src_collected_ah_2025_group_admission
2025,AH,ordinary_undergraduate,physics,2201,001,,493,145423,,,,,10,src_collected_ah_2025_group_admission
2025,AH,ordinary_undergraduate,physics,2201,002,,512,117075,,,,,22,src_collected_ah_2025_group_admission
2025,AH,ordinary_undergraduate,physics,2203,001,,541,79676,,,,,11,src_collected_ah_2025_group_admission
2025,AH,ordinary_undergraduate,physics,2203,002,,555,64621,,,,,90,src_collected_ah_2025_group_admission
2025,AH,ordinary_undergraduate,physics,2203,003,,550,70440,,,,,11,src_collected_ah_2025_group_admission
2025,AH,ordinary_undergraduate,physics,2210,001,,461,191372,,,,,10,src_collected_ah_2025_group_admission
2025,AH,ordinary_undergraduate,physics,2210,002,,462,189173,,,,,2,src_collected_ah_2025_group_admission
2025,AH,ordinary_undergraduate,physics,2210,003,,461,190410,,,,,4,src_collected_ah_2025_group_admission
2025,AH,ordinary_undergraduate,physics,2210,004,,482,160746,,,,,1,src_collected_ah_2025_group_admission
2025,AH,ordinary_undergraduate,physics,2213,001,,551,68591,,,,,31,src_collected_ah_2025_group_admission
2025,AH,ordinary_undergraduate,physics,2213,002,,559,60256,,,,,26,src_collected_ah_2025_group_admission
2025,AH,ordinary_undergraduate,physics,2213,003,,572,48124,,,,,30,src_collected_ah_2025_group_admission
2025,AH,ordinary_undergraduate,physics,2217,003,,639,7322,,,,,25,src_collected_ah_2025_group_admission
2025,AH,ordinary_undergraduate,physics,2217,004,,637,7764,,,,,81,src_collected_ah_2025_group_admission
2025,AH,ordinary_undergraduate,physics,2217,005,,649,4348,,,,,59,src_collected_ah_2025_group_admission
2025,AH,ordinary_undergraduate,physics,2217,006,,637,8078,,,,,11,src_collected_ah_2025_group_admission
2025,AH,ordinary_undergraduate,physics,2217,007,,645,5210,,,,,17,src_collected_ah_2025_group_admission
2025,AH,ordinary_undergraduate,physics,2217,008,,606,23210,,,,,4,src_collected_ah_2025_group_admission
2025,AH,ordinary_undergraduate,physics,2218,003,,632,9960,,,,,15,src_collected_ah_2025_group_admission
2025,AH,ordinary_undergraduate,physics,2218,004,,638,7715,,,,,52,src_collected_ah_2025_group_admission
2025,AH,ordinary_undergraduate,physics,2219,001,,530,92637,,,,,3,src_collected_ah_2025_group_admission
2025,AH,ordinary_undergraduate,physics,2219,002,,527,97522,,,,,36,src_collected_ah_2025_group_admission
2025,AH,ordinary_undergraduate,physics,2220,001,,521,104208,,,,,10,src_collected_ah_2025_group_admission
2025,AH,ordinary_undergraduate,physics,2220,002,,525,99893,,,,,10,src_collected_ah_2025_group_admission
2025,AH,ordinary_undergraduate,physics,2220,051,,598,28327,,,,,4,src_collected_ah_2025_group_admission
2025,AH,ordinary_undergraduate,physics,2220,052,,529,94818,,,,,5,src_collected_ah_2025_group_admission
2025,AH,ordinary_undergraduate,physics,2220,053,,539,82410,,,,,5,src_collected_ah_2025_group_admission
2025,AH,ordinary_undergraduate,physics,2220,054,,575,45587,,,,,1,src_collected_ah_2025_group_admission
2025,AH,ordinary_undergraduate,physics,2220,055,,523,101494,,,,,10,src_collected_ah_2025_group_admission
2025,AH,ordinary_undergraduate,physics,2220,056,,529,95033,,,,,7,src_collected_ah_2025_group_admission
2025,AH,ordinary_undergraduate,physics,2220,057,,521,105067,,,,,14,src_collected_ah_2025_group_admission
2025,AH,ordinary_undergraduate,physics,2220,058,,537,85100,,,,,5,src_collected_ah_2025_group_admission
2025,AH,ordinary_undergraduate,physics,2220,059,,592,31977,,,,,1,src_collected_ah_2025_group_admission
2025,AH,ordinary_undergraduate,physics,2220,060,,533,89428,,,,,5,src_collected_ah_2025_group_admission
2025,AH,ordinary_undergraduate,physics,2220,061,,527,96378,,,,,12,src_collected_ah_2025_group_admission
2025,AH,ordinary_undergraduate,physics,2220,062,,531,91515,,,,,10,src_collected_ah_2025_group_admission
2025,AH,ordinary_undergraduate,physics,2220,063,,530,93344,,,,,15,src_collected_ah_2025_group_admission
2025,AH,ordinary_undergraduate,physics,2220,064,,529,94368,,,,,10,src_collected_ah_2025_group_admission
2025,AH,ordinary_undergraduate,physics,2220,065,,587,35692,,,,,1,src_collected_ah_2025_group_admission
2025,AH,ordinary_undergraduate,physics,2220,066,,520,105881,,,,,10,src_collected_ah_2025_group_admission
2025,AH,ordinary_undergraduate,physics,2220,067,,537,84660,,,,,10,src_collected_ah_2025_group_admission
2025,AH,ordinary_undergraduate,physics,2220,068,,541,80707,,,,,10,src_collected_ah_2025_group_admission
2025,AH,ordinary_undergraduate,physics,2220,069,,542,78734,,,,,2,src_collected_ah_2025_group_admission
2025,AH,ordinary_undergraduate,physics,2220,070,,527,97036,,,,,10,src_collected_ah_2025_group_admission
2025,AH,ordinary_undergraduate,physics,2222,001,,474,172078,,,,,5,src_collected_ah_2025_group_admission
2025,AH,ordinary_undergraduate,physics,2223,001,,512,117731,,,,,12,src_collected_ah_2025_group_admission
2025,AH,ordinary_undergraduate,physics,2223,002,,508,123066,,,,,30,src_collected_ah_2025_group_admission
2025,AH,ordinary_undergraduate,physics,2223,003,,490,149627,,,,,7,src_collected_ah_2025_group_admission
2025,AH,ordinary_undergraduate,physics,2223,004,,518,108053,,,,,24,src_collected_ah_2025_group_admission
2025,AH,ordinary_undergraduate,physics,2225,001,,488,151920,,,,,6,src_collected_ah_2025_group_admission
2025,AH,ordinary_undergraduate,physics,2225,002,,488,152756,,,,,10,src_collected_ah_2025_group_admission
2025,AH,ordinary_undergraduate,physics,2225,003,,493,144393,,,,,12,src_collected_ah_2025_group_admission
2025,AH,ordinary_undergraduate,physics,2226,001,,516,111629,,,,,18,src_collected_ah_2025_group_admission
2025,AH,ordinary_undergraduate,physics,2228,001,,530,93497,,,,,1,src_collected_ah_2025_group_admission
2025,AH,ordinary_undergraduate,physics,2228,002,,538,83986,,,,,5,src_collected_ah_2025_group_admission
2025,AH,ordinary_undergraduate,physics,2228,003,,504,127868,,,,,16,src_collected_ah_2025_group_admission
2025,AH,ordinary_undergraduate,physics,2229,001,,469,179173,,,,,15,src_collected_ah_2025_group_admission
2025,AH,ordinary_undergraduate,physics,2229,002,,478,166482,,,,,10,src_collected_ah_2025_group_admission
2025,AH,ordinary_undergraduate,physics,2231,001,,537,84829,,,,,5,src_collected_ah_2025_group_admission
2025,AH,ordinary_undergraduate,physics,2231,002,,528,96158,,,,,4,src_collected_ah_2025_group_admission
2025,AH,ordinary_undergraduate,physics,2231,004,,537,85137,,,,,60,src_collected_ah_2025_group_admission
2025,AH,ordinary_undergraduate,physics,2231,005,,492,146036,,,,,3,src_collected_ah_2025_group_admission
2025,AH,ordinary_undergraduate,physics,2232,002,,521,104788,,,,,4,src_collected_ah_2025_group_admission
2025,AH,ordinary_undergraduate,physics,2232,003,,530,93683,,,,,24,src_collected_ah_2025_group_admission
2025,AH,ordinary_undergraduate,physics,2232,004,,468,181538,,,,,6,src_collected_ah_2025_group_admission
2025,AH,ordinary_undergraduate,physics,2235,001,,565,54954,,,,,6,src_collected_ah_2025_group_admission
2025,AH,ordinary_undergraduate,physics,2235,002,,526,98895,,,,,5,src_collected_ah_2025_group_admission
2025,AH,ordinary_undergraduate,physics,2235,003,,575,46097,,,,,55,src_collected_ah_2025_group_admission
2025,AH,ordinary_undergraduate,physics,2235,004,,541,80266,,,,,15,src_collected_ah_2025_group_admission
2025,AH,ordinary_undergraduate,physics,2235,005,,589,34481,,,,,2,src_collected_ah_2025_group_admission
2025,AH,ordinary_undergraduate,physics,2238,001,,550,70451,,,,,4,src_collected_ah_2025_group_admission
2025,AH,ordinary_undergraduate,physics,2238,002,,542,78997,,,,,53,src_collected_ah_2025_group_admission
2025,AH,ordinary_undergraduate,physics,2243,001,,531,91847,,,,,37,src_collected_ah_2025_group_admission
2025,AH,ordinary_undergraduate,physics,2244,001,,502,131372,,,,,17,src_collected_ah_2025_group_admission
2025,AH,ordinary_undergraduate,physics,2245,001,,499,135798,,,,,1,src_collected_ah_2025_group_admission
2025,AH,ordinary_undergraduate,physics,2245,002,,494,142791,,,,,1,src_collected_ah_2025_group_admission
2025,AH,ordinary_undergraduate,physics,2245,003,,512,117550,,,,,1,src_collected_ah_2025_group_admission
2025,AH,ordinary_undergraduate,physics,2245,004,,493,144775,,,,,1,src_collected_ah_2025_group_admission
2025,AH,ordinary_undergraduate,physics,2245,005,,494,143918,,,,,1,src_collected_ah_2025_group_admission
2025,AH,ordinary_undergraduate,physics,2245,006,,499,135967,,,,,2,src_collected_ah_2025_group_admission
2025,AH,ordinary_undergraduate,physics,2245,007,,518,109394,,,,,2,src_collected_ah_2025_group_admission
2025,AH,ordinary_undergraduate,physics,2245,008,,501,132208,,,,,2,src_collected_ah_2025_group_admission
2025,AH,ordinary_undergraduate,physics,2245,009,,516,111719,,,,,2,src_collected_ah_2025_group_admission
2025,AH,ordinary_undergraduate,physics,2245,010,,510,120244,,,,,2,src_collected_ah_2025_group_admission
2025,AH,ordinary_undergraduate,physics,2246,001,,499,135952,,,,,5,src_collected_ah_2025_group_admission
2025,AH,ordinary_undergraduate,physics,2251,004,,545,75858,,,,,13,src_collected_ah_2025_group_admission
2025,AH,ordinary_undergraduate,physics,2251,006,,559,60974,,,,,41,src_collected_ah_2025_group_admission
2025,AH,ordinary_undergraduate,physics,2251,007,,570,49686,,,,,4,src_collected_ah_2025_group_admission
2025,AH,ordinary_undergraduate,physics,2252,001,,513,115676,,,,,29,src_collected_ah_2025_group_admission
2025,AH,ordinary_undergraduate,physics,2257,001,,472,175793,,,,,10,src_collected_ah_2025_group_admission
2025,AH,ordinary_undergraduate,physics,2261,001,,479,165668,,,,,1,src_collected_ah_2025_group_admission
2025,AH,ordinary_undergraduate,physics,2261,002,,475,171696,,,,,25,src_collected_ah_2025_group_admission
2025,AH,ordinary_undergraduate,physics,2261,003,,478,166815,,,,,4,src_collected_ah_2025_group_admission
2025,AH,ordinary_undergraduate,physics,2262,001,,479,166041,,,,,9,src_collected_ah_2025_group_admission
2025,AH,ordinary_undergraduate,physics,2262,003,,475,171085,,,,,33,src_collected_ah_2025_group_admission
2025,AH,ordinary_undergraduate,physics,2262,004,,482,160932,,,,,10,src_collected_ah_2025_group_admission
2025,AH,ordinary_undergraduate,physics,2267,002,,462,189739,,,,,2,src_collected_ah_2025_group_admission
2025,AH,ordinary_undergraduate,physics,2267,003,,469,179472,,,,,2,src_collected_ah_2025_group_admission
2025,AH,ordinary_undergraduate,physics,2268,001,,562,57093,,,,,8,src_collected_ah_2025_group_admission
2025,AH,ordinary_undergraduate,physics,2268,002,,536,85514,,,,,12,src_collected_ah_2025_group_admission
2025,AH,ordinary_undergraduate,physics,2270,001,,538,84171,,,,,4,src_collected_ah_2025_group_admission
2025,AH,ordinary_undergraduate,physics,2270,002,,522,103957,,,,,36,src_collected_ah_2025_group_admission
2025,AH,ordinary_undergraduate,physics,2272,001,,530,92887,,,,,32,src_collected_ah_2025_group_admission
2025,AH,ordinary_undergraduate,physics,2272,002,,527,97095,,,,,37,src_collected_ah_2025_group_admission
2025,AH,ordinary_undergraduate,physics,2272,003,,524,100165,,,,,2,src_collected_ah_2025_group_admission
2025,AH,ordinary_undergraduate,physics,2272,004,,546,74681,,,,,15,src_collected_ah_2025_group_admission
2025,AH,ordinary_undergraduate,physics,2272,005,,543,77599,,,,,5,src_collected_ah_2025_group_admission
2025,AH,ordinary_undergraduate,physics,2273,001,,489,150638,,,,,17,src_collected_ah_2025_group_admission
2025,AH,ordinary_undergraduate,physics,2273,002,,496,140602,,,,,8,src_collected_ah_2025_group_admission
2025,AH,ordinary_undergraduate,physics,2274,001,,519,106800,,,,,15,src_collected_ah_2025_group_admission
2025,AH,ordinary_undergraduate,physics,2274,002,,504,128781,,,,,15,src_collected_ah_2025_group_admission
2025,AH,ordinary_undergraduate,physics,2275,001,,577,44289,,,,,18,src_collected_ah_2025_group_admission
2025,AH,ordinary_undergraduate,physics,2275,002,,575,45912,,,,,76,src_collected_ah_2025_group_admission
2025,AH,ordinary_undergraduate,physics,2276,001,,489,149932,,,,,2,src_collected_ah_2025_group_admission
2025,AH,ordinary_undergraduate,physics,2276,002,,495,141066,,,,,22,src_collected_ah_2025_group_admission
2025,AH,ordinary_undergraduate,physics,2276,003,,524,100161,,,,,1,src_collected_ah_2025_group_admission
2025,AH,ordinary_undergraduate,physics,2277,001,,488,152077,,,,,3,src_collected_ah_2025_group_admission
2025,AH,ordinary_undergraduate,physics,2278,001,,478,166491,,,,,14,src_collected_ah_2025_group_admission
2025,AH,ordinary_undergraduate,physics,2278,002,,487,153128,,,,,2,src_collected_ah_2025_group_admission
2025,AH,ordinary_undergraduate,physics,2279,001,,509,121048,,,,,16,src_collected_ah_2025_group_admission
2025,AH,ordinary_undergraduate,physics,2279,002,,506,125109,,,,,4,src_collected_ah_2025_group_admission
2025,AH,ordinary_undergraduate,physics,2280,001,,484,158242,,,,,2,src_collected_ah_2025_group_admission
2025,AH,ordinary_undergraduate,physics,2281,001,,505,126630,,,,,10,src_collected_ah_2025_group_admission
2025,AH,ordinary_undergraduate,physics,2281,002,,517,109717,,,,,4,src_collected_ah_2025_group_admission
2025,AH,ordinary_undergraduate,physics,2283,001,,510,119355,,,,,10,src_collected_ah_2025_group_admission
2025,AH,ordinary_undergraduate,physics,2283,002,,512,117434,,,,,44,src_collected_ah_2025_group_admission
2025,AH,ordinary_undergraduate,physics,2283,003,,508,122876,,,,,21,src_collected_ah_2025_group_admission
2025,AH,ordinary_undergraduate,physics,2283,004,,508,122177,,,,,2,src_collected_ah_2025_group_admission
2025,AH,ordinary_undergraduate,physics,2285,001,,526,98628,,,,,7,src_collected_ah_2025_group_admission
2025,AH,ordinary_undergraduate,physics,2285,002,,522,103701,,,,,10,src_collected_ah_2025_group_admission
2025,AH,ordinary_undergraduate,physics,2285,003,,532,91023,,,,,3,src_collected_ah_2025_group_admission
2025,AH,ordinary_undergraduate,physics,2289,001,,535,87179,,,,,3,src_collected_ah_2025_group_admission
2025,AH,ordinary_undergraduate,physics,2289,002,,519,107285,,,,,7,src_collected_ah_2025_group_admission
2025,AH,ordinary_undergraduate,physics,2289,003,,520,106153,,,,,35,src_collected_ah_2025_group_admission
2025,AH,ordinary_undergraduate,physics,2289,004,,588,34982,,,,,9,src_collected_ah_2025_group_admission
2025,AH,ordinary_undergraduate,physics,2289,005,,539,82981,,,,,19,src_collected_ah_2025_group_admission
2025,AH,ordinary_undergraduate,physics,2289,006,,529,94124,,,,,4,src_collected_ah_2025_group_admission
2025,AH,ordinary_undergraduate,physics,2291,001,,534,88681,,,,,9,src_collected_ah_2025_group_admission
2025,AH,ordinary_undergraduate,physics,2291,002,,527,97060,,,,,1,src_collected_ah_2025_group_admission
2025,AH,ordinary_undergraduate,physics,2291,003,,518,108229,,,,,1,src_collected_ah_2025_group_admission
2025,AH,ordinary_undergraduate,physics,2291,004,,509,120521,,,,,21,src_collected_ah_2025_group_admission
2025,AH,ordinary_undergraduate,physics,2291,005,,533,89137,,,,,8,src_collected_ah_2025_group_admission
2025,AH,ordinary_undergraduate,physics,2291,006,,523,102024,,,,,7,src_collected_ah_2025_group_admission
2025,AH,ordinary_undergraduate,physics,2294,002,,461,190399,,,,,1,src_collected_ah_2025_group_admission
2025,AH,ordinary_undergraduate,physics,2297,001,,462,189574,,,,,6,src_collected_ah_2025_group_admission
2025,AH,ordinary_undergraduate,physics,2297,002,,461,191043,,,,,11,src_collected_ah_2025_group_admission
2025,AH,ordinary_undergraduate,physics,2302,001,,570,50237,,,,,3,src_collected_ah_2025_group_admission
2025,AH,ordinary_undergraduate,physics,2302,002,,585,37686,,,,,9,src_collected_ah_2025_group_admission
2025,AH,ordinary_undergraduate,physics,2302,003,,593,31587,,,,,7,src_collected_ah_2025_group_admission
2025,AH,ordinary_undergraduate,physics,2302,004,,586,36574,,,,,12,src_collected_ah_2025_group_admission
2025,AH,ordinary_undergraduate,physics,2302,005,,579,42165,,,,,3,src_collected_ah_2025_group_admission
2025,AH,ordinary_undergraduate,physics,2302,006,,536,86132,,,,,5,src_collected_ah_2025_group_admission
2025,AH,ordinary_undergraduate,physics,2302,007,,573,47922,,,,,9,src_collected_ah_2025_group_admission
2025,AH,ordinary_undergraduate,physics,2302,008,,562,57370,,,,,4,src_collected_ah_2025_group_admission
2025,AH,ordinary_undergraduate,physics,2302,051,,541,80025,,,,,5,src_collected_ah_2025_group_admission
2025,AH,ordinary_undergraduate,physics,2303,001,,529,94045,,,,,6,src_collected_ah_2025_group_admission
2025,AH,ordinary_undergraduate,physics,2303,002,,535,87435,,,,,5,src_collected_ah_2025_group_admission
2025,AH,ordinary_undergraduate,physics,2303,003,,526,98560,,,,,2,src_collected_ah_2025_group_admission
2025,AH,ordinary_undergraduate,physics,2303,004,,533,89513,,,,,1,src_collected_ah_2025_group_admission
2025,AH,ordinary_undergraduate,physics,2306,012,,611,20124,,,,,2,src_collected_ah_2025_group_admission
2025,AH,ordinary_undergraduate,physics,2306,013,,603,24627,,,,,2,src_collected_ah_2025_group_admission
2025,AH,ordinary_undergraduate,physics,2306,014,,591,32796,,,,,1,src_collected_ah_2025_group_admission
2025,AH,ordinary_undergraduate,physics,2306,015,,606,22791,,,,,25,src_collected_ah_2025_group_admission
2025,AH,ordinary_undergraduate,physics,2306,016,,595,30336,,,,,8,src_collected_ah_2025_group_admission
2025,AH,ordinary_undergraduate,physics,2306,017,,599,27394,,,,,2,src_collected_ah_2025_group_admission
2025,AH,ordinary_undergraduate,physics,2306,018,,608,21681,,,,,3,src_collected_ah_2025_group_admission
2025,AH,ordinary_undergraduate,physics,2308,001,,504,128009,,,,,3,src_collected_ah_2025_group_admission
2025,AH,ordinary_undergraduate,physics,2308,002,,494,142803,,,,,6,src_collected_ah_2025_group_admission
2025,AH,ordinary_undergraduate,physics,2311,001,,541,79937,,,,,5,src_collected_ah_2025_group_admission
2025,AH,ordinary_undergraduate,physics,2311,002,,519,106864,,,,,18,src_collected_ah_2025_group_admission
2025,AH,ordinary_undergraduate,physics,2312,001,,582,39701,,,,,4,src_collected_ah_2025_group_admission
2025,AH,ordinary_undergraduate,physics,2312,002,,587,36193,,,,,34,src_collected_ah_2025_group_admission
2025,AH,ordinary_undergraduate,physics,2312,004,,584,38603,,,,,9,src_collected_ah_2025_group_admission
2025,AH,ordinary_undergraduate,physics,2314,001,,495,141686,,,,,1,src_collected_ah_2025_group_admission
2025,AH,ordinary_undergraduate,physics,2314,002,,502,131791,,,,,2,src_collected_ah_2025_group_admission
2025,AH,ordinary_undergraduate,physics,2316,001,,477,167604,,,,,20,src_collected_ah_2025_group_admission
2025,AH,ordinary_undergraduate,physics,2317,001,,497,138928,,,,,7,src_collected_ah_2025_group_admission
2025,AH,ordinary_undergraduate,physics,2317,002,,498,137020,,,,,34,src_collected_ah_2025_group_admission
2025,AH,ordinary_undergraduate,physics,2317,003,,492,146319,,,,,2,src_collected_ah_2025_group_admission
2025,AH,ordinary_undergraduate,physics,2321,005,,636,8254,,,,,28,src_collected_ah_2025_group_admission
2025,AH,ordinary_undergraduate,physics,2321,006,,640,6806,,,,,21,src_collected_ah_2025_group_admission
2025,AH,ordinary_undergraduate,physics,2324,002,,619,15563,,,,,17,src_collected_ah_2025_group_admission
2025,AH,ordinary_undergraduate,physics,2324,003,,604,24467,,,,,21,src_collected_ah_2025_group_admission
2025,AH,ordinary_undergraduate,physics,2324,004,,626,12104,,,,,165,src_collected_ah_2025_group_admission
2025,AH,ordinary_undergraduate,physics,2324,005,,612,19362,,,,,37,src_collected_ah_2025_group_admission
2025,AH,ordinary_undergraduate,physics,2325,001,,557,62612,,,,,12,src_collected_ah_2025_group_admission
2025,AH,ordinary_undergraduate,physics,2325,002,,563,56191,,,,,142,src_collected_ah_2025_group_admission
2025,AH,ordinary_undergraduate,physics,2325,003,,546,74854,,,,,29,src_collected_ah_2025_group_admission
2025,AH,ordinary_undergraduate,physics,2326,002,,547,73551,,,,,14,src_collected_ah_2025_group_admission
2025,AH,ordinary_undergraduate,physics,2326,003,,555,64518,,,,,143,src_collected_ah_2025_group_admission
2025,AH,ordinary_undergraduate,physics,2326,004,,555,65014,,,,,10,src_collected_ah_2025_group_admission
2025,AH,ordinary_undergraduate,physics,2327,001,,600,26776,,,,,199,src_collected_ah_2025_group_admission
2025,AH,ordinary_undergraduate,physics,2327,002,,611,20164,,,,,10,src_collected_ah_2025_group_admission
2025,AH,ordinary_undergraduate,physics,2331,002,,592,32131,,,,,37,src_collected_ah_2025_group_admission
2025,AH,ordinary_undergraduate,physics,2331,003,,563,56706,,,,,28,src_collected_ah_2025_group_admission
2025,AH,ordinary_undergraduate,physics,2331,004,,598,28061,,,,,10,src_collected_ah_2025_group_admission
2025,AH,ordinary_undergraduate,physics,2332,002,,566,53456,,,,,26,src_collected_ah_2025_group_admission
2025,AH,ordinary_undergraduate,physics,2332,003,,573,47133,,,,,170,src_collected_ah_2025_group_admission
2025,AH,ordinary_undergraduate,physics,2336,004,,593,31826,,,,,3,src_collected_ah_2025_group_admission
2025,AH,ordinary_undergraduate,physics,2336,005,,600,26953,,,,,2,src_collected_ah_2025_group_admission
2025,AH,ordinary_undergraduate,physics,2337,002,,592,32537,,,,,14,src_collected_ah_2025_group_admission
2025,AH,ordinary_undergraduate,physics,2337,003,,593,31331,,,,,91,src_collected_ah_2025_group_admission
2025,AH,ordinary_undergraduate,physics,2338,002,,587,36258,,,,,184,src_collected_ah_2025_group_admission
2025,AH,ordinary_undergraduate,physics,2340,001,,473,174447,,,,,24,src_collected_ah_2025_group_admission
2025,AH,ordinary_undergraduate,physics,2340,002,,461,191212,,,,,152,src_collected_ah_2025_group_admission
2025,AH,ordinary_undergraduate,physics,2340,003,,463,188030,,,,,10,src_collected_ah_2025_group_admission
2025,AH,ordinary_undergraduate,physics,2342,001,,527,97470,,,,,5,src_collected_ah_2025_group_admission
2025,AH,ordinary_undergraduate,physics,2342,002,,525,99251,,,,,35,src_collected_ah_2025_group_admission
2025,AH,ordinary_undergraduate,physics,2342,003,,525,99902,,,,,15,src_collected_ah_2025_group_admission
2025,AH,ordinary_undergraduate,physics,2342,004,,535,86954,,,,,10,src_collected_ah_2025_group_admission
2025,AH,ordinary_undergraduate,physics,2342,005,,521,104779,,,,,15,src_collected_ah_2025_group_admission
2025,AH,ordinary_undergraduate,physics,2343,003,,687,94,,,,,1,src_collected_ah_2025_group_admission
2025,AH,ordinary_undergraduate,physics,2343,004,,678,376,,,,,71,src_collected_ah_2025_group_admission
2025,AH,ordinary_undergraduate,physics,2343,005,,670,921,,,,,12,src_collected_ah_2025_group_admission
2025,AH,ordinary_undergraduate,physics,2344,002,,678,360,,,,,4,src_collected_ah_2025_group_admission
2025,AH,ordinary_undergraduate,physics,2344,003,,661,1924,,,,,31,src_collected_ah_2025_group_admission
2025,AH,ordinary_undergraduate,physics,2347,001,,654,3074,,,,,10,src_collected_ah_2025_group_admission
2025,AH,ordinary_undergraduate,physics,2349,002,,598,28092,,,,,9,src_collected_ah_2025_group_admission
2025,AH,ordinary_undergraduate,physics,2349,003,,605,23878,,,,,99,src_collected_ah_2025_group_admission
2025,AH,ordinary_undergraduate,physics,2349,004,,601,26036,,,,,10,src_collected_ah_2025_group_admission
2025,AH,ordinary_undergraduate,physics,2350,001,,464,187249,,,,,8,src_collected_ah_2025_group_admission
2025,AH,ordinary_undergraduate,physics,2350,002,,461,191120,,,,,5,src_collected_ah_2025_group_admission
2025,AH,ordinary_undergraduate,physics,2351,002,,544,76941,,,,,100,src_collected_ah_2025_group_admission
2025,AH,ordinary_undergraduate,physics,2351,003,,536,86240,,,,,50,src_collected_ah_2025_group_admission
2025,AH,ordinary_undergraduate,physics,2351,004,,545,75432,,,,,39,src_collected_ah_2025_group_admission
2025,AH,ordinary_undergraduate,physics,2360,001,,477,167652,,,,,33,src_collected_ah_2025_group_admission
2025,AH,ordinary_undergraduate,physics,2360,002,,471,176265,,,,,4,src_collected_ah_2025_group_admission
2025,AH,ordinary_undergraduate,physics,2360,003,,469,179338,,,,,100,src_collected_ah_2025_group_admission
2025,AH,ordinary_undergraduate,physics,2361,001,,533,89898,,,,,32,src_collected_ah_2025_group_admission
2025,AH,ordinary_undergraduate,physics,2361,002,,506,125832,,,,,4,src_collected_ah_2025_group_admission
2025,AH,ordinary_undergraduate,physics,2361,003,,548,71824,,,,,16,src_collected_ah_2025_group_admission
2025,AH,ordinary_undergraduate,physics,2362,001,,575,46017,,,,,27,src_collected_ah_2025_group_admission
2025,AH,ordinary_undergraduate,physics,2362,002,,582,39698,,,,,104,src_collected_ah_2025_group_admission
2025,AH,ordinary_undergraduate,physics,2362,003,,561,58532,,,,,15,src_collected_ah_2025_group_admission
2025,AH,ordinary_undergraduate,physics,2362,004,,571,49341,,,,,29,src_collected_ah_2025_group_admission
2025,AH,ordinary_undergraduate,physics,2363,001,,528,96328,,,,,1,src_collected_ah_2025_group_admission
2025,AH,ordinary_undergraduate,physics,2365,001,,571,49636,,,,,3,src_collected_ah_2025_group_admission
2025,AH,ordinary_undergraduate,physics,2365,002,,563,56616,,,,,2,src_collected_ah_2025_group_admission
2025,AH,ordinary_undergraduate,physics,2365,051,,555,64442,,,,,4,src_collected_ah_2025_group_admission
2025,AH,ordinary_undergraduate,physics,2365,052,,584,38383,,,,,9,src_collected_ah_2025_group_admission
2025,AH,ordinary_undergraduate,physics,2365,053,,555,65096,,,,,40,src_collected_ah_2025_group_admission
2025,AH,ordinary_undergraduate,physics,2366,005,,619,15385,,,,,4,src_collected_ah_2025_group_admission
2025,AH,ordinary_undergraduate,physics,2366,006,,629,10837,,,,,4,src_collected_ah_2025_group_admission
2025,AH,ordinary_undergraduate,physics,2370,001,,467,181987,,,,,2,src_collected_ah_2025_group_admission
2025,AH,ordinary_undergraduate,physics,2372,001,,567,52752,,,,,19,src_collected_ah_2025_group_admission
2025,AH,ordinary_undergraduate,physics,2372,002,,561,58814,,,,,2,src_collected_ah_2025_group_admission
2025,AH,ordinary_undergraduate,physics,2372,003,,581,41007,,,,,85,src_collected_ah_2025_group_admission
2025,AH,ordinary_undergraduate,physics,2372,004,,534,87883,,,,,107,src_collected_ah_2025_group_admission
2025,AH,ordinary_undergraduate,physics,2372,005,,586,36539,,,,,7,src_collected_ah_2025_group_admission
2025,AH,ordinary_undergraduate,physics,2372,006,,547,73158,,,,,24,src_collected_ah_2025_group_admission
2025,AH,ordinary_undergraduate,physics,2374,001,,600,26736,,,,,7,src_collected_ah_2025_group_admission
2025,AH,ordinary_undergraduate,physics,2374,002,,572,48165,,,,,63,src_collected_ah_2025_group_admission
2025,AH,ordinary_undergraduate,physics,2374,003,,549,71187,,,,,3,src_collected_ah_2025_group_admission
2025,AH,ordinary_undergraduate,physics,2375,001,,463,187581,,,,,30,src_collected_ah_2025_group_admission
2025,AH,ordinary_undergraduate,physics,2376,003,,583,39163,,,,,1,src_collected_ah_2025_group_admission
2025,AH,ordinary_undergraduate,physics,2376,004,,601,26092,,,,,12,src_collected_ah_2025_group_admission
2025,AH,ordinary_undergraduate,physics,2376,005,,612,19147,,,,,3,src_collected_ah_2025_group_admission
2025,AH,ordinary_undergraduate,physics,2376,006,,583,39254,,,,,6,src_collected_ah_2025_group_admission
2025,AH,ordinary_undergraduate,physics,2376,007,,596,29445,,,,,6,src_collected_ah_2025_group_admission
2025,AH,ordinary_undergraduate,physics,2376,008,,589,34184,,,,,2,src_collected_ah_2025_group_admission
2025,AH,ordinary_undergraduate,physics,2377,001,,503,129903,,,,,2,src_collected_ah_2025_group_admission
2025,AH,ordinary_undergraduate,physics,2377,002,,504,128446,,,,,22,src_collected_ah_2025_group_admission
2025,AH,ordinary_undergraduate,physics,2377,003,,510,120105,,,,,2,src_collected_ah_2025_group_admission
2025,AH,ordinary_undergraduate,physics,2381,001,,503,129534,,,,,5,src_collected_ah_2025_group_admission
2025,AH,ordinary_undergraduate,physics,2381,002,,495,141423,,,,,10,src_collected_ah_2025_group_admission
2025,AH,ordinary_undergraduate,physics,2381,003,,490,149727,,,,,10,src_collected_ah_2025_group_admission
2025,AH,ordinary_undergraduate,physics,2381,004,,511,118693,,,,,10,src_collected_ah_2025_group_admission
2025,AH,ordinary_undergraduate,physics,2381,005,,496,140337,,,,,10,src_collected_ah_2025_group_admission
2025,AH,ordinary_undergraduate,physics,2382,001,,501,133373,,,,,10,src_collected_ah_2025_group_admission
2025,AH,ordinary_undergraduate,physics,2382,002,,502,131518,,,,,32,src_collected_ah_2025_group_admission
2025,AH,ordinary_undergraduate,physics,2383,001,,529,94296,,,,,31,src_collected_ah_2025_group_admission
2025,AH,ordinary_undergraduate,physics,2385,003,,569,51013,,,,,2,src_collected_ah_2025_group_admission
2025,AH,ordinary_undergraduate,physics,2386,001,,613,18555,,,,,5,src_collected_ah_2025_group_admission
2025,AH,ordinary_undergraduate,physics,2386,002,,598,28104,,,,,6,src_collected_ah_2025_group_admission
2025,AH,ordinary_undergraduate,physics,2386,003,,616,17118,,,,,50,src_collected_ah_2025_group_admission
2025,AH,ordinary_undergraduate,physics,2386,004,,605,23352,,,,,2,src_collected_ah_2025_group_admission
2025,AH,ordinary_undergraduate,physics,2387,001,,597,28498,,,,,9,src_collected_ah_2025_group_admission
2025,AH,ordinary_undergraduate,physics,2387,002,,606,23230,,,,,14,src_collected_ah_2025_group_admission
2025,AH,ordinary_undergraduate,physics,2391,002,,461,190298,,,,,1,src_collected_ah_2025_group_admission
2025,AH,ordinary_undergraduate,physics,2392,001,,462,188982,,,,,3,src_collected_ah_2025_group_admission
2025,AH,ordinary_undergraduate,physics,2392,002,,462,188716,,,,,6,src_collected_ah_2025_group_admission
2025,AH,ordinary_undergraduate,physics,2393,001,,519,107586,,,,,19,src_collected_ah_2025_group_admission
2025,AH,ordinary_undergraduate,physics,2393,002,,532,90294,,,,,39,src_collected_ah_2025_group_admission
2025,AH,ordinary_undergraduate,physics,2393,003,,510,119528,,,,,26,src_collected_ah_2025_group_admission
2025,AH,ordinary_undergraduate,physics,2393,004,,516,111000,,,,,2,src_collected_ah_2025_group_admission
2025,AH,ordinary_undergraduate,physics,2394,001,,564,55319,,,,,25,src_collected_ah_2025_group_admission
2025,AH,ordinary_undergraduate,physics,2395,001,,461,191177,,,,,13,src_collected_ah_2025_group_admission
2025,AH,ordinary_undergraduate,physics,2395,002,,461,190560,,,,,37,src_collected_ah_2025_group_admission
2025,AH,ordinary_undergraduate,physics,2396,002,,542,78753,,,,,6,src_collected_ah_2025_group_admission
2025,AH,ordinary_undergraduate,physics,2396,003,,570,50465,,,,,33,src_collected_ah_2025_group_admission
2025,AH,ordinary_undergraduate,physics,2396,004,,540,81390,,,,,38,src_collected_ah_2025_group_admission
2025,AH,ordinary_undergraduate,physics,2397,002,,538,83227,,,,,8,src_collected_ah_2025_group_admission
2025,AH,ordinary_undergraduate,physics,2397,003,,568,51767,,,,,100,src_collected_ah_2025_group_admission
2025,AH,ordinary_undergraduate,physics,2397,004,,573,47385,,,,,6,src_collected_ah_2025_group_admission
2025,AH,ordinary_undergraduate,physics,2397,051,,570,50627,,,,,4,src_collected_ah_2025_group_admission
2025,AH,ordinary_undergraduate,physics,2398,001,,510,120428,,,,,23,src_collected_ah_2025_group_admission
2025,AH,ordinary_undergraduate,physics,2398,002,,525,99018,,,,,128,src_collected_ah_2025_group_admission
2025,AH,ordinary_undergraduate,physics,2399,002,,525,99532,,,,,5,src_collected_ah_2025_group_admission
2025,AH,ordinary_undergraduate,physics,2399,003,,513,116100,,,,,10,src_collected_ah_2025_group_admission
2025,AH,ordinary_undergraduate,physics,2399,004,,510,119337,,,,,1,src_collected_ah_2025_group_admission
2025,AH,ordinary_undergraduate,physics,2399,005,,508,122164,,,,,2,src_collected_ah_2025_group_admission
2025,AH,ordinary_undergraduate,physics,2399,006,,529,94641,,,,,54,src_collected_ah_2025_group_admission
2025,AH,ordinary_undergraduate,physics,2399,007,,530,93709,,,,,2,src_collected_ah_2025_group_admission
2025,AH,ordinary_undergraduate,physics,2399,008,,529,94922,,,,,4,src_collected_ah_2025_group_admission
2025,AH,ordinary_undergraduate,physics,2400,001,,462,189902,,,,,6,src_collected_ah_2025_group_admission
2025,AH,ordinary_undergraduate,physics,2400,002,,461,191238,,,,,17,src_collected_ah_2025_group_admission
2025,AH,ordinary_undergraduate,physics,2401,002,,567,53281,,,,,46,src_collected_ah_2025_group_admission
2025,AH,ordinary_undergraduate,physics,2401,003,,527,96595,,,,,16,src_collected_ah_2025_group_admission
2025,AH,ordinary_undergraduate,physics,2401,051,,511,119090,,,,,5,src_collected_ah_2025_group_admission
2025,AH,ordinary_undergraduate,physics,2402,002,,520,106444,,,,,12,src_collected_ah_2025_group_admission
2025,AH,ordinary_undergraduate,physics,2402,003,,522,104020,,,,,76,src_collected_ah_2025_group_admission
2025,AH,ordinary_undergraduate,physics,2402,004,,548,71988,,,,,2,src_collected_ah_2025_group_admission
2025,AH,ordinary_undergraduate,physics,2402,005,,513,115677,,,,,4,src_collected_ah_2025_group_admission
2025,AH,ordinary_undergraduate,physics,2403,001,,511,118020,,,,,4,src_collected_ah_2025_group_admission
2025,AH,ordinary_undergraduate,physics,2403,002,,504,129044,,,,,26,src_collected_ah_2025_group_admission
2025,AH,ordinary_undergraduate,physics,2403,003,,512,117355,,,,,37,src_collected_ah_2025_group_admission
2025,AH,ordinary_undergraduate,physics,2403,004,,533,89636,,,,,14,src_collected_ah_2025_group_admission
2025,AH,ordinary_undergraduate,physics,2404,001,,500,134897,,,,,4,src_collected_ah_2025_group_admission
2025,AH,ordinary_undergraduate,physics,2404,002,,499,136031,,,,,2,src_collected_ah_2025_group_admission
2025,AH,ordinary_undergraduate,physics,2405,003,,522,103407,,,,,3,src_collected_ah_2025_group_admission
2025,AH,ordinary_undergraduate,physics,2405,004,,525,99044,,,,,61,src_collected_ah_2025_group_admission
2025,AH,ordinary_undergraduate,physics,2405,005,,513,115251,,,,,17,src_collected_ah_2025_group_admission
2025,AH,ordinary_undergraduate,physics,2406,001,,492,146010,,,,,2,src_collected_ah_2025_group_admission
2025,AH,ordinary_undergraduate,physics,2406,002,,506,125453,,,,,24,src_collected_ah_2025_group_admission
2025,AH,ordinary_undergraduate,physics,2406,003,,502,130989,,,,,8,src_collected_ah_2025_group_admission
2025,AH,ordinary_undergraduate,physics,2406,004,,499,136289,,,,,4,src_collected_ah_2025_group_admission
2025,AH,ordinary_undergraduate,physics,2406,005,,539,82506,,,,,1,src_collected_ah_2025_group_admission
2025,AH,ordinary_undergraduate,physics,2407,001,,487,153294,,,,,1,src_collected_ah_2025_group_admission
2025,AH,ordinary_undergraduate,physics,2409,003,,551,68850,,,,,51,src_collected_ah_2025_group_admission
2025,AH,ordinary_undergraduate,physics,2409,004,,555,64303,,,,,244,src_collected_ah_2025_group_admission
2025,AH,ordinary_undergraduate,physics,2409,005,,583,39299,,,,,18,src_collected_ah_2025_group_admission
2025,AH,ordinary_undergraduate,physics,2413,001,,542,78796,,,,,6,src_collected_ah_2025_group_admission
2025,AH,ordinary_undergraduate,physics,2413,002,,538,84059,,,,,20,src_collected_ah_2025_group_admission
2025,AH,ordinary_undergraduate,physics,2413,003,,556,63344,,,,,127,src_collected_ah_2025_group_admission
2025,AH,ordinary_undergraduate,physics,2413,004,,564,55618,,,,,13,src_collected_ah_2025_group_admission
2025,AH,ordinary_undergraduate,physics,2416,001,,505,127035,,,,,5,src_collected_ah_2025_group_admission
2025,AH,ordinary_undergraduate,physics,2416,002,,512,116554,,,,,5,src_collected_ah_2025_group_admission
2025,AH,ordinary_undergraduate,physics,2421,002,,594,30849,,,,,6,src_collected_ah_2025_group_admission
2025,AH,ordinary_undergraduate,physics,2421,003,,599,27453,,,,,4,src_collected_ah_2025_group_admission
2025,AH,ordinary_undergraduate,physics,2421,004,,577,43751,,,,,4,src_collected_ah_2025_group_admission
2025,AH,ordinary_undergraduate,physics,2422,001,,608,21883,,,,,2,src_collected_ah_2025_group_admission
2025,AH,ordinary_undergraduate,physics,2422,002,,618,15846,,,,,8,src_collected_ah_2025_group_admission
2025,AH,ordinary_undergraduate,physics,2424,003,,639,7376,,,,,16,src_collected_ah_2025_group_admission
2025,AH,ordinary_undergraduate,physics,2424,004,,594,30703,,,,,3,src_collected_ah_2025_group_admission
2025,AH,ordinary_undergraduate,physics,2429,001,,477,168255,,,,,13,src_collected_ah_2025_group_admission
2025,AH,ordinary_undergraduate,physics,2429,002,,477,168218,,,,,6,src_collected_ah_2025_group_admission
2025,AH,ordinary_undergraduate,physics,2430,003,,635,8563,,,,,13,src_collected_ah_2025_group_admission
2025,AH,ordinary_undergraduate,physics,2430,004,,636,8121,,,,,171,src_collected_ah_2025_group_admission
2025,AH,ordinary_undergraduate,physics,2430,005,,653,3358,,,,,6,src_collected_ah_2025_group_admission
2025,AH,ordinary_undergraduate,physics,2430,006,,667,1174,,,,,2,src_collected_ah_2025_group_admission
2025,AH,ordinary_undergraduate,physics,2430,007,,663,1613,,,,,2,src_collected_ah_2025_group_admission
2025,AH,ordinary_undergraduate,physics,2431,001,,483,159093,,,,,4,src_collected_ah_2025_group_admission
2025,AH,ordinary_undergraduate,physics,2431,002,,486,155623,,,,,1,src_collected_ah_2025_group_admission
2025,AH,ordinary_undergraduate,physics,2433,001,,491,148238,,,,,10,src_collected_ah_2025_group_admission
2025,AH,ordinary_undergraduate,physics,2434,001,,484,158216,,,,,1,src_collected_ah_2025_group_admission
2025,AH,ordinary_undergraduate,physics,2434,002,,489,151355,,,,,2,src_collected_ah_2025_group_admission
2025,AH,ordinary_undergraduate,physics,2435,001,,480,163842,,,,,13,src_collected_ah_2025_group_admission
2025,AH,ordinary_undergraduate,physics,2443,001,,500,135005,,,,,4,src_collected_ah_2025_group_admission
2025,AH,ordinary_undergraduate,physics,2443,002,,493,145062,,,,,14,src_collected_ah_2025_group_admission
2025,AH,ordinary_undergraduate,physics,2443,003,,482,160523,,,,,5,src_collected_ah_2025_group_admission
2025,AH,ordinary_undergraduate,physics,2444,001,,534,88176,,,,,2,src_collected_ah_2025_group_admission
2025,AH,ordinary_undergraduate,physics,2444,002,,550,70111,,,,,1,src_collected_ah_2025_group_admission
2025,AH,ordinary_undergraduate,physics,2446,001,,587,35552,,,,,29,src_collected_ah_2025_group_admission
2025,AH,ordinary_undergraduate,physics,2446,002,,583,39180,,,,,53,src_collected_ah_2025_group_admission
2025,AH,ordinary_undergraduate,physics,2446,051,,593,31650,,,,,61,src_collected_ah_2025_group_admission
2025,AH,ordinary_undergraduate,physics,2448,001,,523,102749,,,,,6,src_collected_ah_2025_group_admission
2025,AH,ordinary_undergraduate,physics,2448,002,,536,85657,,,,,33,src_collected_ah_2025_group_admission
2025,AH,ordinary_undergraduate,physics,2449,001,,550,70372,,,,,20,src_collected_ah_2025_group_admission
2025,AH,ordinary_undergraduate,physics,2449,002,,567,52738,,,,,9,src_collected_ah_2025_group_admission
2025,AH,ordinary_undergraduate,physics,2449,003,,567,52992,,,,,14,src_collected_ah_2025_group_admission
2025,AH,ordinary_undergraduate,physics,2449,004,,550,70186,,,,,7,src_collected_ah_2025_group_admission
2025,AH,ordinary_undergraduate,physics,2449,005,,553,66908,,,,,7,src_collected_ah_2025_group_admission
2025,AH,ordinary_undergraduate,physics,2453,002,,558,61893,,,,,7,src_collected_ah_2025_group_admission
2025,AH,ordinary_undergraduate,physics,2453,003,,553,67146,,,,,6,src_collected_ah_2025_group_admission
2025,AH,ordinary_undergraduate,physics,2453,004,,555,65041,,,,,1,src_collected_ah_2025_group_admission
2025,AH,ordinary_undergraduate,physics,2453,005,,559,60782,,,,,1,src_collected_ah_2025_group_admission
2025,AH,ordinary_undergraduate,physics,2453,051,,526,98346,,,,,1,src_collected_ah_2025_group_admission
2025,AH,ordinary_undergraduate,physics,2456,001,,476,169103,,,,,5,src_collected_ah_2025_group_admission
2025,AH,ordinary_undergraduate,physics,2456,002,,481,162801,,,,,3,src_collected_ah_2025_group_admission
2025,AH,ordinary_undergraduate,physics,2456,003,,473,174277,,,,,19,src_collected_ah_2025_group_admission
2025,AH,ordinary_undergraduate,physics,2457,001,,502,131787,,,,,3,src_collected_ah_2025_group_admission
2025,AH,ordinary_undergraduate,physics,2457,002,,498,136770,,,,,6,src_collected_ah_2025_group_admission
2025,AH,ordinary_undergraduate,physics,2467,001,,549,71417,,,,,20,src_collected_ah_2025_group_admission
2025,AH,ordinary_undergraduate,physics,2468,005,,631,9977,,,,,3,src_collected_ah_2025_group_admission
2025,AH,ordinary_undergraduate,physics,2468,006,,637,7867,,,,,18,src_collected_ah_2025_group_admission
2025,AH,ordinary_undergraduate,physics,2468,007,,642,6122,,,,,4,src_collected_ah_2025_group_admission
2025,AH,ordinary_undergraduate,physics,2468,008,,618,16030,,,,,3,src_collected_ah_2025_group_admission
2025,AH,ordinary_undergraduate,physics,2470,001,,530,92608,,,,,9,src_collected_ah_2025_group_admission
2025,AH,ordinary_undergraduate,physics,2470,002,,540,81073,,,,,31,src_collected_ah_2025_group_admission
2025,AH,ordinary_undergraduate,physics,2470,003,,533,89429,,,,,9,src_collected_ah_2025_group_admission
2025,AH,ordinary_undergraduate,physics,2477,001,,576,45188,,,,,4,src_collected_ah_2025_group_admission
2025,AH,ordinary_undergraduate,physics,2477,002,,541,80455,,,,,6,src_collected_ah_2025_group_admission
2025,AH,ordinary_undergraduate,physics,2477,003,,584,38477,,,,,26,src_collected_ah_2025_group_admission
2025,AH,ordinary_undergraduate,physics,2477,004,,549,71347,,,,,6,src_collected_ah_2025_group_admission
2025,AH,ordinary_undergraduate,physics,2482,001,,517,109462,,,,,1,src_collected_ah_2025_group_admission
2025,AH,ordinary_undergraduate,physics,2482,002,,523,102602,,,,,8,src_collected_ah_2025_group_admission
2025,AH,ordinary_undergraduate,physics,2486,001,,490,149407,,,,,4,src_collected_ah_2025_group_admission
2025,AH,ordinary_undergraduate,physics,2486,002,,489,150594,,,,,11,src_collected_ah_2025_group_admission
2025,AH,ordinary_undergraduate,physics,2486,003,,493,144820,,,,,12,src_collected_ah_2025_group_admission
2025,AH,ordinary_undergraduate,physics,2486,004,,490,149493,,,,,4,src_collected_ah_2025_group_admission
2025,AH,ordinary_undergraduate,physics,2491,002,,489,151152,,,,,20,src_collected_ah_2025_group_admission
2025,AH,ordinary_undergraduate,physics,2491,003,,491,147580,,,,,154,src_collected_ah_2025_group_admission
2025,AH,ordinary_undergraduate,physics,2491,004,,489,150376,,,,,3,src_collected_ah_2025_group_admission
2025,AH,ordinary_undergraduate,physics,2494,001,,523,102406,,,,,40,src_collected_ah_2025_group_admission
2025,AH,ordinary_undergraduate,physics,2497,001,,496,140744,,,,,4,src_collected_ah_2025_group_admission
2025,AH,ordinary_undergraduate,physics,2497,002,,513,116043,,,,,27,src_collected_ah_2025_group_admission
2025,AH,ordinary_undergraduate,physics,2497,003,,506,125943,,,,,16,src_collected_ah_2025_group_admission
2025,AH,ordinary_undergraduate,physics,2498,001,,543,77273,,,,,92,src_collected_ah_2025_group_admission
2025,AH,ordinary_undergraduate,physics,2499,001,,595,30339,,,,,10,src_collected_ah_2025_group_admission
2025,AH,ordinary_undergraduate,physics,2499,002,,599,27589,,,,,201,src_collected_ah_2025_group_admission
2025,AH,ordinary_undergraduate,physics,2500,001,,508,122287,,,,,7,src_collected_ah_2025_group_admission
2025,AH,ordinary_undergraduate,physics,2500,002,,506,126238,,,,,7,src_collected_ah_2025_group_admission
2025,AH,ordinary_undergraduate,physics,2501,001,,490,148503,,,,,10,src_collected_ah_2025_group_admission
2025,AH,ordinary_undergraduate,physics,2501,002,,494,142461,,,,,3,src_collected_ah_2025_group_admission
2025,AH,ordinary_undergraduate,physics,2501,003,,492,145672,,,,,17,src_collected_ah_2025_group_admission
2025,AH,ordinary_undergraduate,physics,2501,004,,491,147166,,,,,2,src_collected_ah_2025_group_admission
2025,AH,ordinary_undergraduate,physics,2501,071,,401,256696,,,,,1,src_collected_ah_2025_group_admission
2025,AH,ordinary_undergraduate,physics,2503,001,,468,181458,,,,,2,src_collected_ah_2025_group_admission
2025,AH,ordinary_undergraduate,physics,2503,002,,461,190232,,,,,12,src_collected_ah_2025_group_admission
2025,AH,ordinary_undergraduate,physics,2504,001,,510,119768,,,,,5,src_collected_ah_2025_group_admission
2025,AH,ordinary_undergraduate,physics,2504,002,,500,133978,,,,,5,src_collected_ah_2025_group_admission
2025,AH,ordinary_undergraduate,physics,2504,003,,497,138046,,,,,5,src_collected_ah_2025_group_admission
2025,AH,ordinary_undergraduate,physics,2504,004,,510,119491,,,,,5,src_collected_ah_2025_group_admission
2025,AH,ordinary_undergraduate,physics,2504,005,,499,135106,,,,,5,src_collected_ah_2025_group_admission
2025,AH,ordinary_undergraduate,physics,2504,006,,506,125016,,,,,5,src_collected_ah_2025_group_admission
2025,AH,ordinary_undergraduate,physics,2506,001,,515,112921,,,,,20,src_collected_ah_2025_group_admission
2025,AH,ordinary_undergraduate,physics,2509,001,,490,148400,,,,,10,src_collected_ah_2025_group_admission
2025,AH,ordinary_undergraduate,physics,2510,001,,501,133182,,,,,19,src_collected_ah_2025_group_admission
2025,AH,ordinary_undergraduate,physics,2517,001,,572,48706,,,,,20,src_collected_ah_2025_group_admission
2025,AH,ordinary_undergraduate,physics,2517,002,,571,49204,,,,,20,src_collected_ah_2025_group_admission
2025,AH,ordinary_undergraduate,physics,2517,003,,557,63023,,,,,6,src_collected_ah_2025_group_admission
2025,AH,ordinary_undergraduate,physics,2517,004,,582,39912,,,,,17,src_collected_ah_2025_group_admission
2025,AH,ordinary_undergraduate,physics,2518,001,,516,110957,,,,,20,src_collected_ah_2025_group_admission
2025,AH,ordinary_undergraduate,physics,2518,003,,490,148944,,,,,13,src_collected_ah_2025_group_admission
2025,AH,ordinary_undergraduate,physics,2518,004,,519,107876,,,,,24,src_collected_ah_2025_group_admission
2025,AH,ordinary_undergraduate,physics,2518,005,,522,103440,,,,,31,src_collected_ah_2025_group_admission
2025,AH,ordinary_undergraduate,physics,2518,006,,537,84390,,,,,17,src_collected_ah_2025_group_admission
2025,AH,ordinary_undergraduate,physics,2518,007,,540,81412,,,,,11,src_collected_ah_2025_group_admission
2025,AH,ordinary_undergraduate,physics,2518,008,,489,151069,,,,,12,src_collected_ah_2025_group_admission
2025,AH,ordinary_undergraduate,physics,2518,009,,533,89717,,,,,4,src_collected_ah_2025_group_admission
2025,AH,ordinary_undergraduate,physics,2522,003,,649,4371,,,,,149,src_collected_ah_2025_group_admission
2025,AH,ordinary_undergraduate,physics,2524,002,,583,39440,,,,,15,src_collected_ah_2025_group_admission
2025,AH,ordinary_undergraduate,physics,2524,003,,583,39091,,,,,52,src_collected_ah_2025_group_admission
2025,AH,ordinary_undergraduate,physics,2524,004,,598,27886,,,,,44,src_collected_ah_2025_group_admission
2025,AH,ordinary_undergraduate,physics,2524,005,,603,24845,,,,,69,src_collected_ah_2025_group_admission
2025,AH,ordinary_undergraduate,physics,2524,006,,598,28069,,,,,25,src_collected_ah_2025_group_admission
2025,AH,ordinary_undergraduate,physics,2532,001,,557,62771,,,,,17,src_collected_ah_2025_group_admission
2025,AH,ordinary_undergraduate,physics,2532,002,,552,68228,,,,,4,src_collected_ah_2025_group_admission
2025,AH,ordinary_undergraduate,physics,2532,003,,584,37951,,,,,20,src_collected_ah_2025_group_admission
2025,AH,ordinary_undergraduate,physics,2532,004,,592,32241,,,,,22,src_collected_ah_2025_group_admission
2025,AH,ordinary_undergraduate,physics,2532,005,,589,34391,,,,,23,src_collected_ah_2025_group_admission
2025,AH,ordinary_undergraduate,physics,2532,006,,547,73261,,,,,30,src_collected_ah_2025_group_admission
2025,AH,ordinary_undergraduate,physics,2532,007,,543,77967,,,,,55,src_collected_ah_2025_group_admission
2025,AH,ordinary_undergraduate,physics,2532,008,,575,45492,,,,,4,src_collected_ah_2025_group_admission
2025,AH,ordinary_undergraduate,physics,2533,004,,576,44876,,,,,8,src_collected_ah_2025_group_admission
2025,AH,ordinary_undergraduate,physics,2533,005,,595,29989,,,,,34,src_collected_ah_2025_group_admission
2025,AH,ordinary_undergraduate,physics,2533,006,,590,33715,,,,,18,src_collected_ah_2025_group_admission
2025,AH,ordinary_undergraduate,physics,2533,007,,577,43772,,,,,8,src_collected_ah_2025_group_admission
2025,AH,ordinary_undergraduate,physics,2534,001,,517,109867,,,,,2,src_collected_ah_2025_group_admission
2025,AH,ordinary_undergraduate,physics,2535,001,,507,124086,,,,,7,src_collected_ah_2025_group_admission
2025,AH,ordinary_undergraduate,physics,2535,002,,508,123036,,,,,4,src_collected_ah_2025_group_admission
2025,AH,ordinary_undergraduate,physics,2535,003,,503,130513,,,,,48,src_collected_ah_2025_group_admission
2025,AH,ordinary_undergraduate,physics,2535,004,,515,112683,,,,,27,src_collected_ah_2025_group_admission
2025,AH,ordinary_undergraduate,physics,2535,005,,506,124959,,,,,4,src_collected_ah_2025_group_admission
2025,AH,ordinary_undergraduate,physics,2537,001,,463,188291,,,,,4,src_collected_ah_2025_group_admission
2025,AH,ordinary_undergraduate,physics,2537,002,,465,184917,,,,,2,src_collected_ah_2025_group_admission
2025,AH,ordinary_undergraduate,physics,2537,003,,461,190799,,,,,8,src_collected_ah_2025_group_admission
2025,AH,ordinary_undergraduate,physics,2539,002,,532,90657,,,,,33,src_collected_ah_2025_group_admission
2025,AH,ordinary_undergraduate,physics,2539,003,,536,85648,,,,,5,src_collected_ah_2025_group_admission
2025,AH,ordinary_undergraduate,physics,2539,004,,540,80956,,,,,58,src_collected_ah_2025_group_admission
2025,AH,ordinary_undergraduate,physics,2539,005,,534,88328,,,,,16,src_collected_ah_2025_group_admission
2025,AH,ordinary_undergraduate,physics,2541,001,,530,93091,,,,,14,src_collected_ah_2025_group_admission
2025,AH,ordinary_undergraduate,physics,2541,002,,568,51555,,,,,10,src_collected_ah_2025_group_admission
2025,AH,ordinary_undergraduate,physics,2541,003,,585,37122,,,,,3,src_collected_ah_2025_group_admission
2025,AH,ordinary_undergraduate,physics,2546,001,,461,191291,,,,,3,src_collected_ah_2025_group_admission
2025,AH,ordinary_undergraduate,physics,2546,002,,465,185954,,,,,8,src_collected_ah_2025_group_admission
2025,AH,ordinary_undergraduate,physics,2546,003,,462,189696,,,,,6,src_collected_ah_2025_group_admission
2025,AH,ordinary_undergraduate,physics,2546,004,,465,185783,,,,,3,src_collected_ah_2025_group_admission
2025,AH,ordinary_undergraduate,physics,2548,003,,560,60003,,,,,6,src_collected_ah_2025_group_admission
2025,AH,ordinary_undergraduate,physics,2548,004,,522,103568,,,,,4,src_collected_ah_2025_group_admission
2025,AH,ordinary_undergraduate,physics,2548,005,,546,74271,,,,,8,src_collected_ah_2025_group_admission
2025,AH,ordinary_undergraduate,physics,2548,006,,543,78413,,,,,2,src_collected_ah_2025_group_admission
2025,AH,ordinary_undergraduate,physics,2548,007,,588,35322,,,,,1,src_collected_ah_2025_group_admission
2025,AH,ordinary_undergraduate,physics,2548,008,,554,66211,,,,,1,src_collected_ah_2025_group_admission
2025,AH,ordinary_undergraduate,physics,2550,004,,602,25379,,,,,7,src_collected_ah_2025_group_admission
2025,AH,ordinary_undergraduate,physics,2550,005,,654,3190,,,,,2,src_collected_ah_2025_group_admission
2025,AH,ordinary_undergraduate,physics,2550,006,,632,9657,,,,,1,src_collected_ah_2025_group_admission
2025,AH,ordinary_undergraduate,physics,2550,007,,641,6655,,,,,7,src_collected_ah_2025_group_admission
2025,AH,ordinary_undergraduate,physics,2550,008,,629,10952,,,,,10,src_collected_ah_2025_group_admission
2025,AH,ordinary_undergraduate,physics,2550,009,,585,37149,,,,,11,src_collected_ah_2025_group_admission
2025,AH,ordinary_undergraduate,physics,2554,001,,509,121245,,,,,8,src_collected_ah_2025_group_admission
2025,AH,ordinary_undergraduate,physics,2554,002,,532,90133,,,,,18,src_collected_ah_2025_group_admission
2025,AH,ordinary_undergraduate,physics,2554,003,,512,117652,,,,,10,src_collected_ah_2025_group_admission
2025,AH,ordinary_undergraduate,physics,2555,001,,511,118233,,,,,5,src_collected_ah_2025_group_admission
2025,AH,ordinary_undergraduate,physics,2555,002,,523,101686,,,,,57,src_collected_ah_2025_group_admission
2025,AH,ordinary_undergraduate,physics,2556,001,,549,70812,,,,,11,src_collected_ah_2025_group_admission
2025,AH,ordinary_undergraduate,physics,2556,002,,580,41792,,,,,28,src_collected_ah_2025_group_admission
2025,AH,ordinary_undergraduate,physics,2556,003,,560,59019,,,,,15,src_collected_ah_2025_group_admission
2025,AH,ordinary_undergraduate,physics,2556,004,,575,45379,,,,,7,src_collected_ah_2025_group_admission
2025,AH,ordinary_undergraduate,physics,2556,005,,567,53086,,,,,27,src_collected_ah_2025_group_admission
2025,AH,ordinary_undergraduate,physics,2556,006,,546,74371,,,,,14,src_collected_ah_2025_group_admission
2025,AH,ordinary_undergraduate,physics,2556,007,,554,66057,,,,,1,src_collected_ah_2025_group_admission
2025,AH,ordinary_undergraduate,physics,2558,001,,500,134692,,,,,3,src_collected_ah_2025_group_admission
2025,AH,ordinary_undergraduate,physics,2558,002,,502,131167,,,,,5,src_collected_ah_2025_group_admission
2025,AH,ordinary_undergraduate,physics,2562,001,,489,150578,,,,,28,src_collected_ah_2025_group_admission
2025,AH,ordinary_undergraduate,physics,2563,003,,662,1837,,,,,124,src_collected_ah_2025_group_admission
2025,AH,ordinary_undergraduate,physics,2563,004,,654,3118,,,,,19,src_collected_ah_2025_group_admission
2025,AH,ordinary_undergraduate,physics,2563,005,,656,2757,,,,,12,src_collected_ah_2025_group_admission
2025,AH,ordinary_undergraduate,physics,2575,001,,480,163506,,,,,11,src_collected_ah_2025_group_admission
2025,AH,ordinary_undergraduate,physics,2575,002,,483,159715,,,,,25,src_collected_ah_2025_group_admission
2025,AH,ordinary_undergraduate,physics,2578,001,,504,127978,,,,,2,src_collected_ah_2025_group_admission
2025,AH,ordinary_undergraduate,physics,2578,002,,505,127538,,,,,8,src_collected_ah_2025_group_admission
2025,AH,ordinary_undergraduate,physics,2578,003,,510,120369,,,,,36,src_collected_ah_2025_group_admission
2025,AH,ordinary_undergraduate,physics,2578,004,,492,145466,,,,,5,src_collected_ah_2025_group_admission
2025,AH,ordinary_undergraduate,physics,2578,005,,525,99065,,,,,2,src_collected_ah_2025_group_admission
2025,AH,ordinary_undergraduate,physics,2580,001,,499,136438,,,,,4,src_collected_ah_2025_group_admission
2025,AH,ordinary_undergraduate,physics,2582,001,,556,63314,,,,,9,src_collected_ah_2025_group_admission
2025,AH,ordinary_undergraduate,physics,2582,003,,576,44714,,,,,39,src_collected_ah_2025_group_admission
2025,AH,ordinary_undergraduate,physics,2582,005,,561,58698,,,,,3,src_collected_ah_2025_group_admission
2025,AH,ordinary_undergraduate,physics,2584,001,,500,134091,,,,,31,src_collected_ah_2025_group_admission
2025,AH,ordinary_undergraduate,physics,2584,002,,482,161600,,,,,32,src_collected_ah_2025_group_admission
2025,AH,ordinary_undergraduate,physics,2585,001,,539,82061,,,,,21,src_collected_ah_2025_group_admission
2025,AH,ordinary_undergraduate,physics,2586,001,,473,174397,,,,,14,src_collected_ah_2025_group_admission
2025,AH,ordinary_undergraduate,physics,2586,002,,472,175737,,,,,10,src_collected_ah_2025_group_admission
2025,AH,ordinary_undergraduate,physics,2587,001,,573,47819,,,,,2,src_collected_ah_2025_group_admission
2025,AH,ordinary_undergraduate,physics,2587,002,,593,31829,,,,,16,src_collected_ah_2025_group_admission
2025,AH,ordinary_undergraduate,physics,2587,003,,563,56893,,,,,18,src_collected_ah_2025_group_admission
2025,AH,ordinary_undergraduate,physics,2587,004,,548,72526,,,,,6,src_collected_ah_2025_group_admission
2025,AH,ordinary_undergraduate,physics,2589,001,,475,171384,,,,,9,src_collected_ah_2025_group_admission
2025,AH,ordinary_undergraduate,physics,2589,002,,482,161044,,,,,18,src_collected_ah_2025_group_admission
2025,AH,ordinary_undergraduate,physics,2591,001,,485,157061,,,,,8,src_collected_ah_2025_group_admission
2025,AH,ordinary_undergraduate,physics,2598,002,,478,166377,,,,,65,src_collected_ah_2025_group_admission
2025,AH,ordinary_undergraduate,physics,2598,003,,474,173000,,,,,230,src_collected_ah_2025_group_admission
2025,AH,ordinary_undergraduate,physics,2598,004,,461,190000,,,,,44,src_collected_ah_2025_group_admission
2025,AH,ordinary_undergraduate,physics,2599,001,,544,76948,,,,,3,src_collected_ah_2025_group_admission
2025,AH,ordinary_undergraduate,physics,2599,002,,552,68282,,,,,18,src_collected_ah_2025_group_admission
2025,AH,ordinary_undergraduate,physics,2599,003,,526,97689,,,,,5,src_collected_ah_2025_group_admission
2025,AH,ordinary_undergraduate,physics,2601,001,,490,148729,,,,,2,src_collected_ah_2025_group_admission
2025,AH,ordinary_undergraduate,physics,2601,002,,491,147231,,,,,20,src_collected_ah_2025_group_admission
2025,AH,ordinary_undergraduate,physics,2603,001,,543,77838,,,,,1,src_collected_ah_2025_group_admission
2025,AH,ordinary_undergraduate,physics,2603,002,,516,111566,,,,,7,src_collected_ah_2025_group_admission
2025,AH,ordinary_undergraduate,physics,2603,003,,540,81115,,,,,14,src_collected_ah_2025_group_admission
2025,AH,ordinary_undergraduate,physics,2603,004,,517,109994,,,,,11,src_collected_ah_2025_group_admission
2025,AH,ordinary_undergraduate,physics,2604,001,,479,165098,,,,,4,src_collected_ah_2025_group_admission
2025,AH,ordinary_undergraduate,physics,2604,002,,486,155055,,,,,4,src_collected_ah_2025_group_admission
2025,AH,ordinary_undergraduate,physics,2605,001,,488,151694,,,,,7,src_collected_ah_2025_group_admission
2025,AH,ordinary_undergraduate,physics,2605,002,,489,150897,,,,,2,src_collected_ah_2025_group_admission
2025,AH,ordinary_undergraduate,physics,2606,001,,481,162835,,,,,25,src_collected_ah_2025_group_admission
2025,AH,ordinary_undergraduate,physics,2608,001,,483,159894,,,,,5,src_collected_ah_2025_group_admission
2025,AH,ordinary_undergraduate,physics,2608,002,,483,159405,,,,,5,src_collected_ah_2025_group_admission
2025,AH,ordinary_undergraduate,physics,2612,005,,654,3070,,,,,22,src_collected_ah_2025_group_admission
2025,AH,ordinary_undergraduate,physics,2612,006,,662,1701,,,,,34,src_collected_ah_2025_group_admission
2025,AH,ordinary_undergraduate,physics,2612,007,,658,2469,,,,,40,src_collected_ah_2025_group_admission
2025,AH,ordinary_undergraduate,physics,2612,008,,654,3257,,,,,14,src_collected_ah_2025_group_admission
2025,AH,ordinary_undergraduate,physics,2612,009,,660,2074,,,,,53,src_collected_ah_2025_group_admission
2025,AH,ordinary_undergraduate,physics,2612,010,,621,14470,,,,,6,src_collected_ah_2025_group_admission
2025,AH,ordinary_undergraduate,physics,2613,001,,639,7364,,,,,5,src_collected_ah_2025_group_admission
2025,AH,ordinary_undergraduate,physics,2613,002,,649,4287,,,,,2,src_collected_ah_2025_group_admission
2025,AH,ordinary_undergraduate,physics,2613,003,,612,19598,,,,,7,src_collected_ah_2025_group_admission
2025,AH,ordinary_undergraduate,physics,2616,001,,484,158243,,,,,5,src_collected_ah_2025_group_admission
2025,AH,ordinary_undergraduate,physics,2616,002,,479,165998,,,,,26,src_collected_ah_2025_group_admission
2025,AH,ordinary_undergraduate,physics,2617,001,,552,68248,,,,,97,src_collected_ah_2025_group_admission
2025,AH,ordinary_undergraduate,physics,2618,001,,564,55454,,,,,34,src_collected_ah_2025_group_admission
2025,AH,ordinary_undergraduate,physics,2618,002,,578,42980,,,,,128,src_collected_ah_2025_group_admission
2025,AH,ordinary_undergraduate,physics,2618,003,,551,69453,,,,,8,src_collected_ah_2025_group_admission
2025,AH,ordinary_undergraduate,physics,2619,001,,479,164681,,,,,23,src_collected_ah_2025_group_admission
2025,AH,ordinary_undergraduate,physics,2621,001,,484,157676,,,,,14,src_collected_ah_2025_group_admission
2025,AH,ordinary_undergraduate,physics,2621,002,,488,152721,,,,,2,src_collected_ah_2025_group_admission
2025,AH,ordinary_undergraduate,physics,2621,003,,488,152010,,,,,4,src_collected_ah_2025_group_admission
2025,AH,ordinary_undergraduate,physics,2621,004,,471,176453,,,,,4,src_collected_ah_2025_group_admission
2025,AH,ordinary_undergraduate,physics,2625,001,,480,163245,,,,,5,src_collected_ah_2025_group_admission
2025,AH,ordinary_undergraduate,physics,2625,002,,481,161996,,,,,19,src_collected_ah_2025_group_admission
2025,AH,ordinary_undergraduate,physics,2628,001,,582,39755,,,,,7,src_collected_ah_2025_group_admission
2025,AH,ordinary_undergraduate,physics,2628,002,,594,31246,,,,,50,src_collected_ah_2025_group_admission
2025,AH,ordinary_undergraduate,physics,2628,003,,572,48693,,,,,8,src_collected_ah_2025_group_admission
2025,AH,ordinary_undergraduate,physics,2630,005,,611,20177,,,,,2,src_collected_ah_2025_group_admission
2025,AH,ordinary_undergraduate,physics,2630,006,,639,7279,,,,,2,src_collected_ah_2025_group_admission
2025,AH,ordinary_undergraduate,physics,2630,007,,643,5809,,,,,2,src_collected_ah_2025_group_admission
2025,AH,ordinary_undergraduate,physics,2630,008,,642,6358,,,,,2,src_collected_ah_2025_group_admission
2025,AH,ordinary_undergraduate,physics,2630,009,,639,7281,,,,,3,src_collected_ah_2025_group_admission
2025,AH,ordinary_undergraduate,physics,2630,010,,625,12680,,,,,320,src_collected_ah_2025_group_admission
2025,AH,ordinary_undergraduate,physics,2630,011,,624,12937,,,,,6,src_collected_ah_2025_group_admission
2025,AH,ordinary_undergraduate,physics,2632,001,,509,121158,,,,,5,src_collected_ah_2025_group_admission
2025,AH,ordinary_undergraduate,physics,2632,002,,552,67809,,,,,53,src_collected_ah_2025_group_admission
2025,AH,ordinary_undergraduate,physics,2632,003,,525,99986,,,,,9,src_collected_ah_2025_group_admission
2025,AH,ordinary_undergraduate,physics,2632,051,,529,94305,,,,,5,src_collected_ah_2025_group_admission
2025,AH,ordinary_undergraduate,physics,2633,001,,481,162313,,,,,5,src_collected_ah_2025_group_admission
2025,AH,ordinary_undergraduate,physics,2637,001,,479,166018,,,,,8,src_collected_ah_2025_group_admission
2025,AH,ordinary_undergraduate,physics,2638,001,,482,161058,,,,,24,src_collected_ah_2025_group_admission
2025,AH,ordinary_undergraduate,physics,2639,002,,512,116689,,,,,16,src_collected_ah_2025_group_admission
2025,AH,ordinary_undergraduate,physics,2639,003,,519,107301,,,,,10,src_collected_ah_2025_group_admission
2025,AH,ordinary_undergraduate,physics,2643,001,,486,155543,,,,,3,src_collected_ah_2025_group_admission
2025,AH,ordinary_undergraduate,physics,2643,002,,490,149419,,,,,1,src_collected_ah_2025_group_admission
2025,AH,ordinary_undergraduate,physics,2643,003,,486,155037,,,,,11,src_collected_ah_2025_group_admission
2025,AH,ordinary_undergraduate,physics,2643,004,,493,144606,,,,,1,src_collected_ah_2025_group_admission
2025,AH,ordinary_undergraduate,physics,2645,001,,483,159142,,,,,20,src_collected_ah_2025_group_admission
2025,AH,ordinary_undergraduate,physics,2645,002,,497,139333,,,,,5,src_collected_ah_2025_group_admission
2025,AH,ordinary_undergraduate,physics,2647,001,,515,113478,,,,,2,src_collected_ah_2025_group_admission
2025,AH,ordinary_undergraduate,physics,2649,001,,494,142768,,,,,13,src_collected_ah_2025_group_admission
2025,AH,ordinary_undergraduate,physics,2649,002,,499,135745,,,,,41,src_collected_ah_2025_group_admission
2025,AH,ordinary_undergraduate,physics,2650,001,,546,74873,,,,,33,src_collected_ah_2025_group_admission
2025,AH,ordinary_undergraduate,physics,2650,002,,530,93353,,,,,4,src_collected_ah_2025_group_admission
2025,AH,ordinary_undergraduate,physics,2650,003,,574,46732,,,,,10,src_collected_ah_2025_group_admission
2025,AH,ordinary_undergraduate,physics,2652,003,,632,9635,,,,,10,src_collected_ah_2025_group_admission
2025,AH,ordinary_undergraduate,physics,2652,004,,617,16802,,,,,9,src_collected_ah_2025_group_admission
2025,AH,ordinary_undergraduate,physics,2652,005,,644,5715,,,,,194,src_collected_ah_2025_group_admission
2025,AH,ordinary_undergraduate,physics,2652,006,,628,11399,,,,,26,src_collected_ah_2025_group_admission
2025,AH,ordinary_undergraduate,physics,2653,001,,461,190837,,,,,7,src_collected_ah_2025_group_admission
2025,AH,ordinary_undergraduate,physics,2655,001,,539,82698,,,,,14,src_collected_ah_2025_group_admission
2025,AH,ordinary_undergraduate,physics,2655,002,,574,46871,,,,,14,src_collected_ah_2025_group_admission
2025,AH,ordinary_undergraduate,physics,2655,003,,567,53241,,,,,35,src_collected_ah_2025_group_admission
2025,AH,ordinary_undergraduate,physics,2655,004,,564,55225,,,,,22,src_collected_ah_2025_group_admission
2025,AH,ordinary_undergraduate,physics,2655,005,,558,62042,,,,,9,src_collected_ah_2025_group_admission
2025,AH,ordinary_undergraduate,physics,2655,006,,519,107451,,,,,35,src_collected_ah_2025_group_admission
2025,AH,ordinary_undergraduate,physics,2655,007,,517,110200,,,,,31,src_collected_ah_2025_group_admission
2025,AH,ordinary_undergraduate,physics,2657,001,,587,36048,,,,,4,src_collected_ah_2025_group_admission
2025,AH,ordinary_undergraduate,physics,2657,002,,582,39809,,,,,73,src_collected_ah_2025_group_admission
2025,AH,ordinary_undergraduate,physics,2657,003,,566,53460,,,,,12,src_collected_ah_2025_group_admission
2025,AH,ordinary_undergraduate,physics,2659,003,,530,93129,,,,,8,src_collected_ah_2025_group_admission
2025,AH,ordinary_undergraduate,physics,2659,004,,512,116582,,,,,6,src_collected_ah_2025_group_admission
2025,AH,ordinary_undergraduate,physics,2659,005,,514,114675,,,,,6,src_collected_ah_2025_group_admission
2025,AH,ordinary_undergraduate,physics,2661,001,,551,68484,,,,,20,src_collected_ah_2025_group_admission
2025,AH,ordinary_undergraduate,physics,2661,002,,552,68243,,,,,117,src_collected_ah_2025_group_admission
2025,AH,ordinary_undergraduate,physics,2661,003,,530,93756,,,,,6,src_collected_ah_2025_group_admission
2025,AH,ordinary_undergraduate,physics,2662,006,,649,4351,,,,,8,src_collected_ah_2025_group_admission
2025,AH,ordinary_undergraduate,physics,2662,007,,664,1546,,,,,66,src_collected_ah_2025_group_admission
2025,AH,ordinary_undergraduate,physics,2662,008,,643,5846,,,,,35,src_collected_ah_2025_group_admission
2025,AH,ordinary_undergraduate,physics,2662,009,,651,3886,,,,,39,src_collected_ah_2025_group_admission
2025,AH,ordinary_undergraduate,physics,2663,001,,480,163532,,,,,4,src_collected_ah_2025_group_admission
2025,AH,ordinary_undergraduate,physics,2663,002,,476,170289,,,,,25,src_collected_ah_2025_group_admission
2025,AH,ordinary_undergraduate,physics,2664,001,,565,54803,,,,,14,src_collected_ah_2025_group_admission
2025,AH,ordinary_undergraduate,physics,2664,002,,559,60300,,,,,103,src_collected_ah_2025_group_admission
2025,AH,ordinary_undergraduate,physics,2665,001,,584,38480,,,,,9,src_collected_ah_2025_group_admission
2025,AH,ordinary_undergraduate,physics,2665,002,,596,29437,,,,,68,src_collected_ah_2025_group_admission
2025,AH,ordinary_undergraduate,physics,2665,003,,543,78273,,,,,11,src_collected_ah_2025_group_admission
2025,AH,ordinary_undergraduate,physics,2667,001,,472,174720,,,,,5,src_collected_ah_2025_group_admission
2025,AH,ordinary_undergraduate,physics,2667,002,,468,181412,,,,,22,src_collected_ah_2025_group_admission
2025,AH,ordinary_undergraduate,physics,2668,001,,461,190833,,,,,16,src_collected_ah_2025_group_admission
2025,AH,ordinary_undergraduate,physics,2668,002,,461,190185,,,,,5,src_collected_ah_2025_group_admission
2025,AH,ordinary_undergraduate,physics,2669,001,,474,173229,,,,,21,src_collected_ah_2025_group_admission
2025,AH,ordinary_undergraduate,physics,2669,002,,479,165123,,,,,9,src_collected_ah_2025_group_admission
2025,AH,ordinary_undergraduate,physics,2669,003,,485,157129,,,,,1,src_collected_ah_2025_group_admission
2025,AH,ordinary_undergraduate,physics,2670,001,,466,184612,,,,,52,src_collected_ah_2025_group_admission
2025,AH,ordinary_undergraduate,physics,2671,001,,545,75442,,,,,5,src_collected_ah_2025_group_admission
2025,AH,ordinary_undergraduate,physics,2671,002,,564,55939,,,,,10,src_collected_ah_2025_group_admission
2025,AH,ordinary_undergraduate,physics,2671,003,,554,65560,,,,,37,src_collected_ah_2025_group_admission
2025,AH,ordinary_undergraduate,physics,2671,004,,557,62289,,,,,44,src_collected_ah_2025_group_admission
2025,AH,ordinary_undergraduate,physics,2672,001,,471,176545,,,,,4,src_collected_ah_2025_group_admission
2025,AH,ordinary_undergraduate,physics,2672,002,,463,187759,,,,,22,src_collected_ah_2025_group_admission
2025,AH,ordinary_undergraduate,physics,2672,003,,471,176300,,,,,2,src_collected_ah_2025_group_admission
2025,AH,ordinary_undergraduate,physics,2675,002,,550,69601,,,,,14,src_collected_ah_2025_group_admission
2025,AH,ordinary_undergraduate,physics,2675,003,,561,58692,,,,,2,src_collected_ah_2025_group_admission
2025,AH,ordinary_undergraduate,physics,2675,004,,575,45884,,,,,2,src_collected_ah_2025_group_admission
2025,AH,ordinary_undergraduate,physics,2676,001,,465,185035,,,,,14,src_collected_ah_2025_group_admission
2025,AH,ordinary_undergraduate,physics,2676,002,,464,186740,,,,,43,src_collected_ah_2025_group_admission
2025,AH,ordinary_undergraduate,physics,2676,003,,473,174549,,,,,3,src_collected_ah_2025_group_admission
2025,AH,ordinary_undergraduate,physics,2677,001,,506,125800,,,,,4,src_collected_ah_2025_group_admission
2025,AH,ordinary_undergraduate,physics,2677,002,,503,129942,,,,,15,src_collected_ah_2025_group_admission
2025,AH,ordinary_undergraduate,physics,2677,003,,504,129133,,,,,8,src_collected_ah_2025_group_admission
2025,AH,ordinary_undergraduate,physics,2677,004,,501,132523,,,,,3,src_collected_ah_2025_group_admission
2025,AH,ordinary_undergraduate,physics,2678,001,,475,170340,,,,,16,src_collected_ah_2025_group_admission
2025,AH,ordinary_undergraduate,physics,2680,001,,502,130936,,,,,2,src_collected_ah_2025_group_admission
2025,AH,ordinary_undergraduate,physics,2680,002,,503,130488,,,,,4,src_collected_ah_2025_group_admission
2025,AH,ordinary_undergraduate,physics,2682,001,,596,29671,,,,,5,src_collected_ah_2025_group_admission
2025,AH,ordinary_undergraduate,physics,2682,002,,599,27148,,,,,35,src_collected_ah_2025_group_admission
2025,AH,ordinary_undergraduate,physics,2682,003,,585,37709,,,,,19,src_collected_ah_2025_group_admission
2025,AH,ordinary_undergraduate,physics,2684,002,,598,27968,,,,,6,src_collected_ah_2025_group_admission
2025,AH,ordinary_undergraduate,physics,2684,003,,622,14208,,,,,2,src_collected_ah_2025_group_admission
2025,AH,ordinary_undergraduate,physics,2684,004,,602,25663,,,,,41,src_collected_ah_2025_group_admission
2025,AH,ordinary_undergraduate,physics,2684,005,,583,38724,,,,,2,src_collected_ah_2025_group_admission
2025,AH,ordinary_undergraduate,physics,2684,006,,605,23340,,,,,3,src_collected_ah_2025_group_admission
2025,AH,ordinary_undergraduate,physics,2684,051,,605,23786,,,,,10,src_collected_ah_2025_group_admission
2025,AH,ordinary_undergraduate,physics,2685,003,,656,2754,,,,,167,src_collected_ah_2025_group_admission
2025,AH,ordinary_undergraduate,physics,2685,004,,638,7601,,,,,10,src_collected_ah_2025_group_admission
2025,AH,ordinary_undergraduate,physics,2685,051,,643,5855,,,,,10,src_collected_ah_2025_group_admission
2025,AH,ordinary_undergraduate,physics,2686,003,,524,100609,,,,,2,src_collected_ah_2025_group_admission
2025,AH,ordinary_undergraduate,physics,2686,004,,522,103435,,,,,28,src_collected_ah_2025_group_admission
2025,AH,ordinary_undergraduate,physics,2686,005,,520,105517,,,,,2,src_collected_ah_2025_group_admission
2025,AH,ordinary_undergraduate,physics,2686,006,,519,107133,,,,,3,src_collected_ah_2025_group_admission
2025,AH,ordinary_undergraduate,physics,2687,004,,609,21272,,,,,5,src_collected_ah_2025_group_admission
2025,AH,ordinary_undergraduate,physics,2687,005,,611,19976,,,,,6,src_collected_ah_2025_group_admission
2025,AH,ordinary_undergraduate,physics,2687,006,,607,22374,,,,,4,src_collected_ah_2025_group_admission
2025,AH,ordinary_undergraduate,physics,2687,007,,608,21756,,,,,96,src_collected_ah_2025_group_admission
2025,AH,ordinary_undergraduate,physics,2687,008,,609,21190,,,,,16,src_collected_ah_2025_group_admission
2025,AH,ordinary_undergraduate,physics,2687,009,,595,30234,,,,,5,src_collected_ah_2025_group_admission
2025,AH,ordinary_undergraduate,physics,2687,010,,619,15506,,,,,8,src_collected_ah_2025_group_admission
2025,AH,ordinary_undergraduate,physics,2687,011,,607,22137,,,,,2,src_collected_ah_2025_group_admission
2025,AH,ordinary_undergraduate,physics,2687,012,,621,14353,,,,,2,src_collected_ah_2025_group_admission
2025,AH,ordinary_undergraduate,physics,2687,051,,593,31646,,,,,4,src_collected_ah_2025_group_admission
2025,AH,ordinary_undergraduate,physics,2687,052,,597,28844,,,,,4,src_collected_ah_2025_group_admission
2025,AH,ordinary_undergraduate,physics,2688,001,,521,104141,,,,,9,src_collected_ah_2025_group_admission
2025,AH,ordinary_undergraduate,physics,2688,002,,544,77222,,,,,33,src_collected_ah_2025_group_admission
2025,AH,ordinary_undergraduate,physics,2688,003,,513,116353,,,,,4,src_collected_ah_2025_group_admission
2025,AH,ordinary_undergraduate,physics,2689,001,,598,28145,,,,,10,src_collected_ah_2025_group_admission
2025,AH,ordinary_undergraduate,physics,2690,001,,558,61258,,,,,1,src_collected_ah_2025_group_admission
2025,AH,ordinary_undergraduate,physics,2690,002,,571,49333,,,,,4,src_collected_ah_2025_group_admission
2025,AH,ordinary_undergraduate,physics,2690,005,,579,42720,,,,,2,src_collected_ah_2025_group_admission
2025,AH,ordinary_undergraduate,physics,2692,001,,486,154767,,,,,37,src_collected_ah_2025_group_admission
2025,AH,ordinary_undergraduate,physics,2692,002,,488,152551,,,,,2,src_collected_ah_2025_group_admission
2025,AH,ordinary_undergraduate,physics,2694,001,,489,150414,,,,,10,src_collected_ah_2025_group_admission
2025,AH,ordinary_undergraduate,physics,2694,002,,502,131817,,,,,11,src_collected_ah_2025_group_admission
2025,AH,ordinary_undergraduate,physics,2694,003,,490,148451,,,,,5,src_collected_ah_2025_group_admission
2025,AH,ordinary_undergraduate,physics,2694,004,,500,134869,,,,,4,src_collected_ah_2025_group_admission
2025,AH,ordinary_undergraduate,physics,2694,005,,492,146016,,,,,10,src_collected_ah_2025_group_admission
2025,AH,ordinary_undergraduate,physics,2695,001,,535,86896,,,,,12,src_collected_ah_2025_group_admission
2025,AH,ordinary_undergraduate,physics,2695,002,,543,77547,,,,,32,src_collected_ah_2025_group_admission
2025,AH,ordinary_undergraduate,physics,2696,001,,503,130575,,,,,8,src_collected_ah_2025_group_admission
2025,AH,ordinary_undergraduate,physics,2696,002,,524,100651,,,,,35,src_collected_ah_2025_group_admission
2025,AH,ordinary_undergraduate,physics,2696,003,,527,96710,,,,,5,src_collected_ah_2025_group_admission
2025,AH,ordinary_undergraduate,physics,2697,001,,566,53868,,,,,47,src_collected_ah_2025_group_admission
2025,AH,ordinary_undergraduate,physics,2697,002,,569,51040,,,,,118,src_collected_ah_2025_group_admission
2025,AH,ordinary_undergraduate,physics,2698,001,,472,174963,,,,,14,src_collected_ah_2025_group_admission
2025,AH,ordinary_undergraduate,physics,2698,002,,486,154318,,,,,4,src_collected_ah_2025_group_admission
2025,AH,ordinary_undergraduate,physics,2698,003,,479,166007,,,,,25,src_collected_ah_2025_group_admission
2025,AH,ordinary_undergraduate,physics,2698,004,,477,168497,,,,,2,src_collected_ah_2025_group_admission
2025,AH,ordinary_undergraduate,physics,2699,004,,611,19765,,,,,28,src_collected_ah_2025_group_admission
2025,AH,ordinary_undergraduate,physics,2699,005,,570,50612,,,,,19,src_collected_ah_2025_group_admission
2025,AH,ordinary_undergraduate,physics,2699,006,,623,13495,,,,,16,src_collected_ah_2025_group_admission
2025,AH,ordinary_undergraduate,physics,2700,009,,613,18945,,,,,2,src_collected_ah_2025_group_admission
2025,AH,ordinary_undergraduate,physics,2700,010,,595,30488,,,,,3,src_collected_ah_2025_group_admission
2025,AH,ordinary_undergraduate,physics,2700,011,,618,16271,,,,,7,src_collected_ah_2025_group_admission
2025,AH,ordinary_undergraduate,physics,2700,012,,605,23804,,,,,7,src_collected_ah_2025_group_admission
2025,AH,ordinary_undergraduate,physics,2700,013,,627,11947,,,,,6,src_collected_ah_2025_group_admission
2025,AH,ordinary_undergraduate,physics,2700,014,,572,48071,,,,,44,src_collected_ah_2025_group_admission
2025,AH,ordinary_undergraduate,physics,2700,015,,620,14896,,,,,1,src_collected_ah_2025_group_admission
2025,AH,ordinary_undergraduate,physics,2701,003,,598,27849,,,,,4,src_collected_ah_2025_group_admission
2025,AH,ordinary_undergraduate,physics,2701,004,,593,31455,,,,,12,src_collected_ah_2025_group_admission
2025,AH,ordinary_undergraduate,physics,2701,005,,573,47228,,,,,7,src_collected_ah_2025_group_admission
2025,AH,ordinary_undergraduate,physics,2702,003,,620,15094,,,,,148,src_collected_ah_2025_group_admission
2025,AH,ordinary_undergraduate,physics,2702,004,,603,24589,,,,,14,src_collected_ah_2025_group_admission
2025,AH,ordinary_undergraduate,physics,2702,051,,579,42118,,,,,4,src_collected_ah_2025_group_admission
2025,AH,ordinary_undergraduate,physics,2703,001,,538,83222,,,,,12,src_collected_ah_2025_group_admission
2025,AH,ordinary_undergraduate,physics,2703,003,,551,68463,,,,,122,src_collected_ah_2025_group_admission
2025,AH,ordinary_undergraduate,physics,2704,001,,518,108990,,,,,20,src_collected_ah_2025_group_admission
2025,AH,ordinary_undergraduate,physics,2704,002,,533,89058,,,,,1,src_collected_ah_2025_group_admission
2025,AH,ordinary_undergraduate,physics,2705,002,,545,75408,,,,,10,src_collected_ah_2025_group_admission
2025,AH,ordinary_undergraduate,physics,2705,003,,546,74756,,,,,26,src_collected_ah_2025_group_admission
2025,AH,ordinary_undergraduate,physics,2706,001,,581,40655,,,,,11,src_collected_ah_2025_group_admission
2025,AH,ordinary_undergraduate,physics,2706,002,,585,37721,,,,,92,src_collected_ah_2025_group_admission
2025,AH,ordinary_undergraduate,physics,2707,001,,598,28149,,,,,2,src_collected_ah_2025_group_admission
2025,AH,ordinary_undergraduate,physics,2707,002,,569,50939,,,,,18,src_collected_ah_2025_group_admission
2025,AH,ordinary_undergraduate,physics,2707,003,,530,93485,,,,,13,src_collected_ah_2025_group_admission
2025,AH,ordinary_undergraduate,physics,2707,004,,504,128318,,,,,10,src_collected_ah_2025_group_admission
2025,AH,ordinary_undergraduate,physics,2708,003,,595,30188,,,,,51,src_collected_ah_2025_group_admission
2025,AH,ordinary_undergraduate,physics,2708,004,,613,19027,,,,,2,src_collected_ah_2025_group_admission
2025,AH,ordinary_undergraduate,physics,2711,005,,643,5980,,,,,16,src_collected_ah_2025_group_admission
2025,AH,ordinary_undergraduate,physics,2711,006,,643,5801,,,,,38,src_collected_ah_2025_group_admission
2025,AH,ordinary_undergraduate,physics,2711,007,,647,4814,,,,,63,src_collected_ah_2025_group_admission
2025,AH,ordinary_undergraduate,physics,2712,001,,619,15458,,,,,2,src_collected_ah_2025_group_admission
2025,AH,ordinary_undergraduate,physics,2712,002,,616,16890,,,,,18,src_collected_ah_2025_group_admission
2025,AH,ordinary_undergraduate,physics,2714,001,,462,189876,,,,,12,src_collected_ah_2025_group_admission
2025,AH,ordinary_undergraduate,physics,2714,002,,469,180273,,,,,25,src_collected_ah_2025_group_admission
2025,AH,ordinary_undergraduate,physics,2717,001,,464,186639,,,,,7,src_collected_ah_2025_group_admission
2025,AH,ordinary_undergraduate,physics,2717,002,,463,188504,,,,,15,src_collected_ah_2025_group_admission
2025,AH,ordinary_undergraduate,physics,2718,001,,543,77902,,,,,20,src_collected_ah_2025_group_admission
2025,AH,ordinary_undergraduate,physics,2718,002,,550,70267,,,,,3,src_collected_ah_2025_group_admission
2025,AH,ordinary_undergraduate,physics,2723,001,,557,63100,,,,,2,src_collected_ah_2025_group_admission
2025,AH,ordinary_undergraduate,physics,2723,002,,548,72608,,,,,15,src_collected_ah_2025_group_admission
2025,AH,ordinary_undergraduate,physics,2723,003,,495,141079,,,,,3,src_collected_ah_2025_group_admission
2025,AH,ordinary_undergraduate,physics,2726,001,,485,156334,,,,,2,src_collected_ah_2025_group_admission
2025,AH,ordinary_undergraduate,physics,2726,002,,509,121452,,,,,6,src_collected_ah_2025_group_admission
2025,AH,ordinary_undergraduate,physics,2729,001,,518,108149,,,,,2,src_collected_ah_2025_group_admission
2025,AH,ordinary_undergraduate,physics,2729,002,,530,92780,,,,,6,src_collected_ah_2025_group_admission
2025,AH,ordinary_undergraduate,physics,2729,003,,529,94909,,,,,6,src_collected_ah_2025_group_admission
2025,AH,ordinary_undergraduate,physics,2731,001,,591,33075,,,,,26,src_collected_ah_2025_group_admission
2025,AH,ordinary_undergraduate,physics,2731,002,,588,34991,,,,,129,src_collected_ah_2025_group_admission
2025,AH,ordinary_undergraduate,physics,2732,001,,479,164890,,,,,4,src_collected_ah_2025_group_admission
2025,AH,ordinary_undergraduate,physics,2732,002,,482,161350,,,,,5,src_collected_ah_2025_group_admission
2025,AH,ordinary_undergraduate,physics,2738,001,,489,150387,,,,,7,src_collected_ah_2025_group_admission
2025,AH,ordinary_undergraduate,physics,2738,002,,489,151022,,,,,1,src_collected_ah_2025_group_admission
2025,AH,ordinary_undergraduate,physics,2738,003,,490,149075,,,,,22,src_collected_ah_2025_group_admission
2025,AH,ordinary_undergraduate,physics,2738,004,,488,151793,,,,,4,src_collected_ah_2025_group_admission
2025,AH,ordinary_undergraduate,physics,2739,001,,491,147593,,,,,41,src_collected_ah_2025_group_admission
2025,AH,ordinary_undergraduate,physics,2739,002,,498,136518,,,,,19,src_collected_ah_2025_group_admission
2025,AH,ordinary_undergraduate,physics,2739,003,,496,140626,,,,,4,src_collected_ah_2025_group_admission
2025,AH,ordinary_undergraduate,physics,2740,001,,564,55548,,,,,12,src_collected_ah_2025_group_admission
2025,AH,ordinary_undergraduate,physics,2740,002,,557,62160,,,,,4,src_collected_ah_2025_group_admission
2025,AH,ordinary_undergraduate,physics,2740,003,,579,42723,,,,,62,src_collected_ah_2025_group_admission
2025,AH,ordinary_undergraduate,physics,2740,004,,559,60277,,,,,2,src_collected_ah_2025_group_admission
2025,AH,ordinary_undergraduate,physics,2740,005,,579,42427,,,,,2,src_collected_ah_2025_group_admission
2025,AH,ordinary_undergraduate,physics,2741,001,,489,150528,,,,,1,src_collected_ah_2025_group_admission
2025,AH,ordinary_undergraduate,physics,2741,002,,492,146588,,,,,33,src_collected_ah_2025_group_admission
2025,AH,ordinary_undergraduate,physics,2742,001,,488,152764,,,,,7,src_collected_ah_2025_group_admission
2025,AH,ordinary_undergraduate,physics,2742,002,,487,154146,,,,,147,src_collected_ah_2025_group_admission
2025,AH,ordinary_undergraduate,physics,2743,001,,486,155781,,,,,8,src_collected_ah_2025_group_admission
2025,AH,ordinary_undergraduate,physics,2743,002,,485,156077,,,,,88,src_collected_ah_2025_group_admission
2025,AH,ordinary_undergraduate,physics,2744,001,,485,156355,,,,,6,src_collected_ah_2025_group_admission
2025,AH,ordinary_undergraduate,physics,2744,002,,486,154276,,,,,30,src_collected_ah_2025_group_admission
2025,AH,ordinary_undergraduate,physics,2744,003,,485,156653,,,,,4,src_collected_ah_2025_group_admission
2025,AH,ordinary_undergraduate,physics,2746,001,,513,115733,,,,,2,src_collected_ah_2025_group_admission
2025,AH,ordinary_undergraduate,physics,2746,002,,499,135800,,,,,7,src_collected_ah_2025_group_admission
2025,AH,ordinary_undergraduate,physics,2747,001,,486,154304,,,,,16,src_collected_ah_2025_group_admission
2025,AH,ordinary_undergraduate,physics,2747,002,,487,153839,,,,,13,src_collected_ah_2025_group_admission
2025,AH,ordinary_undergraduate,physics,2747,003,,485,156530,,,,,132,src_collected_ah_2025_group_admission
2025,AH,ordinary_undergraduate,physics,2747,004,,484,157526,,,,,4,src_collected_ah_2025_group_admission
2025,AH,ordinary_undergraduate,physics,2747,005,,489,151089,,,,,4,src_collected_ah_2025_group_admission
2025,AH,ordinary_undergraduate,physics,2750,001,,487,152867,,,,,16,src_collected_ah_2025_group_admission
2025,AH,ordinary_undergraduate,physics,2750,002,,487,153413,,,,,69,src_collected_ah_2025_group_admission
2025,AH,ordinary_undergraduate,physics,2752,001,,490,148628,,,,,7,src_collected_ah_2025_group_admission
2025,AH,ordinary_undergraduate,physics,2752,002,,487,153743,,,,,5,src_collected_ah_2025_group_admission
2025,AH,ordinary_undergraduate,physics,2752,003,,487,153677,,,,,5,src_collected_ah_2025_group_admission
2025,AH,ordinary_undergraduate,physics,2752,004,,490,148484,,,,,99,src_collected_ah_2025_group_admission
2025,AH,ordinary_undergraduate,physics,2752,005,,485,157223,,,,,5,src_collected_ah_2025_group_admission
2025,AH,ordinary_undergraduate,physics,2752,006,,490,149523,,,,,5,src_collected_ah_2025_group_admission
2025,AH,ordinary_undergraduate,physics,2753,001,,487,153567,,,,,8,src_collected_ah_2025_group_admission
2025,AH,ordinary_undergraduate,physics,2756,001,,489,150288,,,,,27,src_collected_ah_2025_group_admission
2025,AH,ordinary_undergraduate,physics,2756,002,,498,137873,,,,,39,src_collected_ah_2025_group_admission
2025,AH,ordinary_undergraduate,physics,2756,003,,492,146428,,,,,1,src_collected_ah_2025_group_admission
2025,AH,ordinary_undergraduate,physics,2756,004,,510,120125,,,,,5,src_collected_ah_2025_group_admission
2025,AH,ordinary_undergraduate,physics,2758,001,,473,173344,,,,,61,src_collected_ah_2025_group_admission
2025,AH,ordinary_undergraduate,physics,2759,001,,498,137255,,,,,9,src_collected_ah_2025_group_admission
2025,AH,ordinary_undergraduate,physics,2759,002,,501,132876,,,,,19,src_collected_ah_2025_group_admission
2025,AH,ordinary_undergraduate,physics,2759,003,,496,139985,,,,,44,src_collected_ah_2025_group_admission
2025,AH,ordinary_undergraduate,physics,2759,004,,493,144301,,,,,21,src_collected_ah_2025_group_admission
2025,AH,ordinary_undergraduate,physics,2760,001,,485,156325,,,,,6,src_collected_ah_2025_group_admission
2025,AH,ordinary_undergraduate,physics,2761,001,,496,139526,,,,,16,src_collected_ah_2025_group_admission
2025,AH,ordinary_undergraduate,physics,2761,002,,488,152130,,,,,30,src_collected_ah_2025_group_admission
2025,AH,ordinary_undergraduate,physics,2763,001,,496,140383,,,,,36,src_collected_ah_2025_group_admission
2025,AH,ordinary_undergraduate,physics,2764,001,,549,70905,,,,,6,src_collected_ah_2025_group_admission
2025,AH,ordinary_undergraduate,physics,2764,002,,495,141642,,,,,14,src_collected_ah_2025_group_admission
2025,AH,ordinary_undergraduate,physics,2766,001,,498,137696,,,,,11,src_collected_ah_2025_group_admission
2025,AH,ordinary_undergraduate,physics,2766,002,,497,138887,,,,,4,src_collected_ah_2025_group_admission
2025,AH,ordinary_undergraduate,physics,2766,003,,501,132586,,,,,31,src_collected_ah_2025_group_admission
2025,AH,ordinary_undergraduate,physics,2766,004,,505,127015,,,,,10,src_collected_ah_2025_group_admission
2025,AH,ordinary_undergraduate,physics,2766,005,,506,125211,,,,,5,src_collected_ah_2025_group_admission
2025,AH,ordinary_undergraduate,physics,2769,001,,490,148443,,,,,15,src_collected_ah_2025_group_admission
2025,AH,ordinary_undergraduate,physics,2771,001,,515,113306,,,,,5,src_collected_ah_2025_group_admission
2025,AH,ordinary_undergraduate,physics,2771,002,,519,107746,,,,,6,src_collected_ah_2025_group_admission
2025,AH,ordinary_undergraduate,physics,2772,001,,484,158637,,,,,9,src_collected_ah_2025_group_admission
2025,AH,ordinary_undergraduate,physics,2776,001,,509,121153,,,,,5,src_collected_ah_2025_group_admission
2025,AH,ordinary_undergraduate,physics,2776,002,,493,143979,,,,,5,src_collected_ah_2025_group_admission
2025,AH,ordinary_undergraduate,physics,2779,001,,496,140924,,,,,2,src_collected_ah_2025_group_admission
2025,AH,ordinary_undergraduate,physics,2779,002,,498,137461,,,,,2,src_collected_ah_2025_group_admission
2025,AH,ordinary_undergraduate,physics,2780,001,,530,92694,,,,,2,src_collected_ah_2025_group_admission
2025,AH,ordinary_undergraduate,physics,2780,002,,534,88254,,,,,28,src_collected_ah_2025_group_admission
2025,AH,ordinary_undergraduate,physics,2783,001,,587,35740,,,,,30,src_collected_ah_2025_group_admission
2025,AH,ordinary_undergraduate,physics,2785,001,,514,113806,,,,,17,src_collected_ah_2025_group_admission
2025,AH,ordinary_undergraduate,physics,2787,002,,539,82621,,,,,58,src_collected_ah_2025_group_admission
2025,AH,ordinary_undergraduate,physics,2787,071,,411,247588,,,,,1,src_collected_ah_2025_group_admission
2025,AH,ordinary_undergraduate,physics,2790,001,,481,162668,,,,,20,src_collected_ah_2025_group_admission
2025,AH,ordinary_undergraduate,physics,2790,002,,480,163338,,,,,11,src_collected_ah_2025_group_admission
2025,AH,ordinary_undergraduate,physics,2791,001,,487,154218,,,,,5,src_collected_ah_2025_group_admission
2025,AH,ordinary_undergraduate,physics,2792,001,,480,164359,,,,,24,src_collected_ah_2025_group_admission
2025,AH,ordinary_undergraduate,physics,2792,002,,477,168190,,,,,76,src_collected_ah_2025_group_admission
2025,AH,ordinary_undergraduate,physics,2795,001,,516,111169,,,,,6,src_collected_ah_2025_group_admission
2025,AH,ordinary_undergraduate,physics,2795,002,,532,90721,,,,,7,src_collected_ah_2025_group_admission
2025,AH,ordinary_undergraduate,physics,2797,003,,575,46013,,,,,10,src_collected_ah_2025_group_admission
2025,AH,ordinary_undergraduate,physics,2797,004,,584,38302,,,,,43,src_collected_ah_2025_group_admission
2025,AH,ordinary_undergraduate,physics,2797,005,,585,37839,,,,,2,src_collected_ah_2025_group_admission
2025,AH,ordinary_undergraduate,physics,2799,001,,517,110050,,,,,20,src_collected_ah_2025_group_admission
2025,AH,ordinary_undergraduate,physics,2800,001,,509,120731,,,,,12,src_collected_ah_2025_group_admission
2025,AH,ordinary_undergraduate,physics,2802,001,,566,53806,,,,,4,src_collected_ah_2025_group_admission
2025,AH,ordinary_undergraduate,physics,2802,002,,558,61360,,,,,5,src_collected_ah_2025_group_admission
2025,AH,ordinary_undergraduate,physics,2802,003,,549,71467,,,,,10,src_collected_ah_2025_group_admission
2025,AH,ordinary_undergraduate,physics,2802,004,,594,30938,,,,,64,src_collected_ah_2025_group_admission
2025,AH,ordinary_undergraduate,physics,2802,005,,575,45450,,,,,28,src_collected_ah_2025_group_admission
2025,AH,ordinary_undergraduate,physics,2803,002,,584,37842,,,,,2,src_collected_ah_2025_group_admission
2025,AH,ordinary_undergraduate,physics,2803,003,,604,23961,,,,,12,src_collected_ah_2025_group_admission
2025,AH,ordinary_undergraduate,physics,2803,004,,582,39922,,,,,22,src_collected_ah_2025_group_admission
2025,AH,ordinary_undergraduate,physics,2803,005,,575,46214,,,,,23,src_collected_ah_2025_group_admission
2025,AH,ordinary_undergraduate,physics,2803,006,,601,25960,,,,,4,src_collected_ah_2025_group_admission
2025,AH,ordinary_undergraduate,physics,2803,008,,579,42522,,,,,15,src_collected_ah_2025_group_admission
2025,AH,ordinary_undergraduate,physics,2803,009,,574,46873,,,,,3,src_collected_ah_2025_group_admission
2025,AH,ordinary_undergraduate,physics,2807,002,,462,189895,,,,,1,src_collected_ah_2025_group_admission
2025,AH,ordinary_undergraduate,physics,2807,003,,461,190789,,,,,3,src_collected_ah_2025_group_admission
2025,AH,ordinary_undergraduate,physics,2809,001,,487,153420,,,,,7,src_collected_ah_2025_group_admission
2025,AH,ordinary_undergraduate,physics,2809,002,,488,152683,,,,,58,src_collected_ah_2025_group_admission
2025,AH,ordinary_undergraduate,physics,2809,003,,491,147263,,,,,9,src_collected_ah_2025_group_admission
2025,AH,ordinary_undergraduate,physics,2811,001,,514,113990,,,,,15,src_collected_ah_2025_group_admission
2025,AH,ordinary_undergraduate,physics,2814,001,,510,120121,,,,,3,src_collected_ah_2025_group_admission
2025,AH,ordinary_undergraduate,physics,2814,002,,503,130436,,,,,31,src_collected_ah_2025_group_admission
2025,AH,ordinary_undergraduate,physics,2814,003,,523,102777,,,,,10,src_collected_ah_2025_group_admission
2025,AH,ordinary_undergraduate,physics,2821,002,,461,191128,,,,,8,src_collected_ah_2025_group_admission
2025,AH,ordinary_undergraduate,physics,2822,001,,489,151240,,,,,7,src_collected_ah_2025_group_admission
2025,AH,ordinary_undergraduate,physics,2822,002,,493,144519,,,,,39,src_collected_ah_2025_group_admission
2025,AH,ordinary_undergraduate,physics,2825,001,,483,159767,,,,,3,src_collected_ah_2025_group_admission
2025,AH,ordinary_undergraduate,physics,2825,002,,548,71852,,,,,6,src_collected_ah_2025_group_admission
2025,AH,ordinary_undergraduate,physics,2825,003,,540,81652,,,,,2,src_collected_ah_2025_group_admission
2025,AH,ordinary_undergraduate,physics,2825,004,,488,151770,,,,,3,src_collected_ah_2025_group_admission
2025,AH,ordinary_undergraduate,physics,2825,005,,534,87730,,,,,1,src_collected_ah_2025_group_admission
2025,AH,ordinary_undergraduate,physics,2825,006,,508,122996,,,,,1,src_collected_ah_2025_group_admission
2025,AH,ordinary_undergraduate,physics,2827,001,,495,141926,,,,,7,src_collected_ah_2025_group_admission
2025,AH,ordinary_undergraduate,physics,2828,001,,489,149972,,,,,9,src_collected_ah_2025_group_admission
2025,AH,ordinary_undergraduate,physics,2829,001,,492,145911,,,,,6,src_collected_ah_2025_group_admission
2025,AH,ordinary_undergraduate,physics,2830,001,,489,150339,,,,,1,src_collected_ah_2025_group_admission
2025,AH,ordinary_undergraduate,physics,2830,002,,532,91319,,,,,2,src_collected_ah_2025_group_admission
2025,AH,ordinary_undergraduate,physics,2830,003,,488,151884,,,,,2,src_collected_ah_2025_group_admission
2025,AH,ordinary_undergraduate,physics,2831,001,,502,131632,,,,,8,src_collected_ah_2025_group_admission
2025,AH,ordinary_undergraduate,physics,2831,002,,506,125369,,,,,4,src_collected_ah_2025_group_admission
2025,AH,ordinary_undergraduate,physics,2831,051,,499,135520,,,,,2,src_collected_ah_2025_group_admission
2025,AH,ordinary_undergraduate,physics,2831,052,,488,152252,,,,,4,src_collected_ah_2025_group_admission
2025,AH,ordinary_undergraduate,physics,2831,053,,495,141544,,,,,4,src_collected_ah_2025_group_admission
2025,AH,ordinary_undergraduate,physics,2831,054,,497,138439,,,,,4,src_collected_ah_2025_group_admission
2025,AH,ordinary_undergraduate,physics,2833,001,,464,186519,,,,,5,src_collected_ah_2025_group_admission
2025,AH,ordinary_undergraduate,physics,2833,002,,484,157414,,,,,8,src_collected_ah_2025_group_admission
2025,AH,ordinary_undergraduate,physics,2833,003,,471,177561,,,,,1,src_collected_ah_2025_group_admission
2025,AH,ordinary_undergraduate,physics,2835,001,,511,118450,,,,,75,src_collected_ah_2025_group_admission
2025,AH,ordinary_undergraduate,physics,2835,002,,529,94687,,,,,22,src_collected_ah_2025_group_admission
2025,AH,ordinary_undergraduate,physics,2835,003,,509,121663,,,,,2,src_collected_ah_2025_group_admission
2025,AH,ordinary_undergraduate,physics,2837,002,,589,34722,,,,,10,src_collected_ah_2025_group_admission
2025,AH,ordinary_undergraduate,physics,2837,003,,597,28801,,,,,21,src_collected_ah_2025_group_admission
2025,AH,ordinary_undergraduate,physics,2837,004,,578,43033,,,,,4,src_collected_ah_2025_group_admission
2025,AH,ordinary_undergraduate,physics,2837,005,,607,22600,,,,,11,src_collected_ah_2025_group_admission
2025,AH,ordinary_undergraduate,physics,2837,006,,602,25507,,,,,1,src_collected_ah_2025_group_admission
2025,AH,ordinary_undergraduate,physics,2837,007,,594,30931,,,,,2,src_collected_ah_2025_group_admission
2025,AH,ordinary_undergraduate,physics,2837,008,,588,35237,,,,,3,src_collected_ah_2025_group_admission
2025,AH,ordinary_undergraduate,physics,2842,001,,463,188636,,,,,7,src_collected_ah_2025_group_admission
2025,AH,ordinary_undergraduate,physics,2844,002,,517,110003,,,,,3,src_collected_ah_2025_group_admission
2025,AH,ordinary_undergraduate,physics,2848,001,,503,130503,,,,,6,src_collected_ah_2025_group_admission
2025,AH,ordinary_undergraduate,physics,2848,002,,511,117886,,,,,43,src_collected_ah_2025_group_admission
2025,AH,ordinary_undergraduate,physics,2848,003,,503,129713,,,,,6,src_collected_ah_2025_group_admission
2025,AH,ordinary_undergraduate,physics,2848,004,,511,118551,,,,,6,src_collected_ah_2025_group_admission
2025,AH,ordinary_undergraduate,physics,2850,001,,525,99199,,,,,2,src_collected_ah_2025_group_admission
2025,AH,ordinary_undergraduate,physics,2850,002,,495,141342,,,,,2,src_collected_ah_2025_group_admission
2025,AH,ordinary_undergraduate,physics,2850,003,,520,106617,,,,,37,src_collected_ah_2025_group_admission
2025,AH,ordinary_undergraduate,physics,2850,004,,520,106583,,,,,4,src_collected_ah_2025_group_admission
2025,AH,ordinary_undergraduate,physics,2850,005,,519,107036,,,,,3,src_collected_ah_2025_group_admission
2025,AH,ordinary_undergraduate,physics,2851,001,,536,86403,,,,,6,src_collected_ah_2025_group_admission
2025,AH,ordinary_undergraduate,physics,2851,002,,528,96123,,,,,9,src_collected_ah_2025_group_admission
2025,AH,ordinary_undergraduate,physics,2855,001,,537,85099,,,,,5,src_collected_ah_2025_group_admission
2025,AH,ordinary_undergraduate,physics,2855,002,,535,87345,,,,,4,src_collected_ah_2025_group_admission
2025,AH,ordinary_undergraduate,physics,2855,003,,509,120523,,,,,1,src_collected_ah_2025_group_admission
2025,AH,ordinary_undergraduate,physics,2855,004,,513,116238,,,,,2,src_collected_ah_2025_group_admission
2025,AH,ordinary_undergraduate,physics,2855,005,,508,121981,,,,,10,src_collected_ah_2025_group_admission
2025,AH,ordinary_undergraduate,physics,2855,006,,526,98744,,,,,2,src_collected_ah_2025_group_admission
2025,AH,ordinary_undergraduate,physics,2855,007,,515,112432,,,,,2,src_collected_ah_2025_group_admission
2025,AH,ordinary_undergraduate,physics,2855,008,,532,90213,,,,,3,src_collected_ah_2025_group_admission
2025,AH,ordinary_undergraduate,physics,2858,001,,488,151540,,,,,20,src_collected_ah_2025_group_admission
2025,AH,ordinary_undergraduate,physics,2860,001,,478,166397,,,,,7,src_collected_ah_2025_group_admission
2025,AH,ordinary_undergraduate,physics,2862,001,,496,139954,,,,,5,src_collected_ah_2025_group_admission
2025,AH,ordinary_undergraduate,physics,2862,002,,493,144661,,,,,45,src_collected_ah_2025_group_admission
2025,AH,ordinary_undergraduate,physics,2867,001,,500,133716,,,,,10,src_collected_ah_2025_group_admission
2025,AH,ordinary_undergraduate,physics,2867,002,,498,136755,,,,,6,src_collected_ah_2025_group_admission
2025,AH,ordinary_undergraduate,physics,2873,001,,493,145202,,,,,8,src_collected_ah_2025_group_admission
2025,AH,ordinary_undergraduate,physics,2873,002,,489,150786,,,,,28,src_collected_ah_2025_group_admission
2025,AH,ordinary_undergraduate,physics,2873,003,,490,149691,,,,,4,src_collected_ah_2025_group_admission
2025,AH,ordinary_undergraduate,physics,2874,001,,495,141557,,,,,5,src_collected_ah_2025_group_admission
2025,AH,ordinary_undergraduate,physics,2874,002,,520,105385,,,,,6,src_collected_ah_2025_group_admission
2025,AH,ordinary_undergraduate,physics,2874,003,,491,148258,,,,,5,src_collected_ah_2025_group_admission
2025,AH,ordinary_undergraduate,physics,2874,004,,500,133626,,,,,5,src_collected_ah_2025_group_admission
2025,AH,ordinary_undergraduate,physics,2874,005,,517,110744,,,,,5,src_collected_ah_2025_group_admission
2025,AH,ordinary_undergraduate,physics,2875,001,,504,127961,,,,,5,src_collected_ah_2025_group_admission
2025,AH,ordinary_undergraduate,physics,2876,001,,543,77491,,,,,12,src_collected_ah_2025_group_admission
2025,AH,ordinary_undergraduate,physics,2876,002,,550,69840,,,,,56,src_collected_ah_2025_group_admission
2025,AH,ordinary_undergraduate,physics,2876,003,,532,91316,,,,,2,src_collected_ah_2025_group_admission
2025,AH,ordinary_undergraduate,physics,2877,001,,546,74475,,,,,10,src_collected_ah_2025_group_admission
2025,AH,ordinary_undergraduate,physics,2877,002,,549,71231,,,,,115,src_collected_ah_2025_group_admission
2025,AH,ordinary_undergraduate,physics,2879,001,,574,46420,,,,,75,src_collected_ah_2025_group_admission
2025,AH,ordinary_undergraduate,physics,2879,002,,561,58775,,,,,7,src_collected_ah_2025_group_admission
2025,AH,ordinary_undergraduate,physics,2879,003,,593,31448,,,,,26,src_collected_ah_2025_group_admission
2025,AH,ordinary_undergraduate,physics,2880,001,,549,71487,,,,,7,src_collected_ah_2025_group_admission
2025,AH,ordinary_undergraduate,physics,2880,002,,548,72281,,,,,10,src_collected_ah_2025_group_admission
2025,AH,ordinary_undergraduate,physics,2880,003,,530,92701,,,,,3,src_collected_ah_2025_group_admission
2025,AH,ordinary_undergraduate,physics,2880,004,,562,57247,,,,,27,src_collected_ah_2025_group_admission
2025,AH,ordinary_undergraduate,physics,2881,004,,678,352,,,,,19,src_collected_ah_2025_group_admission
2025,AH,ordinary_undergraduate,physics,2881,005,,655,2931,,,,,24,src_collected_ah_2025_group_admission
2025,AH,ordinary_undergraduate,physics,2881,006,,661,1970,,,,,8,src_collected_ah_2025_group_admission
2025,AH,ordinary_undergraduate,physics,2882,002,,664,1489,,,,,13,src_collected_ah_2025_group_admission
2025,AH,ordinary_undergraduate,physics,2882,003,,650,3985,,,,,5,src_collected_ah_2025_group_admission
2025,AH,ordinary_undergraduate,physics,2886,002,,578,43009,,,,,40,src_collected_ah_2025_group_admission
2025,AH,ordinary_undergraduate,physics,2886,003,,587,36027,,,,,16,src_collected_ah_2025_group_admission
2025,AH,ordinary_undergraduate,physics,2886,004,,583,38729,,,,,66,src_collected_ah_2025_group_admission
2025,AH,ordinary_undergraduate,physics,2888,001,,599,27127,,,,,5,src_collected_ah_2025_group_admission
2025,AH,ordinary_undergraduate,physics,2888,002,,602,25389,,,,,16,src_collected_ah_2025_group_admission
2025,AH,ordinary_undergraduate,physics,2888,003,,615,17747,,,,,25,src_collected_ah_2025_group_admission
2025,AH,ordinary_undergraduate,physics,2888,004,,598,28373,,,,,20,src_collected_ah_2025_group_admission
2025,AH,ordinary_undergraduate,physics,2888,005,,572,48189,,,,,8,src_collected_ah_2025_group_admission
2025,AH,ordinary_undergraduate,physics,2890,001,,461,190891,,,,,40,src_collected_ah_2025_group_admission
2025,AH,ordinary_undergraduate,physics,2892,002,,551,68826,,,,,4,src_collected_ah_2025_group_admission
2025,AH,ordinary_undergraduate,physics,2892,003,,547,73066,,,,,74,src_collected_ah_2025_group_admission
2025,AH,ordinary_undergraduate,physics,2892,004,,544,76250,,,,,2,src_collected_ah_2025_group_admission
2025,AH,ordinary_undergraduate,physics,2894,001,,513,116244,,,,,24,src_collected_ah_2025_group_admission
2025,AH,ordinary_undergraduate,physics,2901,001,,565,54674,,,,,5,src_collected_ah_2025_group_admission
2025,AH,ordinary_undergraduate,physics,2901,002,,579,42270,,,,,61,src_collected_ah_2025_group_admission
2025,AH,ordinary_undergraduate,physics,2901,003,,563,56956,,,,,11,src_collected_ah_2025_group_admission
2025,AH,ordinary_undergraduate,physics,2901,004,,539,82807,,,,,16,src_collected_ah_2025_group_admission
2025,AH,ordinary_undergraduate,physics,2902,001,,585,37547,,,,,12,src_collected_ah_2025_group_admission
2025,AH,ordinary_undergraduate,physics,2902,002,,579,42384,,,,,7,src_collected_ah_2025_group_admission
2025,AH,ordinary_undergraduate,physics,2902,003,,540,81619,,,,,9,src_collected_ah_2025_group_admission
2025,AH,ordinary_undergraduate,physics,2902,004,,594,30895,,,,,62,src_collected_ah_2025_group_admission
2025,AH,ordinary_undergraduate,physics,2904,002,,554,66251,,,,,10,src_collected_ah_2025_group_admission
2025,AH,ordinary_undergraduate,physics,2904,003,,560,59941,,,,,106,src_collected_ah_2025_group_admission
2025,AH,ordinary_undergraduate,physics,2904,004,,538,84155,,,,,4,src_collected_ah_2025_group_admission
2025,AH,ordinary_undergraduate,physics,2904,005,,580,41472,,,,,2,src_collected_ah_2025_group_admission
2025,AH,ordinary_undergraduate,physics,2904,051,,575,46089,,,,,2,src_collected_ah_2025_group_admission
2025,AH,ordinary_undergraduate,physics,2907,001,,575,46106,,,,,6,src_collected_ah_2025_group_admission
2025,AH,ordinary_undergraduate,physics,2907,002,,555,65205,,,,,2,src_collected_ah_2025_group_admission
2025,AH,ordinary_undergraduate,physics,2907,003,,593,31322,,,,,32,src_collected_ah_2025_group_admission
2025,AH,ordinary_undergraduate,physics,2907,004,,580,41079,,,,,5,src_collected_ah_2025_group_admission
2025,AH,ordinary_undergraduate,physics,2907,005,,582,39454,,,,,9,src_collected_ah_2025_group_admission
2025,AH,ordinary_undergraduate,physics,2907,006,,585,37204,,,,,7,src_collected_ah_2025_group_admission
2025,AH,ordinary_undergraduate,physics,2908,001,,477,168118,,,,,18,src_collected_ah_2025_group_admission
2025,AH,ordinary_undergraduate,physics,2908,002,,478,166411,,,,,43,src_collected_ah_2025_group_admission
2025,AH,ordinary_undergraduate,physics,2908,003,,481,162585,,,,,5,src_collected_ah_2025_group_admission
2025,AH,ordinary_undergraduate,physics,2909,001,,534,88381,,,,,5,src_collected_ah_2025_group_admission
2025,AH,ordinary_undergraduate,physics,2909,002,,538,83821,,,,,36,src_collected_ah_2025_group_admission
2025,AH,ordinary_undergraduate,physics,2909,003,,540,81671,,,,,4,src_collected_ah_2025_group_admission
2025,AH,ordinary_undergraduate,physics,2912,001,,541,79770,,,,,8,src_collected_ah_2025_group_admission
2025,AH,ordinary_undergraduate,physics,2912,002,,546,74504,,,,,11,src_collected_ah_2025_group_admission
2025,AH,ordinary_undergraduate,physics,2913,001,,495,142129,,,,,28,src_collected_ah_2025_group_admission
2025,AH,ordinary_undergraduate,physics,2913,002,,502,131681,,,,,12,src_collected_ah_2025_group_admission
2025,AH,ordinary_undergraduate,physics,2913,003,,498,136779,,,,,102,src_collected_ah_2025_group_admission
2025,AH,ordinary_undergraduate,physics,2914,001,,509,121778,,,,,38,src_collected_ah_2025_group_admission
2025,AH,ordinary_undergraduate,physics,2919,001,,461,191348,,,,,52,src_collected_ah_2025_group_admission
2025,AH,ordinary_undergraduate,physics,2919,002,,463,188606,,,,,7,src_collected_ah_2025_group_admission
2025,AH,ordinary_undergraduate,physics,2919,003,,471,177345,,,,,14,src_collected_ah_2025_group_admission
2025,AH,ordinary_undergraduate,physics,2920,001,,592,32668,,,,,11,src_collected_ah_2025_group_admission
2025,AH,ordinary_undergraduate,physics,2920,002,,583,39291,,,,,12,src_collected_ah_2025_group_admission
2025,AH,ordinary_undergraduate,physics,2920,003,,555,64409,,,,,12,src_collected_ah_2025_group_admission
2025,AH,ordinary_undergraduate,physics,2920,004,,572,48119,,,,,10,src_collected_ah_2025_group_admission
2025,AH,ordinary_undergraduate,physics,2920,005,,551,68896,,,,,7,src_collected_ah_2025_group_admission
2025,AH,ordinary_undergraduate,physics,2920,006,,576,44928,,,,,6,src_collected_ah_2025_group_admission
2025,AH,ordinary_undergraduate,physics,2920,007,,556,63713,,,,,13,src_collected_ah_2025_group_admission
2025,AH,ordinary_undergraduate,physics,2923,001,,483,159356,,,,,33,src_collected_ah_2025_group_admission
2025,AH,ordinary_undergraduate,physics,2923,002,,482,161387,,,,,35,src_collected_ah_2025_group_admission
2025,AH,ordinary_undergraduate,physics,2924,002,,598,28159,,,,,21,src_collected_ah_2025_group_admission
2025,AH,ordinary_undergraduate,physics,2924,003,,600,26769,,,,,186,src_collected_ah_2025_group_admission
2025,AH,ordinary_undergraduate,physics,2926,001,,491,148106,,,,,15,src_collected_ah_2025_group_admission
2025,AH,ordinary_undergraduate,physics,2927,001,,482,161365,,,,,12,src_collected_ah_2025_group_admission
2025,AH,ordinary_undergraduate,physics,2927,002,,485,156991,,,,,16,src_collected_ah_2025_group_admission
2025,AH,ordinary_undergraduate,physics,2928,001,,477,168081,,,,,7,src_collected_ah_2025_group_admission
2025,AH,ordinary_undergraduate,physics,2928,002,,479,164727,,,,,10,src_collected_ah_2025_group_admission
2025,AH,ordinary_undergraduate,physics,2929,001,,515,113371,,,,,28,src_collected_ah_2025_group_admission
2025,AH,ordinary_undergraduate,physics,2929,002,,501,132426,,,,,4,src_collected_ah_2025_group_admission
2025,AH,ordinary_undergraduate,physics,2929,003,,546,74190,,,,,8,src_collected_ah_2025_group_admission
2025,AH,ordinary_undergraduate,physics,2929,004,,528,95433,,,,,60,src_collected_ah_2025_group_admission
2025,AH,ordinary_undergraduate,physics,2929,005,,511,118458,,,,,4,src_collected_ah_2025_group_admission
2025,AH,ordinary_undergraduate,physics,2929,051,,522,103202,,,,,7,src_collected_ah_2025_group_admission
2025,AH,ordinary_undergraduate,physics,2930,001,,482,161694,,,,,6,src_collected_ah_2025_group_admission
2025,AH,ordinary_undergraduate,physics,2931,001,,485,155993,,,,,15,src_collected_ah_2025_group_admission
2025,AH,ordinary_undergraduate,physics,2933,001,,485,156778,,,,,4,src_collected_ah_2025_group_admission
2025,AH,ordinary_undergraduate,physics,2933,002,,490,149630,,,,,6,src_collected_ah_2025_group_admission
2025,AH,ordinary_undergraduate,physics,2936,001,,545,75117,,,,,128,src_collected_ah_2025_group_admission
2025,AH,ordinary_undergraduate,physics,2937,001,,482,160335,,,,,46,src_collected_ah_2025_group_admission
2025,AH,ordinary_undergraduate,physics,2937,002,,485,156685,,,,,22,src_collected_ah_2025_group_admission
2025,AH,ordinary_undergraduate,physics,2938,001,,481,162487,,,,,10,src_collected_ah_2025_group_admission
2025,AH,ordinary_undergraduate,physics,2938,002,,479,164960,,,,,20,src_collected_ah_2025_group_admission
2025,AH,ordinary_undergraduate,physics,2943,001,,465,184660,,,,,4,src_collected_ah_2025_group_admission
2025,AH,ordinary_undergraduate,physics,2943,002,,485,156316,,,,,24,src_collected_ah_2025_group_admission
2025,AH,ordinary_undergraduate,physics,2948,001,,549,71591,,,,,25,src_collected_ah_2025_group_admission
2025,AH,ordinary_undergraduate,physics,2948,002,,601,26184,,,,,10,src_collected_ah_2025_group_admission
2025,AH,ordinary_undergraduate,physics,2948,003,,595,29894,,,,,33,src_collected_ah_2025_group_admission
2025,AH,ordinary_undergraduate,physics,2948,004,,575,45724,,,,,290,src_collected_ah_2025_group_admission
2025,AH,ordinary_undergraduate,physics,2949,004,,606,22911,,,,,13,src_collected_ah_2025_group_admission
2025,AH,ordinary_undergraduate,physics,2949,005,,619,15645,,,,,2,src_collected_ah_2025_group_admission
2025,AH,ordinary_undergraduate,physics,2949,007,,621,14613,,,,,24,src_collected_ah_2025_group_admission
2025,AH,ordinary_undergraduate,physics,2949,008,,629,10849,,,,,2,src_collected_ah_2025_group_admission
2025,AH,ordinary_undergraduate,physics,2949,009,,600,27072,,,,,6,src_collected_ah_2025_group_admission
2025,AH,ordinary_undergraduate,physics,2950,003,,603,24512,,,,,12,src_collected_ah_2025_group_admission
2025,AH,ordinary_undergraduate,physics,2950,004,,602,25591,,,,,60,src_collected_ah_2025_group_admission
2025,AH,ordinary_undergraduate,physics,2951,003,,604,24109,,,,,3,src_collected_ah_2025_group_admission
2025,AH,ordinary_undergraduate,physics,2951,004,,626,12355,,,,,6,src_collected_ah_2025_group_admission
2025,AH,ordinary_undergraduate,physics,2951,005,,608,21447,,,,,153,src_collected_ah_2025_group_admission
2025,AH,ordinary_undergraduate,physics,2951,006,,612,19414,,,,,3,src_collected_ah_2025_group_admission
2025,AH,ordinary_undergraduate,physics,2951,051,,585,37468,,,,,4,src_collected_ah_2025_group_admission
2025,AH,ordinary_undergraduate,physics,2951,052,,615,17654,,,,,3,src_collected_ah_2025_group_admission
2025,AH,ordinary_undergraduate,physics,2951,053,,613,18870,,,,,1,src_collected_ah_2025_group_admission
2025,AH,ordinary_undergraduate,physics,2951,054,,612,19504,,,,,1,src_collected_ah_2025_group_admission
2025,AH,ordinary_undergraduate,physics,2952,004,,625,12818,,,,,11,src_collected_ah_2025_group_admission
2025,AH,ordinary_undergraduate,physics,2952,005,,622,13975,,,,,82,src_collected_ah_2025_group_admission
2025,AH,ordinary_undergraduate,physics,2952,006,,642,6088,,,,,2,src_collected_ah_2025_group_admission
2025,AH,ordinary_undergraduate,physics,2952,007,,644,5487,,,,,2,src_collected_ah_2025_group_admission
2025,AH,ordinary_undergraduate,physics,2952,008,,631,10333,,,,,2,src_collected_ah_2025_group_admission
2025,AH,ordinary_undergraduate,physics,2952,009,,624,13149,,,,,7,src_collected_ah_2025_group_admission
2025,AH,ordinary_undergraduate,physics,2952,051,,619,15796,,,,,4,src_collected_ah_2025_group_admission
2025,AH,ordinary_undergraduate,physics,2952,052,,627,11970,,,,,3,src_collected_ah_2025_group_admission
2025,AH,ordinary_undergraduate,physics,2952,053,,616,16894,,,,,2,src_collected_ah_2025_group_admission
2025,AH,ordinary_undergraduate,physics,2952,054,,614,17985,,,,,4,src_collected_ah_2025_group_admission
2025,AH,ordinary_undergraduate,physics,2953,003,,594,30710,,,,,12,src_collected_ah_2025_group_admission
2025,AH,ordinary_undergraduate,physics,2953,004,,597,29050,,,,,93,src_collected_ah_2025_group_admission
2025,AH,ordinary_undergraduate,physics,2954,003,,673,634,,,,,100,src_collected_ah_2025_group_admission
2025,AH,ordinary_undergraduate,physics,2954,004,,675,500,,,,,66,src_collected_ah_2025_group_admission
2025,AH,ordinary_undergraduate,physics,2954,005,,673,686,,,,,17,src_collected_ah_2025_group_admission
2025,AH,ordinary_undergraduate,physics,2955,005,,603,24749,,,,,18,src_collected_ah_2025_group_admission
2025,AH,ordinary_undergraduate,physics,2955,006,,613,18992,,,,,9,src_collected_ah_2025_group_admission
2025,AH,ordinary_undergraduate,physics,2955,007,,629,10857,,,,,58,src_collected_ah_2025_group_admission
2025,AH,ordinary_undergraduate,physics,2955,008,,569,51503,,,,,243,src_collected_ah_2025_group_admission
2025,AH,ordinary_undergraduate,physics,2955,009,,593,31283,,,,,6,src_collected_ah_2025_group_admission
2025,AH,ordinary_undergraduate,physics,2955,051,,580,41773,,,,,6,src_collected_ah_2025_group_admission
2025,AH,ordinary_undergraduate,physics,2956,005,,595,30209,,,,,20,src_collected_ah_2025_group_admission
2025,AH,ordinary_undergraduate,physics,2956,006,,597,28889,,,,,121,src_collected_ah_2025_group_admission
2025,AH,ordinary_undergraduate,physics,2957,003,,535,86718,,,,,17,src_collected_ah_2025_group_admission
2025,AH,ordinary_undergraduate,physics,2957,004,,535,86797,,,,,6,src_collected_ah_2025_group_admission
2025,AH,ordinary_undergraduate,physics,2959,003,,588,34794,,,,,15,src_collected_ah_2025_group_admission
2025,AH,ordinary_undergraduate,physics,2959,004,,595,30147,,,,,162,src_collected_ah_2025_group_admission
2025,AH,ordinary_undergraduate,physics,2960,004,,538,84113,,,,,13,src_collected_ah_2025_group_admission
2025,AH,ordinary_undergraduate,physics,2960,005,,552,67928,,,,,71,src_collected_ah_2025_group_admission
2025,AH,ordinary_undergraduate,physics,2960,006,,543,77691,,,,,1,src_collected_ah_2025_group_admission
2025,AH,ordinary_undergraduate,physics,2961,004,,609,20958,,,,,5,src_collected_ah_2025_group_admission
2025,AH,ordinary_undergraduate,physics,2961,005,,637,7774,,,,,25,src_collected_ah_2025_group_admission
2025,AH,ordinary_undergraduate,physics,2961,006,,641,6647,,,,,53,src_collected_ah_2025_group_admission
2025,AH,ordinary_undergraduate,physics,2961,007,,612,19259,,,,,26,src_collected_ah_2025_group_admission
2025,AH,ordinary_undergraduate,physics,2962,005,,671,810,,,,,22,src_collected_ah_2025_group_admission
2025,AH,ordinary_undergraduate,physics,2963,001,,641,6627,,,,,6,src_collected_ah_2025_group_admission
2025,AH,ordinary_undergraduate,physics,2963,002,,668,1131,,,,,3,src_collected_ah_2025_group_admission
2025,AH,ordinary_undergraduate,physics,2965,004,,561,58682,,,,,6,src_collected_ah_2025_group_admission
2025,AH,ordinary_undergraduate,physics,2965,005,,563,56603,,,,,14,src_collected_ah_2025_group_admission
2025,AH,ordinary_undergraduate,physics,2965,006,,552,68384,,,,,2,src_collected_ah_2025_group_admission
2025,AH,ordinary_undergraduate,physics,2966,002,,622,14084,,,,,4,src_collected_ah_2025_group_admission
2025,AH,ordinary_undergraduate,physics,2967,002,,607,22065,,,,,14,src_collected_ah_2025_group_admission
2025,AH,ordinary_undergraduate,physics,2967,003,,611,19854,,,,,109,src_collected_ah_2025_group_admission
2025,AH,ordinary_undergraduate,physics,2968,004,,579,41864,,,,,11,src_collected_ah_2025_group_admission
2025,AH,ordinary_undergraduate,physics,2968,005,,587,35784,,,,,124,src_collected_ah_2025_group_admission
2025,AH,ordinary_undergraduate,physics,2969,004,,606,22884,,,,,8,src_collected_ah_2025_group_admission
2025,AH,ordinary_undergraduate,physics,2969,005,,612,19462,,,,,4,src_collected_ah_2025_group_admission
2025,AH,ordinary_undergraduate,physics,2969,006,,604,24450,,,,,163,src_collected_ah_2025_group_admission
2025,AH,ordinary_undergraduate,physics,2973,004,,644,5658,,,,,2,src_collected_ah_2025_group_admission
2025,AH,ordinary_undergraduate,physics,2973,005,,612,19120,,,,,73,src_collected_ah_2025_group_admission
2025,AH,ordinary_undergraduate,physics,2973,006,,613,19059,,,,,29,src_collected_ah_2025_group_admission
2025,AH,ordinary_undergraduate,physics,2973,007,,610,20225,,,,,10,src_collected_ah_2025_group_admission
2025,AH,ordinary_undergraduate,physics,2974,002,,615,17583,,,,,18,src_collected_ah_2025_group_admission
2025,AH,ordinary_undergraduate,physics,2974,004,,557,62988,,,,,10,src_collected_ah_2025_group_admission
2025,AH,ordinary_undergraduate,physics,2974,005,,550,69860,,,,,8,src_collected_ah_2025_group_admission
2025,AH,ordinary_undergraduate,physics,2976,003,,626,12096,,,,,39,src_collected_ah_2025_group_admission
2025,AH,ordinary_undergraduate,physics,2977,001,,521,104610,,,,,17,src_collected_ah_2025_group_admission
2025,AH,ordinary_undergraduate,physics,2977,002,,529,93833,,,,,4,src_collected_ah_2025_group_admission
2025,AH,ordinary_undergraduate,physics,2978,004,,611,19782,,,,,54,src_collected_ah_2025_group_admission
2025,AH,ordinary_undergraduate,physics,2978,005,,567,53278,,,,,5,src_collected_ah_2025_group_admission
2025,AH,ordinary_undergraduate,physics,2978,006,,624,13227,,,,,18,src_collected_ah_2025_group_admission
2025,AH,ordinary_undergraduate,physics,2978,007,,610,20220,,,,,6,src_collected_ah_2025_group_admission
2025,AH,ordinary_undergraduate,physics,2979,004,,638,7466,,,,,243,src_collected_ah_2025_group_admission
2025,AH,ordinary_undergraduate,physics,2979,005,,606,23090,,,,,12,src_collected_ah_2025_group_admission
2025,AH,ordinary_undergraduate,physics,2979,006,,642,6298,,,,,17,src_collected_ah_2025_group_admission
2025,AH,ordinary_undergraduate,physics,2979,007,,667,1185,,,,,2,src_collected_ah_2025_group_admission
2025,AH,ordinary_undergraduate,physics,2980,001,,530,93111,,,,,33,src_collected_ah_2025_group_admission
2025,AH,ordinary_undergraduate,physics,2980,002,,533,89350,,,,,125,src_collected_ah_2025_group_admission
2025,AH,ordinary_undergraduate,physics,2981,002,,558,61216,,,,,10,src_collected_ah_2025_group_admission
2025,AH,ordinary_undergraduate,physics,2981,003,,568,52273,,,,,15,src_collected_ah_2025_group_admission
2025,AH,ordinary_undergraduate,physics,2981,004,,566,53986,,,,,65,src_collected_ah_2025_group_admission
2025,AH,ordinary_undergraduate,physics,2981,005,,561,58708,,,,,52,src_collected_ah_2025_group_admission
2025,AH,ordinary_undergraduate,physics,2981,006,,586,36659,,,,,27,src_collected_ah_2025_group_admission
2025,AH,ordinary_undergraduate,physics,2982,003,,644,5542,,,,,15,src_collected_ah_2025_group_admission
2025,AH,ordinary_undergraduate,physics,2982,004,,651,3781,,,,,88,src_collected_ah_2025_group_admission
2025,AH,ordinary_undergraduate,physics,2982,005,,651,3755,,,,,22,src_collected_ah_2025_group_admission
2025,AH,ordinary_undergraduate,physics,2985,003,,633,9327,,,,,42,src_collected_ah_2025_group_admission
2025,AH,ordinary_undergraduate,physics,2985,004,,621,14412,,,,,5,src_collected_ah_2025_group_admission
2025,AH,ordinary_undergraduate,physics,2986,001,,565,54372,,,,,3,src_collected_ah_2025_group_admission
2025,AH,ordinary_undergraduate,physics,2987,002,,619,15739,,,,,15,src_collected_ah_2025_group_admission
2025,AH,ordinary_undergraduate,physics,2987,003,,625,12759,,,,,42,src_collected_ah_2025_group_admission
2025,AH,ordinary_undergraduate,physics,2987,004,,615,17472,,,,,5,src_collected_ah_2025_group_admission
2025,AH,ordinary_undergraduate,physics,2991,001,,509,121006,,,,,10,src_collected_ah_2025_group_admission
2025,AH,ordinary_undergraduate,physics,2991,002,,520,105619,,,,,35,src_collected_ah_2025_group_admission
2025,AH,ordinary_undergraduate,physics,2994,001,,494,142549,,,,,8,src_collected_ah_2025_group_admission
2025,AH,ordinary_undergraduate,physics,2994,002,,496,140496,,,,,20,src_collected_ah_2025_group_admission
2025,AH,ordinary_undergraduate,physics,2994,003,,482,161579,,,,,6,src_collected_ah_2025_group_admission
2025,AH,ordinary_undergraduate,physics,2997,001,,490,149051,,,,,7,src_collected_ah_2025_group_admission
2025,AH,ordinary_undergraduate,physics,2997,002,,496,139684,,,,,19,src_collected_ah_2025_group_admission
2025,AH,ordinary_undergraduate,physics,3003,001,,508,122541,,,,,2,src_collected_ah_2025_group_admission
2025,AH,ordinary_undergraduate,physics,3003,002,,519,107935,,,,,4,src_collected_ah_2025_group_admission
2025,AH,ordinary_undergraduate,physics,3004,001,,580,41547,,,,,3,src_collected_ah_2025_group_admission
2025,AH,ordinary_undergraduate,physics,3004,002,,541,80659,,,,,4,src_collected_ah_2025_group_admission
2025,AH,ordinary_undergraduate,physics,3004,003,,534,88500,,,,,2,src_collected_ah_2025_group_admission
2025,AH,ordinary_undergraduate,physics,3004,004,,586,36695,,,,,2,src_collected_ah_2025_group_admission
2025,AH,ordinary_undergraduate,physics,3004,005,,542,78951,,,,,2,src_collected_ah_2025_group_admission
2025,AH,ordinary_undergraduate,physics,3007,001,,515,112352,,,,,19,src_collected_ah_2025_group_admission
2025,AH,ordinary_undergraduate,physics,3007,002,,519,107736,,,,,21,src_collected_ah_2025_group_admission
2025,AH,ordinary_undergraduate,physics,5001,001,,482,160349,,,,,14,src_collected_ah_2025_group_admission
2025,AH,ordinary_undergraduate,physics,5001,002,,482,161118,,,,,50,src_collected_ah_2025_group_admission
2025,AH,ordinary_undergraduate,physics,5002,001,,508,122422,,,,,4,src_collected_ah_2025_group_admission
2025,AH,ordinary_undergraduate,physics,5002,002,,485,157252,,,,,11,src_collected_ah_2025_group_admission
2025,AH,ordinary_undergraduate,physics,5002,003,,489,150366,,,,,1,src_collected_ah_2025_group_admission
2025,AH,ordinary_undergraduate,physics,5003,001,,461,190430,,,,,3,src_collected_ah_2025_group_admission
2025,AH,ordinary_undergraduate,physics,5003,002,,464,187284,,,,,2,src_collected_ah_2025_group_admission
2025,AH,ordinary_undergraduate,physics,5004,001,,463,188525,,,,,7,src_collected_ah_2025_group_admission
2025,AH,ordinary_undergraduate,physics,5004,002,,462,189942,,,,,14,src_collected_ah_2025_group_admission
2025,AH,ordinary_undergraduate,physics,5005,001,,482,160832,,,,,3,src_collected_ah_2025_group_admission
2025,AH,ordinary_undergraduate,physics,5005,002,,485,156566,,,,,2,src_collected_ah_2025_group_admission
2025,AH,ordinary_undergraduate,physics,5006,001,,484,157300,,,,,20,src_collected_ah_2025_group_admission
2025,AH,ordinary_undergraduate,physics,5007,001,,485,157117,,,,,14,src_collected_ah_2025_group_admission
2025,AH,ordinary_undergraduate,physics,5008,001,,480,163507,,,,,22,src_collected_ah_2025_group_admission
2025,AH,ordinary_undergraduate,physics,5009,001,,462,189016,,,,,3,src_collected_ah_2025_group_admission
2025,AH,ordinary_undergraduate,physics,5009,002,,484,157927,,,,,4,src_collected_ah_2025_group_admission
2025,AH,ordinary_undergraduate,physics,5010,001,,461,190991,,,,,15,src_collected_ah_2025_group_admission
2025,AH,ordinary_undergraduate,physics,5010,002,,461,190146,,,,,20,src_collected_ah_2025_group_admission
2025,AH,ordinary_undergraduate,physics,5011,001,,507,123740,,,,,3,src_collected_ah_2025_group_admission
2025,AH,ordinary_undergraduate,physics,5011,002,,537,84538,,,,,4,src_collected_ah_2025_group_admission
2025,AH,ordinary_undergraduate,physics,5011,003,,478,166094,,,,,14,src_collected_ah_2025_group_admission
2025,AH,ordinary_undergraduate,physics,5012,001,,506,125928,,,,,12,src_collected_ah_2025_group_admission
2025,AH,ordinary_undergraduate,physics,5013,001,,492,146784,,,,,6,src_collected_ah_2025_group_admission
2025,AH,ordinary_undergraduate,physics,5013,002,,485,156889,,,,,5,src_collected_ah_2025_group_admission
2025,AH,ordinary_undergraduate,physics,5013,003,,472,174814,,,,,4,src_collected_ah_2025_group_admission
2025,AH,ordinary_undergraduate,physics,5013,004,,487,153326,,,,,4,src_collected_ah_2025_group_admission
2025,AH,ordinary_undergraduate,physics,5014,001,,491,148302,,,,,18,src_collected_ah_2025_group_admission
2025,AH,ordinary_undergraduate,physics,5014,002,,488,152237,,,,,65,src_collected_ah_2025_group_admission
2025,AH,ordinary_undergraduate,physics,5015,001,,475,170770,,,,,8,src_collected_ah_2025_group_admission
2025,AH,ordinary_undergraduate,physics,5015,002,,476,169338,,,,,1,src_collected_ah_2025_group_admission
2025,AH,ordinary_undergraduate,physics,5015,003,,478,166762,,,,,21,src_collected_ah_2025_group_admission
2025,AH,ordinary_undergraduate,physics,5015,004,,480,163454,,,,,2,src_collected_ah_2025_group_admission
2025,AH,ordinary_undergraduate,physics,5016,001,,479,165388,,,,,7,src_collected_ah_2025_group_admission
2025,AH,ordinary_undergraduate,physics,5016,002,,481,162471,,,,,3,src_collected_ah_2025_group_admission
2025,AH,ordinary_undergraduate,physics,5016,003,,482,161274,,,,,5,src_collected_ah_2025_group_admission
2025,AH,ordinary_undergraduate,physics,5016,004,,475,171249,,,,,2,src_collected_ah_2025_group_admission
2025,AH,ordinary_undergraduate,physics,5016,005,,482,160573,,,,,8,src_collected_ah_2025_group_admission
2025,AH,ordinary_undergraduate,physics,5017,001,,481,162854,,,,,6,src_collected_ah_2025_group_admission
2025,AH,ordinary_undergraduate,physics,5017,002,,475,171423,,,,,55,src_collected_ah_2025_group_admission
2025,AH,ordinary_undergraduate,physics,5018,001,,482,160824,,,,,4,src_collected_ah_2025_group_admission
2025,AH,ordinary_undergraduate,physics,5018,002,,481,163072,,,,,17,src_collected_ah_2025_group_admission
2025,AH,ordinary_undergraduate,physics,5019,001,,493,145140,,,,,2,src_collected_ah_2025_group_admission
2025,AH,ordinary_undergraduate,physics,5019,002,,474,172873,,,,,2,src_collected_ah_2025_group_admission
2025,AH,ordinary_undergraduate,physics,5020,001,,474,171993,,,,,9,src_collected_ah_2025_group_admission
2025,AH,ordinary_undergraduate,physics,5020,002,,469,180267,,,,,14,src_collected_ah_2025_group_admission
2025,AH,ordinary_undergraduate,physics,5020,003,,468,180681,,,,,6,src_collected_ah_2025_group_admission
2025,AH,ordinary_undergraduate,physics,5021,001,,497,138686,,,,,20,src_collected_ah_2025_group_admission
2025,AH,ordinary_undergraduate,physics,5021,002,,484,158183,,,,,8,src_collected_ah_2025_group_admission
2025,AH,ordinary_undergraduate,physics,5021,003,,486,155319,,,,,2,src_collected_ah_2025_group_admission
2025,AH,ordinary_undergraduate,physics,5022,001,,500,134694,,,,,65,src_collected_ah_2025_group_admission
2025,AH,ordinary_undergraduate,physics,5023,001,,483,159154,,,,,7,src_collected_ah_2025_group_admission
2025,AH,ordinary_undergraduate,physics,5023,002,,467,181815,,,,,6,src_collected_ah_2025_group_admission
2025,AH,ordinary_undergraduate,physics,5023,003,,480,163837,,,,,6,src_collected_ah_2025_group_admission
2025,AH,ordinary_undergraduate,physics,5023,004,,476,169374,,,,,3,src_collected_ah_2025_group_admission
2025,AH,ordinary_undergraduate,physics,5024,001,,487,153733,,,,,5,src_collected_ah_2025_group_admission
2025,AH,ordinary_undergraduate,physics,5024,002,,483,158962,,,,,32,src_collected_ah_2025_group_admission
2025,AH,ordinary_undergraduate,physics,5025,001,,497,139045,,,,,10,src_collected_ah_2025_group_admission
2025,AH,ordinary_undergraduate,physics,5026,001,,461,190533,,,,,5,src_collected_ah_2025_group_admission
2025,AH,ordinary_undergraduate,physics,5026,002,,467,182347,,,,,7,src_collected_ah_2025_group_admission
2025,AH,ordinary_undergraduate,physics,5027,001,,488,152240,,,,,3,src_collected_ah_2025_group_admission
2025,AH,ordinary_undergraduate,physics,5028,001,,484,157481,,,,,3,src_collected_ah_2025_group_admission
2025,AH,ordinary_undergraduate,physics,5029,001,,481,163033,,,,,5,src_collected_ah_2025_group_admission
2025,AH,ordinary_undergraduate,physics,5029,002,,485,156846,,,,,6,src_collected_ah_2025_group_admission
2025,AH,ordinary_undergraduate,physics,5030,001,,485,156531,,,,,8,src_collected_ah_2025_group_admission
2025,AH,ordinary_undergraduate,physics,5031,001,,478,166246,,,,,18,src_collected_ah_2025_group_admission
2025,AH,ordinary_undergraduate,physics,5032,001,,470,177784,,,,,4,src_collected_ah_2025_group_admission
2025,AH,ordinary_undergraduate,physics,5032,002,,475,170315,,,,,8,src_collected_ah_2025_group_admission
2025,AH,ordinary_undergraduate,physics,5033,001,,503,130083,,,,,1,src_collected_ah_2025_group_admission
2025,AH,ordinary_undergraduate,physics,5034,001,,488,152537,,,,,8,src_collected_ah_2025_group_admission
2025,AH,ordinary_undergraduate,physics,5036,001,,486,155712,,,,,6,src_collected_ah_2025_group_admission
2025,AH,ordinary_undergraduate,physics,5037,001,,481,161857,,,,,4,src_collected_ah_2025_group_admission
2025,AH,ordinary_undergraduate,physics,5038,001,,510,119609,,,,,6,src_collected_ah_2025_group_admission
2025,AH,ordinary_undergraduate,physics,5038,002,,484,158754,,,,,6,src_collected_ah_2025_group_admission
2025,AH,ordinary_undergraduate,physics,5039,001,,482,161154,,,,,1,src_collected_ah_2025_group_admission
2025,AH,ordinary_undergraduate,physics,5039,002,,473,173786,,,,,3,src_collected_ah_2025_group_admission
2025,AH,ordinary_undergraduate,physics,5039,003,,475,170311,,,,,34,src_collected_ah_2025_group_admission
2025,AH,ordinary_undergraduate,physics,5040,001,,464,186553,,,,,14,src_collected_ah_2025_group_admission
2025,AH,ordinary_undergraduate,physics,5040,002,,461,190630,,,,,12,src_collected_ah_2025_group_admission
2025,AH,ordinary_undergraduate,physics,5040,003,,477,168518,,,,,3,src_collected_ah_2025_group_admission
2025,AH,ordinary_undergraduate,physics,5041,002,,479,164747,,,,,16,src_collected_ah_2025_group_admission
2025,AH,ordinary_undergraduate,physics,5041,003,,483,158907,,,,,16,src_collected_ah_2025_group_admission
2025,AH,ordinary_undergraduate,physics,5042,001,,592,32641,,,,,1,src_collected_ah_2025_group_admission
2025,AH,ordinary_undergraduate,physics,5042,002,,496,140756,,,,,2,src_collected_ah_2025_group_admission
2025,AH,ordinary_undergraduate,physics,5042,003,,489,150381,,,,,18,src_collected_ah_2025_group_admission
2025,AH,ordinary_undergraduate,physics,5042,004,,491,147091,,,,,2,src_collected_ah_2025_group_admission
2025,AH,ordinary_undergraduate,physics,5042,005,,490,148469,,,,,2,src_collected_ah_2025_group_admission
2025,AH,ordinary_undergraduate,physics,5043,001,,486,155148,,,,,9,src_collected_ah_2025_group_admission
2025,AH,ordinary_undergraduate,physics,5043,002,,487,154039,,,,,41,src_collected_ah_2025_group_admission
2025,AH,ordinary_undergraduate,physics,5044,001,,486,155269,,,,,4,src_collected_ah_2025_group_admission
2025,AH,ordinary_undergraduate,physics,5044,002,,485,155930,,,,,10,src_collected_ah_2025_group_admission
2025,AH,ordinary_undergraduate,physics,5044,003,,489,151048,,,,,4,src_collected_ah_2025_group_admission
2025,AH,ordinary_undergraduate,physics,5044,004,,484,157907,,,,,4,src_collected_ah_2025_group_admission
2025,AH,ordinary_undergraduate,physics,5044,005,,486,154658,,,,,2,src_collected_ah_2025_group_admission
2025,AH,ordinary_undergraduate,physics,5044,006,,489,150658,,,,,7,src_collected_ah_2025_group_admission
2025,AH,ordinary_undergraduate,physics,5044,007,,489,150449,,,,,8,src_collected_ah_2025_group_admission
2025,AH,ordinary_undergraduate,physics,5045,001,,490,148704,,,,,8,src_collected_ah_2025_group_admission
2025,AH,ordinary_undergraduate,physics,5045,002,,489,150349,,,,,3,src_collected_ah_2025_group_admission
2025,AH,ordinary_undergraduate,physics,5045,003,,487,154187,,,,,3,src_collected_ah_2025_group_admission
2025,AH,ordinary_undergraduate,physics,5046,001,,484,158608,,,,,25,src_collected_ah_2025_group_admission
2025,AH,ordinary_undergraduate,physics,5046,002,,489,150198,,,,,3,src_collected_ah_2025_group_admission
2025,AH,ordinary_undergraduate,physics,5047,001,,484,158310,,,,,9,src_collected_ah_2025_group_admission
2025,AH,ordinary_undergraduate,physics,5047,002,,483,158963,,,,,15,src_collected_ah_2025_group_admission
2025,AH,ordinary_undergraduate,physics,5048,002,,509,121103,,,,,6,src_collected_ah_2025_group_admission
2025,AH,ordinary_undergraduate,physics,5048,003,,461,190565,,,,,11,src_collected_ah_2025_group_admission
2025,AH,ordinary_undergraduate,physics,5048,004,,478,166952,,,,,1,src_collected_ah_2025_group_admission
2025,AH,ordinary_undergraduate,physics,5049,001,,475,171074,,,,,2,src_collected_ah_2025_group_admission
2025,AH,ordinary_undergraduate,physics,5049,002,,469,179330,,,,,5,src_collected_ah_2025_group_admission
2025,AH,ordinary_undergraduate,physics,5050,001,,485,156958,,,,,9,src_collected_ah_2025_group_admission
2025,AH,ordinary_undergraduate,physics,5050,002,,479,164930,,,,,1,src_collected_ah_2025_group_admission
2025,AH,ordinary_undergraduate,physics,5051,001,,462,189330,,,,,9,src_collected_ah_2025_group_admission
2025,AH,ordinary_undergraduate,physics,5051,002,,469,179461,,,,,8,src_collected_ah_2025_group_admission
2025,AH,ordinary_undergraduate,physics,5052,001,,480,163688,,,,,50,src_collected_ah_2025_group_admission
2025,AH,ordinary_undergraduate,physics,5053,001,,481,162568,,,,,5,src_collected_ah_2025_group_admission
2025,AH,ordinary_undergraduate,physics,5053,002,,484,158201,,,,,5,src_collected_ah_2025_group_admission
2025,AH,ordinary_undergraduate,physics,5053,003,,479,165645,,,,,10,src_collected_ah_2025_group_admission
2025,AH,ordinary_undergraduate,physics,5054,001,,485,155896,,,,,6,src_collected_ah_2025_group_admission
2025,AH,ordinary_undergraduate,physics,5054,002,,492,146240,,,,,10,src_collected_ah_2025_group_admission
2025,AH,ordinary_undergraduate,physics,5055,001,,484,158271,,,,,2,src_collected_ah_2025_group_admission
2025,AH,ordinary_undergraduate,physics,5055,002,,487,152882,,,,,29,src_collected_ah_2025_group_admission
2025,AH,ordinary_undergraduate,physics,5056,001,,486,155462,,,,,65,src_collected_ah_2025_group_admission
2025,AH,ordinary_undergraduate,physics,5057,001,,486,154401,,,,,16,src_collected_ah_2025_group_admission
2025,AH,ordinary_undergraduate,physics,5057,002,,501,132821,,,,,11,src_collected_ah_2025_group_admission
2025,AH,ordinary_undergraduate,physics,5057,003,,494,143133,,,,,18,src_collected_ah_2025_group_admission
2025,AH,ordinary_undergraduate,physics,5057,004,,485,156780,,,,,20,src_collected_ah_2025_group_admission
2025,AH,ordinary_undergraduate,physics,5058,002,,487,153242,,,,,19,src_collected_ah_2025_group_admission
2025,AH,ordinary_undergraduate,physics,5058,003,,492,146242,,,,,42,src_collected_ah_2025_group_admission
2025,AH,ordinary_undergraduate,physics,5058,004,,490,149519,,,,,1,src_collected_ah_2025_group_admission
2025,AH,ordinary_undergraduate,physics,5059,001,,489,151336,,,,,30,src_collected_ah_2025_group_admission
2025,AH,ordinary_undergraduate,physics,5060,001,,511,118893,,,,,10,src_collected_ah_2025_group_admission
2025,AH,ordinary_undergraduate,physics,5060,002,,509,121135,,,,,32,src_collected_ah_2025_group_admission
2025,AH,ordinary_undergraduate,physics,5061,001,,499,135168,,,,,34,src_collected_ah_2025_group_admission
2025,AH,ordinary_undergraduate,physics,5061,002,,503,130229,,,,,7,src_collected_ah_2025_group_admission
2025,AH,ordinary_undergraduate,physics,5062,001,,485,156945,,,,,28,src_collected_ah_2025_group_admission
2025,AH,ordinary_undergraduate,physics,5063,001,,485,155853,,,,,21,src_collected_ah_2025_group_admission
2025,AH,ordinary_undergraduate,physics,5063,002,,485,155822,,,,,29,src_collected_ah_2025_group_admission
2025,AH,ordinary_undergraduate,physics,5064,001,,527,96845,,,,,1,src_collected_ah_2025_group_admission
2025,AH,ordinary_undergraduate,physics,5064,002,,489,150203,,,,,16,src_collected_ah_2025_group_admission
2025,AH,ordinary_undergraduate,physics,5064,003,,494,142662,,,,,2,src_collected_ah_2025_group_admission
2025,AH,ordinary_undergraduate,physics,5065,001,,487,153902,,,,,17,src_collected_ah_2025_group_admission
2025,AH,ordinary_undergraduate,physics,5065,003,,495,142221,,,,,34,src_collected_ah_2025_group_admission
2025,AH,ordinary_undergraduate,physics,5066,001,,479,165624,,,,,8,src_collected_ah_2025_group_admission
2025,AH,ordinary_undergraduate,physics,5066,002,,478,166109,,,,,10,src_collected_ah_2025_group_admission
2025,AH,ordinary_undergraduate,physics,5067,001,,489,150790,,,,,6,src_collected_ah_2025_group_admission
2025,AH,ordinary_undergraduate,physics,5067,002,,482,160358,,,,,31,src_collected_ah_2025_group_admission
2025,AH,ordinary_undergraduate,physics,5068,001,,489,150067,,,,,5,src_collected_ah_2025_group_admission
2025,AH,ordinary_undergraduate,physics,5068,002,,484,158740,,,,,18,src_collected_ah_2025_group_admission
2025,AH,ordinary_undergraduate,physics,5069,001,,464,186251,,,,,7,src_collected_ah_2025_group_admission
2025,AH,ordinary_undergraduate,physics,5069,002,,465,185015,,,,,4,src_collected_ah_2025_group_admission
2025,AH,ordinary_undergraduate,physics,5070,001,,477,168776,,,,,4,src_collected_ah_2025_group_admission
2025,AH,ordinary_undergraduate,physics,5070,002,,473,174431,,,,,16,src_collected_ah_2025_group_admission
2025,AH,ordinary_undergraduate,physics,5070,003,,480,163407,,,,,1,src_collected_ah_2025_group_admission
2025,AH,ordinary_undergraduate,physics,5071,001,,487,153842,,,,,11,src_collected_ah_2025_group_admission
2025,AH,ordinary_undergraduate,physics,5072,001,,482,161219,,,,,14,src_collected_ah_2025_group_admission
2025,AH,ordinary_undergraduate,physics,5072,002,,488,152658,,,,,4,src_collected_ah_2025_group_admission
2025,AH,ordinary_undergraduate,physics,5072,003,,483,159456,,,,,5,src_collected_ah_2025_group_admission
2025,AH,ordinary_undergraduate,physics,5073,001,,461,190938,,,,,2,src_collected_ah_2025_group_admission
2025,AH,ordinary_undergraduate,physics,5073,002,,461,190843,,,,,7,src_collected_ah_2025_group_admission
2025,AH,ordinary_undergraduate,physics,5074,001,,486,155493,,,,,18,src_collected_ah_2025_group_admission
2025,AH,ordinary_undergraduate,physics,5074,002,,493,144513,,,,,4,src_collected_ah_2025_group_admission
2025,AH,ordinary_undergraduate,physics,5075,001,,461,190952,,,,,19,src_collected_ah_2025_group_admission
2025,AH,ordinary_undergraduate,physics,5075,002,,462,189558,,,,,4,src_collected_ah_2025_group_admission
2025,AH,ordinary_undergraduate,physics,5075,003,,461,190612,,,,,19,src_collected_ah_2025_group_admission
2025,AH,ordinary_undergraduate,physics,5075,004,,463,188359,,,,,4,src_collected_ah_2025_group_admission
2025,AH,ordinary_undergraduate,physics,5076,001,,461,191368,,,,,26,src_collected_ah_2025_group_admission
2025,AH,ordinary_undergraduate,physics,5078,001,,502,131631,,,,,2,src_collected_ah_2025_group_admission
2025,AH,ordinary_undergraduate,physics,5078,002,,487,153465,,,,,26,src_collected_ah_2025_group_admission
2025,AH,ordinary_undergraduate,physics,5079,001,,481,162137,,,,,3,src_collected_ah_2025_group_admission
2025,AH,ordinary_undergraduate,physics,5079,002,,483,160039,,,,,12,src_collected_ah_2025_group_admission
2025,AH,ordinary_undergraduate,physics,5079,003,,477,168244,,,,,1,src_collected_ah_2025_group_admission
2025,AH,ordinary_undergraduate,physics,5080,001,,505,127682,,,,,25,src_collected_ah_2025_group_admission
2025,AH,ordinary_undergraduate,physics,5081,001,,483,159437,,,,,14,src_collected_ah_2025_group_admission
2025,AH,ordinary_undergraduate,physics,5082,001,,479,164696,,,,,55,src_collected_ah_2025_group_admission
2025,AH,ordinary_undergraduate,physics,5082,002,,481,162172,,,,,10,src_collected_ah_2025_group_admission
2025,AH,ordinary_undergraduate,physics,5082,003,,462,189504,,,,,9,src_collected_ah_2025_group_admission
2025,AH,ordinary_undergraduate,physics,5083,001,,485,157188,,,,,3,src_collected_ah_2025_group_admission
2025,AH,ordinary_undergraduate,physics,5083,002,,481,162815,,,,,57,src_collected_ah_2025_group_admission
2025,AH,ordinary_undergraduate,physics,5084,001,,476,170162,,,,,4,src_collected_ah_2025_group_admission
2025,AH,ordinary_undergraduate,physics,5084,002,,480,164595,,,,,14,src_collected_ah_2025_group_admission
2025,AH,ordinary_undergraduate,physics,5084,003,,474,172773,,,,,4,src_collected_ah_2025_group_admission
2025,AH,ordinary_undergraduate,physics,5085,001,,472,175580,,,,,8,src_collected_ah_2025_group_admission
2025,AH,ordinary_undergraduate,physics,5086,001,,479,164754,,,,,14,src_collected_ah_2025_group_admission
2025,AH,ordinary_undergraduate,physics,5086,002,,492,146674,,,,,6,src_collected_ah_2025_group_admission
2025,AH,ordinary_undergraduate,physics,5086,003,,485,157147,,,,,6,src_collected_ah_2025_group_admission
2025,AH,ordinary_undergraduate,physics,5086,004,,485,157071,,,,,8,src_collected_ah_2025_group_admission
2025,AH,ordinary_undergraduate,physics,5086,005,,484,157571,,,,,11,src_collected_ah_2025_group_admission
2025,AH,ordinary_undergraduate,physics,5086,006,,537,84669,,,,,5,src_collected_ah_2025_group_admission
2025,AH,ordinary_undergraduate,physics,5086,007,,551,68857,,,,,4,src_collected_ah_2025_group_admission
2025,AH,ordinary_undergraduate,physics,5087,001,,502,130912,,,,,4,src_collected_ah_2025_group_admission
2025,AH,ordinary_undergraduate,physics,5087,002,,488,152822,,,,,4,src_collected_ah_2025_group_admission
2025,AH,ordinary_undergraduate,physics,5087,003,,494,143770,,,,,2,src_collected_ah_2025_group_admission
2025,AH,ordinary_undergraduate,physics,5088,001,,475,171486,,,,,5,src_collected_ah_2025_group_admission
2025,AH,ordinary_undergraduate,physics,5088,002,,479,165389,,,,,3,src_collected_ah_2025_group_admission
2025,AH,ordinary_undergraduate,physics,5088,003,,480,163941,,,,,10,src_collected_ah_2025_group_admission
2025,AH,ordinary_undergraduate,physics,5089,001,,483,159212,,,,,8,src_collected_ah_2025_group_admission
2025,AH,ordinary_undergraduate,physics,5090,001,,474,173184,,,,,2,src_collected_ah_2025_group_admission
2025,AH,ordinary_undergraduate,physics,5090,002,,468,180661,,,,,3,src_collected_ah_2025_group_admission
2025,AH,ordinary_undergraduate,physics,5091,001,,481,163155,,,,,6,src_collected_ah_2025_group_admission
2025,AH,ordinary_undergraduate,physics,5091,002,,492,146540,,,,,1,src_collected_ah_2025_group_admission
2025,AH,ordinary_undergraduate,physics,5091,003,,488,152309,,,,,1,src_collected_ah_2025_group_admission
2025,AH,ordinary_undergraduate,physics,5092,001,,470,178588,,,,,11,src_collected_ah_2025_group_admission
2025,AH,ordinary_undergraduate,physics,5093,001,,463,187580,,,,,5,src_collected_ah_2025_group_admission
2025,AH,ordinary_undergraduate,physics,5093,002,,462,188991,,,,,6,src_collected_ah_2025_group_admission
2025,AH,ordinary_undergraduate,physics,5093,003,,462,189447,,,,,4,src_collected_ah_2025_group_admission
2025,AH,ordinary_undergraduate,physics,5095,001,,484,158214,,,,,12,src_collected_ah_2025_group_admission
2025,AH,ordinary_undergraduate,physics,5095,002,,486,154367,,,,,2,src_collected_ah_2025_group_admission
2025,AH,ordinary_undergraduate,physics,5095,003,,480,163547,,,,,4,src_collected_ah_2025_group_admission
2025,AH,ordinary_undergraduate,physics,5095,004,,479,164825,,,,,4,src_collected_ah_2025_group_admission
2025,AH,ordinary_undergraduate,physics,5095,005,,480,164073,,,,,4,src_collected_ah_2025_group_admission
2025,AH,ordinary_undergraduate,physics,5095,006,,483,160134,,,,,5,src_collected_ah_2025_group_admission
2025,AH,ordinary_undergraduate,physics,5095,007,,470,177688,,,,,2,src_collected_ah_2025_group_admission
2025,AH,ordinary_undergraduate,physics,5096,001,,485,156713,,,,,1,src_collected_ah_2025_group_admission
2025,AH,ordinary_undergraduate,physics,5096,002,,481,162833,,,,,10,src_collected_ah_2025_group_admission
2025,AH,ordinary_undergraduate,physics,5097,001,,489,149838,,,,,10,src_collected_ah_2025_group_admission
2025,AH,ordinary_undergraduate,physics,5097,002,,490,149661,,,,,8,src_collected_ah_2025_group_admission
2025,AH,ordinary_undergraduate,physics,5097,003,,486,155371,,,,,43,src_collected_ah_2025_group_admission
2025,AH,ordinary_undergraduate,physics,5098,001,,465,185751,,,,,5,src_collected_ah_2025_group_admission
2025,AH,ordinary_undergraduate,physics,5098,002,,461,191408,,,,,6,src_collected_ah_2025_group_admission
2025,AH,ordinary_undergraduate,physics,5098,003,,472,175022,,,,,2,src_collected_ah_2025_group_admission
2025,AH,ordinary_undergraduate,physics,5099,001,,490,149366,,,,,16,src_collected_ah_2025_group_admission
2025,AH,ordinary_undergraduate,physics,5099,002,,485,157231,,,,,2,src_collected_ah_2025_group_admission
2025,AH,ordinary_undergraduate,physics,5100,001,,481,162923,,,,,22,src_collected_ah_2025_group_admission
2025,AH,ordinary_undergraduate,physics,5100,002,,485,155918,,,,,2,src_collected_ah_2025_group_admission
2025,AH,ordinary_undergraduate,physics,5100,003,,485,156430,,,,,5,src_collected_ah_2025_group_admission
2025,AH,ordinary_undergraduate,physics,5101,001,,486,155472,,,,,15,src_collected_ah_2025_group_admission
2025,AH,ordinary_undergraduate,physics,5101,002,,488,152710,,,,,7,src_collected_ah_2025_group_admission
2025,AH,ordinary_undergraduate,physics,5101,003,,491,147577,,,,,10,src_collected_ah_2025_group_admission
2025,AH,ordinary_undergraduate,physics,5102,001,,486,155726,,,,,53,src_collected_ah_2025_group_admission
2025,AH,ordinary_undergraduate,physics,5103,001,,477,168812,,,,,20,src_collected_ah_2025_group_admission
2025,AH,ordinary_undergraduate,physics,5103,003,,484,158524,,,,,10,src_collected_ah_2025_group_admission
2025,AH,ordinary_undergraduate,physics,5104,001,,477,168736,,,,,4,src_collected_ah_2025_group_admission
2025,AH,ordinary_undergraduate,physics,5104,002,,484,157859,,,,,9,src_collected_ah_2025_group_admission
2025,AH,ordinary_undergraduate,physics,5104,003,,481,162501,,,,,10,src_collected_ah_2025_group_admission
2025,AH,ordinary_undergraduate,physics,5104,004,,478,167279,,,,,11,src_collected_ah_2025_group_admission
2025,AH,ordinary_undergraduate,physics,5104,005,,476,169637,,,,,2,src_collected_ah_2025_group_admission
2025,AH,ordinary_undergraduate,physics,5105,001,,482,160577,,,,,35,src_collected_ah_2025_group_admission
2025,AH,ordinary_undergraduate,physics,5105,002,,479,165676,,,,,3,src_collected_ah_2025_group_admission
2025,AH,ordinary_undergraduate,physics,5106,001,,487,154159,,,,,3,src_collected_ah_2025_group_admission
2025,AH,ordinary_undergraduate,physics,5106,002,,486,154600,,,,,38,src_collected_ah_2025_group_admission
2025,AH,ordinary_undergraduate,physics,5107,001,,489,150815,,,,,9,src_collected_ah_2025_group_admission
2025,AH,ordinary_undergraduate,physics,5107,002,,484,157993,,,,,58,src_collected_ah_2025_group_admission
2025,AH,ordinary_undergraduate,physics,5107,003,,489,150557,,,,,12,src_collected_ah_2025_group_admission
2025,AH,ordinary_undergraduate,physics,5108,001,,487,153162,,,,,5,src_collected_ah_2025_group_admission
2025,AH,ordinary_undergraduate,physics,5108,002,,490,149680,,,,,3,src_collected_ah_2025_group_admission
2025,AH,ordinary_undergraduate,physics,5109,001,,505,126485,,,,,5,src_collected_ah_2025_group_admission
2025,AH,ordinary_undergraduate,physics,9001,005,,614,18002,,,,,20,src_collected_ah_2025_group_admission
2025,AH,ordinary_undergraduate,physics,9001,006,,600,26766,,,,,520,src_collected_ah_2025_group_admission
2025,AH,ordinary_undergraduate,physics,9001,007,,632,9812,,,,,20,src_collected_ah_2025_group_admission
2025,AH,ordinary_undergraduate,physics,9001,008,,630,10683,,,,,20,src_collected_ah_2025_group_admission
2025,AH,ordinary_undergraduate,physics,9001,009,,606,23195,,,,,4318,src_collected_ah_2025_group_admission
2025,AH,ordinary_undergraduate,physics,9001,010,,594,31136,,,,,97,src_collected_ah_2025_group_admission
2025,AH,ordinary_undergraduate,physics,9002,003,,540,81066,,,,,1251,src_collected_ah_2025_group_admission
2025,AH,ordinary_undergraduate,physics,9002,004,,547,73432,,,,,746,src_collected_ah_2025_group_admission
2025,AH,ordinary_undergraduate,physics,9003,005,,538,83193,,,,,176,src_collected_ah_2025_group_admission
2025,AH,ordinary_undergraduate,physics,9003,006,,553,67337,,,,,1854,src_collected_ah_2025_group_admission
2025,AH,ordinary_undergraduate,physics,9003,007,,545,75144,,,,,1394,src_collected_ah_2025_group_admission
2025,AH,ordinary_undergraduate,physics,9003,008,,539,82395,,,,,73,src_collected_ah_2025_group_admission
2025,AH,ordinary_undergraduate,physics,9004,005,,542,79489,,,,,750,src_collected_ah_2025_group_admission
2025,AH,ordinary_undergraduate,physics,9004,006,,561,58728,,,,,2838,src_collected_ah_2025_group_admission
2025,AH,ordinary_undergraduate,physics,9004,007,,577,43905,,,,,396,src_collected_ah_2025_group_admission
2025,AH,ordinary_undergraduate,physics,9005,007,,536,86290,,,,,435,src_collected_ah_2025_group_admission
2025,AH,ordinary_undergraduate,physics,9005,008,,545,75533,,,,,1935,src_collected_ah_2025_group_admission
2025,AH,ordinary_undergraduate,physics,9005,009,,549,71429,,,,,38,src_collected_ah_2025_group_admission
2025,AH,ordinary_undergraduate,physics,9005,010,,570,50056,,,,,120,src_collected_ah_2025_group_admission
2025,AH,ordinary_undergraduate,physics,9006,005,,566,53805,,,,,62,src_collected_ah_2025_group_admission
2025,AH,ordinary_undergraduate,physics,9006,006,,571,48862,,,,,4670,src_collected_ah_2025_group_admission
2025,AH,ordinary_undergraduate,physics,9007,004,,549,71180,,,,,467,src_collected_ah_2025_group_admission
2025,AH,ordinary_undergraduate,physics,9007,005,,552,68165,,,,,2230,src_collected_ah_2025_group_admission
2025,AH,ordinary_undergraduate,physics,9007,006,,529,94196,,,,,60,src_collected_ah_2025_group_admission
2025,AH,ordinary_undergraduate,physics,9007,007,,557,62555,,,,,18,src_collected_ah_2025_group_admission
2025,AH,ordinary_undergraduate,physics,9008,034,,586,36883,,,,,50,src_collected_ah_2025_group_admission
2025,AH,ordinary_undergraduate,physics,9008,035,,546,74322,,,,,10,src_collected_ah_2025_group_admission
2025,AH,ordinary_undergraduate,physics,9008,036,,562,57585,,,,,50,src_collected_ah_2025_group_admission
2025,AH,ordinary_undergraduate,physics,9008,037,,554,65489,,,,,105,src_collected_ah_2025_group_admission
2025,AH,ordinary_undergraduate,physics,9008,038,,554,65251,,,,,77,src_collected_ah_2025_group_admission
2025,AH,ordinary_undergraduate,physics,9008,039,,550,69796,,,,,50,src_collected_ah_2025_group_admission
2025,AH,ordinary_undergraduate,physics,9008,040,,549,70928,,,,,52,src_collected_ah_2025_group_admission
2025,AH,ordinary_undergraduate,physics,9008,041,,580,41704,,,,,60,src_collected_ah_2025_group_admission
2025,AH,ordinary_undergraduate,physics,9008,042,,536,85553,,,,,67,src_collected_ah_2025_group_admission
2025,AH,ordinary_undergraduate,physics,9008,043,,554,65473,,,,,30,src_collected_ah_2025_group_admission
2025,AH,ordinary_undergraduate,physics,9008,044,,579,42193,,,,,296,src_collected_ah_2025_group_admission
2025,AH,ordinary_undergraduate,physics,9008,045,,575,45404,,,,,77,src_collected_ah_2025_group_admission
2025,AH,ordinary_undergraduate,physics,9008,046,,586,36614,,,,,440,src_collected_ah_2025_group_admission
2025,AH,ordinary_undergraduate,physics,9008,047,,573,47704,,,,,277,src_collected_ah_2025_group_admission
2025,AH,ordinary_undergraduate,physics,9008,048,,585,37178,,,,,318,src_collected_ah_2025_group_admission
2025,AH,ordinary_undergraduate,physics,9008,049,,566,53358,,,,,267,src_collected_ah_2025_group_admission
2025,AH,ordinary_undergraduate,physics,9008,050,,535,87669,,,,,847,src_collected_ah_2025_group_admission
2025,AH,ordinary_undergraduate,physics,9008,051,,562,57788,,,,,65,src_collected_ah_2025_group_admission
2025,AH,ordinary_undergraduate,physics,9008,052,,563,56885,,,,,127,src_collected_ah_2025_group_admission
2025,AH,ordinary_undergraduate,physics,9008,053,,571,48926,,,,,20,src_collected_ah_2025_group_admission
2025,AH,ordinary_undergraduate,physics,9009,006,,531,92262,,,,,303,src_collected_ah_2025_group_admission
2025,AH,ordinary_undergraduate,physics,9009,007,,515,112439,,,,,25,src_collected_ah_2025_group_admission
2025,AH,ordinary_undergraduate,physics,9009,008,,626,12174,,,,,150,src_collected_ah_2025_group_admission
2025,AH,ordinary_undergraduate,physics,9009,009,,622,14105,,,,,30,src_collected_ah_2025_group_admission
2025,AH,ordinary_undergraduate,physics,9009,010,,593,31694,,,,,649,src_collected_ah_2025_group_admission
2025,AH,ordinary_undergraduate,physics,9009,011,,606,23187,,,,,96,src_collected_ah_2025_group_admission
2025,AH,ordinary_undergraduate,physics,9009,012,,579,41895,,,,,381,src_collected_ah_2025_group_admission
2025,AH,ordinary_undergraduate,physics,9009,013,,535,86735,,,,,1408,src_collected_ah_2025_group_admission
2025,AH,ordinary_undergraduate,physics,9009,014,,526,98092,,,,,379,src_collected_ah_2025_group_admission
2025,AH,ordinary_undergraduate,physics,9010,006,,591,32718,,,,,60,src_collected_ah_2025_group_admission
2025,AH,ordinary_undergraduate,physics,9010,007,,540,81082,,,,,548,src_collected_ah_2025_group_admission
2025,AH,ordinary_undergraduate,physics,9010,008,,523,102076,,,,,221,src_collected_ah_2025_group_admission
2025,AH,ordinary_undergraduate,physics,9010,009,,524,101466,,,,,1756,src_collected_ah_2025_group_admission
2025,AH,ordinary_undergraduate,physics,9011,005,,523,102723,,,,,441,src_collected_ah_2025_group_admission
2025,AH,ordinary_undergraduate,physics,9011,007,,531,91460,,,,,1397,src_collected_ah_2025_group_admission
2025,AH,ordinary_undergraduate,physics,9011,008,,494,143031,,,,,70,src_collected_ah_2025_group_admission
2025,AH,ordinary_undergraduate,physics,9011,009,,538,83091,,,,,31,src_collected_ah_2025_group_admission
2025,AH,ordinary_undergraduate,physics,9012,003,,493,144652,,,,,4,src_collected_ah_2025_group_admission
2025,AH,ordinary_undergraduate,physics,9012,004,,518,108222,,,,,279,src_collected_ah_2025_group_admission
2025,AH,ordinary_undergraduate,physics,9012,005,,492,146075,,,,,2,src_collected_ah_2025_group_admission
2025,AH,ordinary_undergraduate,physics,9012,006,,530,93047,,,,,173,src_collected_ah_2025_group_admission
2025,AH,ordinary_undergraduate,physics,9012,007,,520,106354,,,,,1053,src_collected_ah_2025_group_admission
2025,AH,ordinary_undergraduate,physics,9013,003,,518,109109,,,,,452,src_collected_ah_2025_group_admission
2025,AH,ordinary_undergraduate,physics,9013,004,,487,153313,,,,,38,src_collected_ah_2025_group_admission
2025,AH,ordinary_undergraduate,physics,9013,005,,519,107784,,,,,1489,src_collected_ah_2025_group_admission
2025,AH,ordinary_undergraduate,physics,9013,006,,487,153751,,,,,6,src_collected_ah_2025_group_admission
2025,AH,ordinary_undergraduate,physics,9013,007,,515,112387,,,,,50,src_collected_ah_2025_group_admission
2025,AH,ordinary_undergraduate,physics,9013,008,,533,89857,,,,,35,src_collected_ah_2025_group_admission
2025,AH,ordinary_undergraduate,physics,9014,004,,516,112111,,,,,150,src_collected_ah_2025_group_admission
2025,AH,ordinary_undergraduate,physics,9014,005,,559,60484,,,,,935,src_collected_ah_2025_group_admission
2025,AH,ordinary_undergraduate,physics,9014,006,,522,103165,,,,,680,src_collected_ah_2025_group_admission
2025,AH,ordinary_undergraduate,physics,9014,007,,514,114332,,,,,620,src_collected_ah_2025_group_admission
2025,AH,ordinary_undergraduate,physics,9015,003,,535,86922,,,,,293,src_collected_ah_2025_group_admission
2025,AH,ordinary_undergraduate,physics,9015,004,,522,103979,,,,,25,src_collected_ah_2025_group_admission
2025,AH,ordinary_undergraduate,physics,9015,005,,540,81008,,,,,2407,src_collected_ah_2025_group_admission
2025,AH,ordinary_undergraduate,physics,9015,006,,533,90071,,,,,40,src_collected_ah_2025_group_admission
2025,AH,ordinary_undergraduate,physics,9101,004,,514,113701,,,,,650,src_collected_ah_2025_group_admission
2025,AH,ordinary_undergraduate,physics,9101,005,,522,103288,,,,,2836,src_collected_ah_2025_group_admission
2025,AH,ordinary_undergraduate,physics,9101,006,,513,115266,,,,,90,src_collected_ah_2025_group_admission
2025,AH,ordinary_undergraduate,physics,9101,007,,513,115360,,,,,89,src_collected_ah_2025_group_admission
2025,AH,ordinary_undergraduate,physics,9102,002,,492,146155,,,,,475,src_collected_ah_2025_group_admission
2025,AH,ordinary_undergraduate,physics,9102,003,,494,143058,,,,,2613,src_collected_ah_2025_group_admission
2025,AH,ordinary_undergraduate,physics,9104,002,,491,147766,,,,,232,src_collected_ah_2025_group_admission
2025,AH,ordinary_undergraduate,physics,9104,003,,491,147450,,,,,64,src_collected_ah_2025_group_admission
2025,AH,ordinary_undergraduate,physics,9104,004,,491,146916,,,,,1866,src_collected_ah_2025_group_admission
2025,AH,ordinary_undergraduate,physics,9105,003,,507,124563,,,,,252,src_collected_ah_2025_group_admission
2025,AH,ordinary_undergraduate,physics,9105,004,,487,152908,,,,,20,src_collected_ah_2025_group_admission
2025,AH,ordinary_undergraduate,physics,9105,005,,514,113626,,,,,746,src_collected_ah_2025_group_admission
2025,AH,ordinary_undergraduate,physics,9105,006,,505,126895,,,,,1051,src_collected_ah_2025_group_admission
2025,AH,ordinary_undergraduate,physics,9106,002,,494,143013,,,,,320,src_collected_ah_2025_group_admission
2025,AH,ordinary_undergraduate,physics,9106,003,,506,125518,,,,,186,src_collected_ah_2025_group_admission
2025,AH,ordinary_undergraduate,physics,9106,004,,497,137909,,,,,653,src_collected_ah_2025_group_admission
2025,AH,ordinary_undergraduate,physics,9106,005,,491,147025,,,,,100,src_collected_ah_2025_group_admission
2025,AH,ordinary_undergraduate,physics,9106,006,,500,133612,,,,,40,src_collected_ah_2025_group_admission
2025,AH,ordinary_undergraduate,physics,9107,003,,501,133199,,,,,778,src_collected_ah_2025_group_admission
2025,AH,ordinary_undergraduate,physics,9107,004,,506,125107,,,,,2683,src_collected_ah_2025_group_admission
2025,AH,ordinary_undergraduate,physics,9107,005,,503,129923,,,,,60,src_collected_ah_2025_group_admission
2025,AH,ordinary_undergraduate,physics,9107,006,,500,135027,,,,,80,src_collected_ah_2025_group_admission
2025,AH,ordinary_undergraduate,physics,9107,007,,514,114259,,,,,128,src_collected_ah_2025_group_admission
2025,AH,ordinary_undergraduate,physics,9109,005,,513,116010,,,,,427,src_collected_ah_2025_group_admission
2025,AH,ordinary_undergraduate,physics,9109,006,,516,110835,,,,,1793,src_collected_ah_2025_group_admission
2025,AH,ordinary_undergraduate,physics,9109,007,,494,143408,,,,,60,src_collected_ah_2025_group_admission
2025,AH,ordinary_undergraduate,physics,9109,008,,511,118110,,,,,221,src_collected_ah_2025_group_admission
2025,AH,ordinary_undergraduate,physics,9109,009,,522,104035,,,,,14,src_collected_ah_2025_group_admission
2025,AH,ordinary_undergraduate,physics,9109,010,,527,96415,,,,,30,src_collected_ah_2025_group_admission
2025,AH,ordinary_undergraduate,physics,9111,004,,509,121306,,,,,229,src_collected_ah_2025_group_admission
2025,AH,ordinary_undergraduate,physics,9111,005,,504,127923,,,,,590,src_collected_ah_2025_group_admission
2025,AH,ordinary_undergraduate,physics,9111,006,,504,128470,,,,,563,src_collected_ah_2025_group_admission
2025,AH,ordinary_undergraduate,physics,9111,007,,508,122162,,,,,18,src_collected_ah_2025_group_admission
2025,AH,ordinary_undergraduate,physics,9111,008,,518,108693,,,,,15,src_collected_ah_2025_group_admission
2025,AH,ordinary_undergraduate,physics,9112,003,,494,143338,,,,,447,src_collected_ah_2025_group_admission
2025,AH,ordinary_undergraduate,physics,9112,004,,486,155657,,,,,32,src_collected_ah_2025_group_admission
2025,AH,ordinary_undergraduate,physics,9112,005,,493,145206,,,,,534,src_collected_ah_2025_group_admission
2025,AH,ordinary_undergraduate,physics,9112,006,,499,135614,,,,,1060,src_collected_ah_2025_group_admission
2025,AH,ordinary_undergraduate,physics,9113,002,,514,113852,,,,,115,src_collected_ah_2025_group_admission
2025,AH,ordinary_undergraduate,physics,9113,003,,497,138545,,,,,815,src_collected_ah_2025_group_admission
2025,AH,ordinary_undergraduate,physics,9113,004,,506,125257,,,,,502,src_collected_ah_2025_group_admission
2025,AH,ordinary_undergraduate,physics,9113,005,,501,132951,,,,,1002,src_collected_ah_2025_group_admission
2025,AH,ordinary_undergraduate,physics,9114,005,,513,116088,,,,,100,src_collected_ah_2025_group_admission
2025,AH,ordinary_undergraduate,physics,9114,006,,507,123841,,,,,646,src_collected_ah_2025_group_admission
2025,AH,ordinary_undergraduate,physics,9114,007,,510,119738,,,,,682,src_collected_ah_2025_group_admission
2025,AH,ordinary_undergraduate,physics,9114,008,,515,112938,,,,,422,src_collected_ah_2025_group_admission
2025,AH,ordinary_undergraduate,physics,9114,009,,551,69049,,,,,247,src_collected_ah_2025_group_admission
2025,AH,ordinary_undergraduate,physics,9114,010,,559,60759,,,,,448,src_collected_ah_2025_group_admission
2025,AH,ordinary_undergraduate,physics,9115,002,,503,129454,,,,,725,src_collected_ah_2025_group_admission
2025,AH,ordinary_undergraduate,physics,9115,003,,505,127670,,,,,3016,src_collected_ah_2025_group_admission
2025,AH,ordinary_undergraduate,physics,9115,004,,511,117961,,,,,52,src_collected_ah_2025_group_admission
2025,AH,ordinary_undergraduate,physics,9116,002,,491,147005,,,,,720,src_collected_ah_2025_group_admission
2025,AH,ordinary_undergraduate,physics,9116,003,,493,144858,,,,,2390,src_collected_ah_2025_group_admission
2025,AH,ordinary_undergraduate,physics,9116,004,,501,132777,,,,,40,src_collected_ah_2025_group_admission
2025,AH,ordinary_undergraduate,physics,9117,001,,494,143146,,,,,80,src_collected_ah_2025_group_admission
2025,AH,ordinary_undergraduate,physics,9119,002,,517,109851,,,,,694,src_collected_ah_2025_group_admission
2025,AH,ordinary_undergraduate,physics,9120,021,,498,137053,,,,,25,src_collected_ah_2025_group_admission
2025,AH,ordinary_undergraduate,physics,9120,022,,494,142650,,,,,330,src_collected_ah_2025_group_admission
2025,AH,ordinary_undergraduate,physics,9120,023,,500,134721,,,,,112,src_collected_ah_2025_group_admission
2025,AH,ordinary_undergraduate,physics,9121,021,,490,148427,,,,,900,src_collected_ah_2025_group_admission
2025,AH,ordinary_undergraduate,physics,9122,021,,490,149172,,,,,860,src_collected_ah_2025_group_admission
2025,AH,ordinary_undergraduate,physics,9201,001,,476,169042,,,,,769,src_collected_ah_2025_group_admission
2025,AH,ordinary_undergraduate,physics,9201,002,,479,165835,,,,,434,src_collected_ah_2025_group_admission
2025,AH,ordinary_undergraduate,physics,9203,001,,468,180610,,,,,331,src_collected_ah_2025_group_admission
2025,AH,ordinary_undergraduate,physics,9203,002,,466,183984,,,,,1485,src_collected_ah_2025_group_admission
2025,AH,ordinary_undergraduate,physics,9204,001,,464,186139,,,,,149,src_collected_ah_2025_group_admission
2025,AH,ordinary_undergraduate,physics,9204,002,,461,191387,,,,,1047,src_collected_ah_2025_group_admission
2025,AH,ordinary_undergraduate,physics,9205,001,,474,172535,,,,,892,src_collected_ah_2025_group_admission
2025,AH,ordinary_undergraduate,physics,9205,002,,473,173956,,,,,1735,src_collected_ah_2025_group_admission
2025,AH,ordinary_undergraduate,physics,9206,001,,466,183822,,,,,632,src_collected_ah_2025_group_admission
2025,AH,ordinary_undergraduate,physics,9206,002,,463,188520,,,,,2065,src_collected_ah_2025_group_admission
2025,AH,ordinary_undergraduate,physics,9206,003,,473,174112,,,,,200,src_collected_ah_2025_group_admission
2025,AH,ordinary_undergraduate,physics,9207,001,,487,152945,,,,,130,src_collected_ah_2025_group_admission
2025,AH,ordinary_undergraduate,physics,9207,003,,486,155016,,,,,820,src_collected_ah_2025_group_admission
2025,AH,ordinary_undergraduate,physics,9207,051,,483,159054,,,,,180,src_collected_ah_2025_group_admission
2025,AH,ordinary_undergraduate,physics,9207,052,,484,157447,,,,,730,src_collected_ah_2025_group_admission
2025,AH,ordinary_undergraduate,physics,9208,001,,461,191413,,,,,555,src_collected_ah_2025_group_admission
2025,AH,ordinary_undergraduate,physics,9208,002,,461,191356,,,,,91,src_collected_ah_2025_group_admission
2025,AH,ordinary_undergraduate,physics,9209,001,,463,187484,,,,,196,src_collected_ah_2025_group_admission
2025,AH,ordinary_undergraduate,physics,9209,002,,461,191410,,,,,598,src_collected_ah_2025_group_admission
2025,AH,ordinary_undergraduate,physics,9210,001,,467,182935,,,,,898,src_collected_ah_2025_group_admission
2025,AH,ordinary_undergraduate,physics,9210,002,,465,185184,,,,,2001,src_collected_ah_2025_group_admission
2025,AH,ordinary_undergraduate,physics,9211,001,,465,185404,,,,,230,src_collected_ah_2025_group_admission
2025,AH,ordinary_undergraduate,physics,9211,002,,461,191405,,,,,1860,src_collected_ah_2025_group_admission
2025,AH,ordinary_undergraduate,physics,9212,001,,489,151303,,,,,45,src_collected_ah_2025_group_admission
2025,AH,ordinary_undergraduate,physics,9212,002,,485,156035,,,,,1245,src_collected_ah_2025_group_admission
2025,AH,ordinary_undergraduate,physics,9213,001,,484,157918,,,,,135,src_collected_ah_2025_group_admission
2025,AH,ordinary_undergraduate,physics,9213,002,,479,164653,,,,,1760,src_collected_ah_2025_group_admission
2025,AH,ordinary_undergraduate,physics,9213,004,,482,160648,,,,,100,src_collected_ah_2025_group_admission
2025,AH,ordinary_undergraduate,physics,9214,001,,463,188545,,,,,342,src_collected_ah_2025_group_admission
2025,AH,ordinary_undergraduate,physics,9214,002,,467,181829,,,,,362,src_collected_ah_2025_group_admission
2025,AH,ordinary_undergraduate,physics,9214,003,,461,191392,,,,,1174,src_collected_ah_2025_group_admission
2025,AH,ordinary_undergraduate,physics,9215,001,,475,171042,,,,,131,src_collected_ah_2025_group_admission
2025,AH,ordinary_undergraduate,physics,9215,002,,465,185747,,,,,1114,src_collected_ah_2025_group_admission
