year,province_code,subject_track,score,count,cumulative_count,rank_min,rank_max,source_id
2024,AH,history,673,21,21,1,21,src_ah_2024_score_segments
2024,AH,history,672,4,25,22,25,src_ah_2024_score_segments
2024,AH,history,671,2,27,26,27,src_ah_2024_score_segments
2024,AH,history,669,6,33,28,33,src_ah_2024_score_segments
2024,AH,history,668,9,42,34,42,src_ah_2024_score_segments
2024,AH,history,667,10,52,43,52,src_ah_2024_score_segments
2024,AH,history,666,9,61,53,61,src_ah_2024_score_segments
2024,AH,history,665,6,67,62,67,src_ah_2024_score_segments
2024,AH,history,664,6,73,68,73,src_ah_2024_score_segments
2024,AH,history,663,7,80,74,80,src_ah_2024_score_segments
2024,AH,history,662,9,89,81,89,src_ah_2024_score_segments
2024,AH,history,661,13,102,90,102,src_ah_2024_score_segments
2024,AH,history,660,6,108,103,108,src_ah_2024_score_segments
2024,AH,history,659,17,125,109,125,src_ah_2024_score_segments
2024,AH,history,658,18,143,126,143,src_ah_2024_score_segments
2024,AH,history,657,16,159,144,159,src_ah_2024_score_segments
2024,AH,history,656,15,174,160,174,src_ah_2024_score_segments
2024,AH,history,655,11,185,175,185,src_ah_2024_score_segments
2024,AH,history,654,24,209,186,209,src_ah_2024_score_segments
2024,AH,history,653,12,221,210,221,src_ah_2024_score_segments
2024,AH,history,652,21,242,222,242,src_ah_2024_score_segments
2024,AH,history,651,26,268,243,268,src_ah_2024_score_segments
2024,AH,history,650,17,285,269,285,src_ah_2024_score_segments
2024,AH,history,649,18,303,286,303,src_ah_2024_score_segments
2024,AH,history,648,24,327,304,327,src_ah_2024_score_segments
2024,AH,history,647,26,353,328,353,src_ah_2024_score_segments
2024,AH,history,646,35,388,354,388,src_ah_2024_score_segments
2024,AH,history,645,24,412,389,412,src_ah_2024_score_segments
2024,AH,history,644,34,446,413,446,src_ah_2024_score_segments
2024,AH,history,643,37,483,447,483,src_ah_2024_score_segments
2024,AH,history,642,33,516,484,516,src_ah_2024_score_segments
2024,AH,history,641,45,561,517,561,src_ah_2024_score_segments
2024,AH,history,640,43,604,562,604,src_ah_2024_score_segments
2024,AH,history,639,33,637,605,637,src_ah_2024_score_segments
2024,AH,history,638,36,673,638,673,src_ah_2024_score_segments
2024,AH,history,637,40,713,674,713,src_ah_2024_score_segments
2024,AH,history,636,39,752,714,752,src_ah_2024_score_segments
2024,AH,history,635,36,788,753,788,src_ah_2024_score_segments
2024,AH,history,634,40,828,789,828,src_ah_2024_score_segments
2024,AH,history,633,45,873,829,873,src_ah_2024_score_segments
2024,AH,history,632,49,922,874,922,src_ah_2024_score_segments
2024,AH,history,631,72,994,923,994,src_ah_2024_score_segments
2024,AH,history,630,56,1050,995,1050,src_ah_2024_score_segments
2024,AH,history,629,38,1088,1051,1088,src_ah_2024_score_segments
2024,AH,history,628,55,1143,1089,1143,src_ah_2024_score_segments
2024,AH,history,627,52,1195,1144,1195,src_ah_2024_score_segments
2024,AH,history,626,64,1259,1196,1259,src_ah_2024_score_segments
2024,AH,history,625,59,1318,1260,1318,src_ah_2024_score_segments
2024,AH,history,624,57,1375,1319,1375,src_ah_2024_score_segments
2024,AH,history,623,76,1451,1376,1451,src_ah_2024_score_segments
2024,AH,history,622,63,1514,1452,1514,src_ah_2024_score_segments
2024,AH,history,621,86,1600,1515,1600,src_ah_2024_score_segments
2024,AH,history,620,84,1684,1601,1684,src_ah_2024_score_segments
2024,AH,history,619,70,1754,1685,1754,src_ah_2024_score_segments
2024,AH,history,618,66,1820,1755,1820,src_ah_2024_score_segments
2024,AH,history,617,72,1892,1821,1892,src_ah_2024_score_segments
2024,AH,history,616,81,1973,1893,1973,src_ah_2024_score_segments
2024,AH,history,615,84,2057,1974,2057,src_ah_2024_score_segments
2024,AH,history,614,78,2135,2058,2135,src_ah_2024_score_segments
2024,AH,history,613,77,2212,2136,2212,src_ah_2024_score_segments
2024,AH,history,612,96,2308,2213,2308,src_ah_2024_score_segments
2024,AH,history,611,84,2392,2309,2392,src_ah_2024_score_segments
2024,AH,history,610,101,2493,2393,2493,src_ah_2024_score_segments
2024,AH,history,609,87,2580,2494,2580,src_ah_2024_score_segments
2024,AH,history,608,113,2693,2581,2693,src_ah_2024_score_segments
2024,AH,history,607,102,2795,2694,2795,src_ah_2024_score_segments
2024,AH,history,606,113,2908,2796,2908,src_ah_2024_score_segments
2024,AH,history,605,104,3012,2909,3012,src_ah_2024_score_segments
2024,AH,history,604,118,3130,3013,3130,src_ah_2024_score_segments
2024,AH,history,603,124,3254,3131,3254,src_ah_2024_score_segments
2024,AH,history,602,106,3360,3255,3360,src_ah_2024_score_segments
2024,AH,history,601,123,3483,3361,3483,src_ah_2024_score_segments
2024,AH,history,600,143,3626,3484,3626,src_ah_2024_score_segments
2024,AH,history,599,130,3756,3627,3756,src_ah_2024_score_segments
2024,AH,history,598,120,3876,3757,3876,src_ah_2024_score_segments
2024,AH,history,597,120,3996,3877,3996,src_ah_2024_score_segments
2024,AH,history,596,123,4119,3997,4119,src_ah_2024_score_segments
2024,AH,history,595,131,4250,4120,4250,src_ah_2024_score_segments
2024,AH,history,594,146,4396,4251,4396,src_ah_2024_score_segments
2024,AH,history,593,122,4518,4397,4518,src_ah_2024_score_segments
2024,AH,history,592,136,4654,4519,4654,src_ah_2024_score_segments
2024,AH,history,591,142,4796,4655,4796,src_ah_2024_score_segments
2024,AH,history,590,143,4939,4797,4939,src_ah_2024_score_segments
2024,AH,history,589,131,5070,4940,5070,src_ah_2024_score_segments
2024,AH,history,588,130,5200,5071,5200,src_ah_2024_score_segments
2024,AH,history,587,131,5331,5201,5331,src_ah_2024_score_segments
2024,AH,history,586,168,5499,5332,5499,src_ah_2024_score_segments
2024,AH,history,585,157,5656,5500,5656,src_ah_2024_score_segments
2024,AH,history,584,148,5804,5657,5804,src_ah_2024_score_segments
2024,AH,history,583,165,5969,5805,5969,src_ah_2024_score_segments
2024,AH,history,582,180,6149,5970,6149,src_ah_2024_score_segments
2024,AH,history,581,182,6331,6150,6331,src_ah_2024_score_segments
2024,AH,history,580,151,6482,6332,6482,src_ah_2024_score_segments
2024,AH,history,579,189,6671,6483,6671,src_ah_2024_score_segments
2024,AH,history,578,174,6845,6672,6845,src_ah_2024_score_segments
2024,AH,history,577,167,7012,6846,7012,src_ah_2024_score_segments
2024,AH,history,576,169,7181,7013,7181,src_ah_2024_score_segments
2024,AH,history,575,164,7345,7182,7345,src_ah_2024_score_segments
2024,AH,history,574,169,7514,7346,7514,src_ah_2024_score_segments
2024,AH,history,573,177,7691,7515,7691,src_ah_2024_score_segments
2024,AH,history,572,175,7866,7692,7866,src_ah_2024_score_segments
2024,AH,history,571,188,8054,7867,8054,src_ah_2024_score_segments
2024,AH,history,570,197,8251,8055,8251,src_ah_2024_score_segments
2024,AH,history,569,202,8453,8252,8453,src_ah_2024_score_segments
2024,AH,history,568,202,8655,8454,8655,src_ah_2024_score_segments
2024,AH,history,567,197,8852,8656,8852,src_ah_2024_score_segments
2024,AH,history,566,190,9042,8853,9042,src_ah_2024_score_segments
2024,AH,history,565,221,9263,9043,9263,src_ah_2024_score_segments
2024,AH,history,564,214,9477,9264,9477,src_ah_2024_score_segments
2024,AH,history,563,215,9692,9478,9692,src_ah_2024_score_segments
2024,AH,history,562,227,9919,9693,9919,src_ah_2024_score_segments
2024,AH,history,561,209,10128,9920,10128,src_ah_2024_score_segments
2024,AH,history,560,248,10376,10129,10376,src_ah_2024_score_segments
2024,AH,history,559,228,10604,10377,10604,src_ah_2024_score_segments
2024,AH,history,558,245,10849,10605,10849,src_ah_2024_score_segments
2024,AH,history,557,222,11071,10850,11071,src_ah_2024_score_segments
2024,AH,history,556,238,11309,11072,11309,src_ah_2024_score_segments
2024,AH,history,555,244,11553,11310,11553,src_ah_2024_score_segments
2024,AH,history,554,269,11822,11554,11822,src_ah_2024_score_segments
2024,AH,history,553,232,12054,11823,12054,src_ah_2024_score_segments
2024,AH,history,552,247,12301,12055,12301,src_ah_2024_score_segments
2024,AH,history,551,264,12565,12302,12565,src_ah_2024_score_segments
2024,AH,history,550,278,12843,12566,12843,src_ah_2024_score_segments
2024,AH,history,549,259,13102,12844,13102,src_ah_2024_score_segments
2024,AH,history,548,255,13357,13103,13357,src_ah_2024_score_segments
2024,AH,history,547,239,13596,13358,13596,src_ah_2024_score_segments
2024,AH,history,546,263,13859,13597,13859,src_ah_2024_score_segments
2024,AH,history,545,303,14162,13860,14162,src_ah_2024_score_segments
2024,AH,history,544,243,14405,14163,14405,src_ah_2024_score_segments
2024,AH,history,543,268,14673,14406,14673,src_ah_2024_score_segments
2024,AH,history,542,284,14957,14674,14957,src_ah_2024_score_segments
2024,AH,history,541,305,15262,14958,15262,src_ah_2024_score_segments
2024,AH,history,540,294,15556,15263,15556,src_ah_2024_score_segments
2024,AH,history,539,298,15854,15557,15854,src_ah_2024_score_segments
2024,AH,history,538,290,16144,15855,16144,src_ah_2024_score_segments
2024,AH,history,537,288,16432,16145,16432,src_ah_2024_score_segments
2024,AH,history,536,267,16699,16433,16699,src_ah_2024_score_segments
2024,AH,history,535,325,17024,16700,17024,src_ah_2024_score_segments
2024,AH,history,534,329,17353,17025,17353,src_ah_2024_score_segments
2024,AH,history,533,296,17649,17354,17649,src_ah_2024_score_segments
2024,AH,history,532,302,17951,17650,17951,src_ah_2024_score_segments
2024,AH,history,531,332,18283,17952,18283,src_ah_2024_score_segments
2024,AH,history,530,340,18623,18284,18623,src_ah_2024_score_segments
2024,AH,history,529,382,19005,18624,19005,src_ah_2024_score_segments
2024,AH,history,528,293,19298,19006,19298,src_ah_2024_score_segments
2024,AH,history,527,323,19621,19299,19621,src_ah_2024_score_segments
2024,AH,history,526,326,19947,19622,19947,src_ah_2024_score_segments
2024,AH,history,525,327,20274,19948,20274,src_ah_2024_score_segments
2024,AH,history,524,357,20631,20275,20631,src_ah_2024_score_segments
2024,AH,history,523,305,20936,20632,20936,src_ah_2024_score_segments
2024,AH,history,522,363,21299,20937,21299,src_ah_2024_score_segments
2024,AH,history,521,374,21673,21300,21673,src_ah_2024_score_segments
2024,AH,history,520,376,22049,21674,22049,src_ah_2024_score_segments
2024,AH,history,519,355,22404,22050,22404,src_ah_2024_score_segments
2024,AH,history,518,383,22787,22405,22787,src_ah_2024_score_segments
2024,AH,history,517,372,23159,22788,23159,src_ah_2024_score_segments
2024,AH,history,516,386,23545,23160,23545,src_ah_2024_score_segments
2024,AH,history,515,384,23929,23546,23929,src_ah_2024_score_segments
2024,AH,history,514,362,24291,23930,24291,src_ah_2024_score_segments
2024,AH,history,513,375,24666,24292,24666,src_ah_2024_score_segments
2024,AH,history,512,369,25035,24667,25035,src_ah_2024_score_segments
2024,AH,history,511,340,25375,25036,25375,src_ah_2024_score_segments
2024,AH,history,510,420,25795,25376,25795,src_ah_2024_score_segments
2024,AH,history,509,379,26174,25796,26174,src_ah_2024_score_segments
2024,AH,history,508,372,26546,26175,26546,src_ah_2024_score_segments
2024,AH,history,507,380,26926,26547,26926,src_ah_2024_score_segments
2024,AH,history,506,387,27313,26927,27313,src_ah_2024_score_segments
2024,AH,history,505,400,27713,27314,27713,src_ah_2024_score_segments
2024,AH,history,504,419,28132,27714,28132,src_ah_2024_score_segments
2024,AH,history,503,369,28501,28133,28501,src_ah_2024_score_segments
2024,AH,history,502,388,28889,28502,28889,src_ah_2024_score_segments
2024,AH,history,501,389,29278,28890,29278,src_ah_2024_score_segments
2024,AH,history,500,372,29650,29279,29650,src_ah_2024_score_segments
2024,AH,history,499,389,30039,29651,30039,src_ah_2024_score_segments
2024,AH,history,498,391,30430,30040,30430,src_ah_2024_score_segments
2024,AH,history,497,364,30794,30431,30794,src_ah_2024_score_segments
2024,AH,history,496,404,31198,30795,31198,src_ah_2024_score_segments
2024,AH,history,495,424,31622,31199,31622,src_ah_2024_score_segments
2024,AH,history,494,395,32017,31623,32017,src_ah_2024_score_segments
2024,AH,history,493,384,32401,32018,32401,src_ah_2024_score_segments
2024,AH,history,492,421,32822,32402,32822,src_ah_2024_score_segments
2024,AH,history,491,391,33213,32823,33213,src_ah_2024_score_segments
2024,AH,history,490,398,33611,33214,33611,src_ah_2024_score_segments
2024,AH,history,489,411,34022,33612,34022,src_ah_2024_score_segments
2024,AH,history,488,396,34418,34023,34418,src_ah_2024_score_segments
2024,AH,history,487,443,34861,34419,34861,src_ah_2024_score_segments
2024,AH,history,486,404,35265,34862,35265,src_ah_2024_score_segments
2024,AH,history,485,438,35703,35266,35703,src_ah_2024_score_segments
2024,AH,history,484,450,36153,35704,36153,src_ah_2024_score_segments
2024,AH,history,483,385,36538,36154,36538,src_ah_2024_score_segments
2024,AH,history,482,466,37004,36539,37004,src_ah_2024_score_segments
2024,AH,history,481,409,37413,37005,37413,src_ah_2024_score_segments
2024,AH,history,480,381,37794,37414,37794,src_ah_2024_score_segments
2024,AH,history,479,467,38261,37795,38261,src_ah_2024_score_segments
2024,AH,history,478,426,38687,38262,38687,src_ah_2024_score_segments
2024,AH,history,477,399,39086,38688,39086,src_ah_2024_score_segments
2024,AH,history,476,400,39486,39087,39486,src_ah_2024_score_segments
2024,AH,history,475,440,39926,39487,39926,src_ah_2024_score_segments
2024,AH,history,474,421,40347,39927,40347,src_ah_2024_score_segments
2024,AH,history,473,428,40775,40348,40775,src_ah_2024_score_segments
2024,AH,history,472,412,41187,40776,41187,src_ah_2024_score_segments
2024,AH,history,471,436,41623,41188,41623,src_ah_2024_score_segments
2024,AH,history,470,474,42097,41624,42097,src_ah_2024_score_segments
2024,AH,history,469,408,42505,42098,42505,src_ah_2024_score_segments
2024,AH,history,468,421,42926,42506,42926,src_ah_2024_score_segments
2024,AH,history,467,429,43355,42927,43355,src_ah_2024_score_segments
2024,AH,history,466,437,43792,43356,43792,src_ah_2024_score_segments
2024,AH,history,465,400,44192,43793,44192,src_ah_2024_score_segments
2024,AH,history,464,437,44629,44193,44629,src_ah_2024_score_segments
2024,AH,history,463,448,45077,44630,45077,src_ah_2024_score_segments
2024,AH,history,462,451,45528,45078,45528,src_ah_2024_score_segments
2024,AH,history,461,438,45966,45529,45966,src_ah_2024_score_segments
2024,AH,history,460,455,46421,45967,46421,src_ah_2024_score_segments
2024,AH,history,459,432,46853,46422,46853,src_ah_2024_score_segments
2024,AH,history,458,470,47323,46854,47323,src_ah_2024_score_segments
2024,AH,history,457,419,47742,47324,47742,src_ah_2024_score_segments
2024,AH,history,456,460,48202,47743,48202,src_ah_2024_score_segments
2024,AH,history,455,448,48650,48203,48650,src_ah_2024_score_segments
2024,AH,history,454,424,49074,48651,49074,src_ah_2024_score_segments
2024,AH,history,453,444,49518,49075,49518,src_ah_2024_score_segments
2024,AH,history,452,415,49933,49519,49933,src_ah_2024_score_segments
2024,AH,history,451,454,50387,49934,50387,src_ah_2024_score_segments
2024,AH,history,450,451,50838,50388,50838,src_ah_2024_score_segments
2024,AH,history,449,461,51299,50839,51299,src_ah_2024_score_segments
2024,AH,history,448,484,51783,51300,51783,src_ah_2024_score_segments
2024,AH,history,447,427,52210,51784,52210,src_ah_2024_score_segments
2024,AH,history,446,502,52712,52211,52712,src_ah_2024_score_segments
2024,AH,history,445,503,53215,52713,53215,src_ah_2024_score_segments
2024,AH,history,444,472,53687,53216,53687,src_ah_2024_score_segments
2024,AH,history,443,467,54154,53688,54154,src_ah_2024_score_segments
2024,AH,history,442,471,54625,54155,54625,src_ah_2024_score_segments
2024,AH,history,441,488,55113,54626,55113,src_ah_2024_score_segments
2024,AH,history,440,477,55590,55114,55590,src_ah_2024_score_segments
2024,AH,history,439,499,56089,55591,56089,src_ah_2024_score_segments
2024,AH,history,438,452,56541,56090,56541,src_ah_2024_score_segments
2024,AH,history,437,457,56998,56542,56998,src_ah_2024_score_segments
2024,AH,history,436,467,57465,56999,57465,src_ah_2024_score_segments
2024,AH,history,435,504,57969,57466,57969,src_ah_2024_score_segments
2024,AH,history,434,458,58427,57970,58427,src_ah_2024_score_segments
2024,AH,history,433,449,58876,58428,58876,src_ah_2024_score_segments
2024,AH,history,432,530,59406,58877,59406,src_ah_2024_score_segments
2024,AH,history,431,479,59885,59407,59885,src_ah_2024_score_segments
2024,AH,history,430,456,60341,59886,60341,src_ah_2024_score_segments
2024,AH,history,429,448,60789,60342,60789,src_ah_2024_score_segments
2024,AH,history,428,460,61249,60790,61249,src_ah_2024_score_segments
2024,AH,history,427,444,61693,61250,61693,src_ah_2024_score_segments
2024,AH,history,426,497,62190,61694,62190,src_ah_2024_score_segments
2024,AH,history,425,512,62702,62191,62702,src_ah_2024_score_segments
2024,AH,history,424,501,63203,62703,63203,src_ah_2024_score_segments
2024,AH,history,423,466,63669,63204,63669,src_ah_2024_score_segments
2024,AH,history,422,525,64194,63670,64194,src_ah_2024_score_segments
2024,AH,history,421,476,64670,64195,64670,src_ah_2024_score_segments
2024,AH,history,420,504,65174,64671,65174,src_ah_2024_score_segments
2024,AH,history,419,477,65651,65175,65651,src_ah_2024_score_segments
2024,AH,history,418,518,66169,65652,66169,src_ah_2024_score_segments
2024,AH,history,417,524,66693,66170,66693,src_ah_2024_score_segments
2024,AH,history,416,484,67177,66694,67177,src_ah_2024_score_segments
2024,AH,history,415,479,67656,67178,67656,src_ah_2024_score_segments
2024,AH,history,414,554,68210,67657,68210,src_ah_2024_score_segments
2024,AH,history,413,500,68710,68211,68710,src_ah_2024_score_segments
2024,AH,history,412,507,69217,68711,69217,src_ah_2024_score_segments
2024,AH,history,411,529,69746,69218,69746,src_ah_2024_score_segments
2024,AH,history,410,468,70214,69747,70214,src_ah_2024_score_segments
2024,AH,history,409,537,70751,70215,70751,src_ah_2024_score_segments
2024,AH,history,408,492,71243,70752,71243,src_ah_2024_score_segments
2024,AH,history,407,521,71764,71244,71764,src_ah_2024_score_segments
2024,AH,history,406,474,72238,71765,72238,src_ah_2024_score_segments
2024,AH,history,405,531,72769,72239,72769,src_ah_2024_score_segments
2024,AH,history,404,498,73267,72770,73267,src_ah_2024_score_segments
2024,AH,history,403,508,73775,73268,73775,src_ah_2024_score_segments
2024,AH,history,402,556,74331,73776,74331,src_ah_2024_score_segments
2024,AH,history,401,540,74871,74332,74871,src_ah_2024_score_segments
2024,AH,history,400,523,75394,74872,75394,src_ah_2024_score_segments
2024,AH,history,399,501,75895,75395,75895,src_ah_2024_score_segments
2024,AH,history,398,533,76428,75896,76428,src_ah_2024_score_segments
2024,AH,history,397,542,76970,76429,76970,src_ah_2024_score_segments
2024,AH,history,396,515,77485,76971,77485,src_ah_2024_score_segments
2024,AH,history,395,500,77985,77486,77985,src_ah_2024_score_segments
2024,AH,history,394,531,78516,77986,78516,src_ah_2024_score_segments
2024,AH,history,393,468,78984,78517,78984,src_ah_2024_score_segments
2024,AH,history,392,510,79494,78985,79494,src_ah_2024_score_segments
2024,AH,history,391,517,80011,79495,80011,src_ah_2024_score_segments
2024,AH,history,390,493,80504,80012,80504,src_ah_2024_score_segments
2024,AH,history,389,506,81010,80505,81010,src_ah_2024_score_segments
2024,AH,history,388,507,81517,81011,81517,src_ah_2024_score_segments
2024,AH,history,387,505,82022,81518,82022,src_ah_2024_score_segments
2024,AH,history,386,475,82497,82023,82497,src_ah_2024_score_segments
2024,AH,history,385,503,83000,82498,83000,src_ah_2024_score_segments
2024,AH,history,384,521,83521,83001,83521,src_ah_2024_score_segments
2024,AH,history,383,484,84005,83522,84005,src_ah_2024_score_segments
2024,AH,history,382,530,84535,84006,84535,src_ah_2024_score_segments
2024,AH,history,381,466,85001,84536,85001,src_ah_2024_score_segments
2024,AH,history,380,465,85466,85002,85466,src_ah_2024_score_segments
2024,AH,history,379,480,85946,85467,85946,src_ah_2024_score_segments
2024,AH,history,378,472,86418,85947,86418,src_ah_2024_score_segments
2024,AH,history,377,488,86906,86419,86906,src_ah_2024_score_segments
2024,AH,history,376,508,87414,86907,87414,src_ah_2024_score_segments
2024,AH,history,375,496,87910,87415,87910,src_ah_2024_score_segments
2024,AH,history,374,485,88395,87911,88395,src_ah_2024_score_segments
2024,AH,history,373,464,88859,88396,88859,src_ah_2024_score_segments
2024,AH,history,372,437,89296,88860,89296,src_ah_2024_score_segments
2024,AH,history,371,489,89785,89297,89785,src_ah_2024_score_segments
2024,AH,history,370,475,90260,89786,90260,src_ah_2024_score_segments
2024,AH,history,369,440,90700,90261,90700,src_ah_2024_score_segments
2024,AH,history,368,468,91168,90701,91168,src_ah_2024_score_segments
2024,AH,history,367,451,91619,91169,91619,src_ah_2024_score_segments
2024,AH,history,366,465,92084,91620,92084,src_ah_2024_score_segments
2024,AH,history,365,457,92541,92085,92541,src_ah_2024_score_segments
2024,AH,history,364,482,93023,92542,93023,src_ah_2024_score_segments
2024,AH,history,363,451,93474,93024,93474,src_ah_2024_score_segments
2024,AH,history,362,453,93927,93475,93927,src_ah_2024_score_segments
2024,AH,history,361,451,94378,93928,94378,src_ah_2024_score_segments
2024,AH,history,360,428,94806,94379,94806,src_ah_2024_score_segments
2024,AH,history,359,475,95281,94807,95281,src_ah_2024_score_segments
2024,AH,history,358,452,95733,95282,95733,src_ah_2024_score_segments
2024,AH,history,357,472,96205,95734,96205,src_ah_2024_score_segments
2024,AH,history,356,411,96616,96206,96616,src_ah_2024_score_segments
2024,AH,history,355,409,97025,96617,97025,src_ah_2024_score_segments
2024,AH,history,354,409,97434,97026,97434,src_ah_2024_score_segments
2024,AH,history,353,418,97852,97435,97852,src_ah_2024_score_segments
2024,AH,history,352,423,98275,97853,98275,src_ah_2024_score_segments
2024,AH,history,351,425,98700,98276,98700,src_ah_2024_score_segments
2024,AH,history,350,435,99135,98701,99135,src_ah_2024_score_segments
2024,AH,history,349,422,99557,99136,99557,src_ah_2024_score_segments
2024,AH,history,348,383,99940,99558,99940,src_ah_2024_score_segments
2024,AH,history,347,447,100387,99941,100387,src_ah_2024_score_segments
2024,AH,history,346,387,100774,100388,100774,src_ah_2024_score_segments
2024,AH,history,345,376,101150,100775,101150,src_ah_2024_score_segments
2024,AH,history,344,394,101544,101151,101544,src_ah_2024_score_segments
2024,AH,history,343,368,101912,101545,101912,src_ah_2024_score_segments
2024,AH,history,342,385,102297,101913,102297,src_ah_2024_score_segments
2024,AH,history,341,376,102673,102298,102673,src_ah_2024_score_segments
2024,AH,history,340,373,103046,102674,103046,src_ah_2024_score_segments
2024,AH,history,339,391,103437,103047,103437,src_ah_2024_score_segments
2024,AH,history,338,402,103839,103438,103839,src_ah_2024_score_segments
2024,AH,history,337,335,104174,103840,104174,src_ah_2024_score_segments
2024,AH,history,336,394,104568,104175,104568,src_ah_2024_score_segments
2024,AH,history,335,324,104892,104569,104892,src_ah_2024_score_segments
2024,AH,history,334,360,105252,104893,105252,src_ah_2024_score_segments
2024,AH,history,333,351,105603,105253,105603,src_ah_2024_score_segments
2024,AH,history,332,375,105978,105604,105978,src_ah_2024_score_segments
2024,AH,history,331,321,106299,105979,106299,src_ah_2024_score_segments
2024,AH,history,330,364,106663,106300,106663,src_ah_2024_score_segments
2024,AH,history,329,344,107007,106664,107007,src_ah_2024_score_segments
2024,AH,history,328,328,107335,107008,107335,src_ah_2024_score_segments
2024,AH,history,327,377,107712,107336,107712,src_ah_2024_score_segments
2024,AH,history,326,306,108018,107713,108018,src_ah_2024_score_segments
2024,AH,history,325,315,108333,108019,108333,src_ah_2024_score_segments
2024,AH,history,324,331,108664,108334,108664,src_ah_2024_score_segments
2024,AH,history,323,329,108993,108665,108993,src_ah_2024_score_segments
2024,AH,history,322,348,109341,108994,109341,src_ah_2024_score_segments
2024,AH,history,321,303,109644,109342,109644,src_ah_2024_score_segments
2024,AH,history,320,349,109993,109645,109993,src_ah_2024_score_segments
2024,AH,history,319,276,110269,109994,110269,src_ah_2024_score_segments
2024,AH,history,318,309,110578,110270,110578,src_ah_2024_score_segments
2024,AH,history,317,297,110875,110579,110875,src_ah_2024_score_segments
2024,AH,history,316,323,111198,110876,111198,src_ah_2024_score_segments
2024,AH,history,315,317,111515,111199,111515,src_ah_2024_score_segments
2024,AH,history,314,307,111822,111516,111822,src_ah_2024_score_segments
2024,AH,history,313,295,112117,111823,112117,src_ah_2024_score_segments
2024,AH,history,312,289,112406,112118,112406,src_ah_2024_score_segments
2024,AH,history,311,267,112673,112407,112673,src_ah_2024_score_segments
2024,AH,history,310,281,112954,112674,112954,src_ah_2024_score_segments
2024,AH,history,309,250,113204,112955,113204,src_ah_2024_score_segments
2024,AH,history,308,272,113476,113205,113476,src_ah_2024_score_segments
2024,AH,history,307,294,113770,113477,113770,src_ah_2024_score_segments
2024,AH,history,306,291,114061,113771,114061,src_ah_2024_score_segments
2024,AH,history,305,285,114346,114062,114346,src_ah_2024_score_segments
2024,AH,history,304,273,114619,114347,114619,src_ah_2024_score_segments
2024,AH,history,303,268,114887,114620,114887,src_ah_2024_score_segments
2024,AH,history,302,273,115160,114888,115160,src_ah_2024_score_segments
2024,AH,history,301,269,115429,115161,115429,src_ah_2024_score_segments
2024,AH,history,300,243,115672,115430,115672,src_ah_2024_score_segments
2024,AH,history,299,285,115957,115673,115957,src_ah_2024_score_segments
2024,AH,history,298,267,116224,115958,116224,src_ah_2024_score_segments
2024,AH,history,297,281,116505,116225,116505,src_ah_2024_score_segments
2024,AH,history,296,271,116776,116506,116776,src_ah_2024_score_segments
2024,AH,history,295,259,117035,116777,117035,src_ah_2024_score_segments
2024,AH,history,294,308,117343,117036,117343,src_ah_2024_score_segments
2024,AH,history,293,268,117611,117344,117611,src_ah_2024_score_segments
2024,AH,history,292,269,117880,117612,117880,src_ah_2024_score_segments
2024,AH,history,291,259,118139,117881,118139,src_ah_2024_score_segments
2024,AH,history,290,254,118393,118140,118393,src_ah_2024_score_segments
2024,AH,history,289,263,118656,118394,118656,src_ah_2024_score_segments
2024,AH,history,288,249,118905,118657,118905,src_ah_2024_score_segments
2024,AH,history,287,252,119157,118906,119157,src_ah_2024_score_segments
2024,AH,history,286,236,119393,119158,119393,src_ah_2024_score_segments
2024,AH,history,285,273,119666,119394,119666,src_ah_2024_score_segments
2024,AH,history,284,252,119918,119667,119918,src_ah_2024_score_segments
2024,AH,history,283,265,120183,119919,120183,src_ah_2024_score_segments
2024,AH,history,282,268,120451,120184,120451,src_ah_2024_score_segments
2024,AH,history,281,224,120675,120452,120675,src_ah_2024_score_segments
2024,AH,history,280,255,120930,120676,120930,src_ah_2024_score_segments
2024,AH,history,279,232,121162,120931,121162,src_ah_2024_score_segments
2024,AH,history,278,267,121429,121163,121429,src_ah_2024_score_segments
2024,AH,history,277,272,121701,121430,121701,src_ah_2024_score_segments
2024,AH,history,276,261,121962,121702,121962,src_ah_2024_score_segments
2024,AH,history,275,217,122179,121963,122179,src_ah_2024_score_segments
2024,AH,history,274,252,122431,122180,122431,src_ah_2024_score_segments
2024,AH,history,273,263,122694,122432,122694,src_ah_2024_score_segments
2024,AH,history,272,261,122955,122695,122955,src_ah_2024_score_segments
2024,AH,history,271,264,123219,122956,123219,src_ah_2024_score_segments
2024,AH,history,270,269,123488,123220,123488,src_ah_2024_score_segments
2024,AH,history,269,254,123742,123489,123742,src_ah_2024_score_segments
2024,AH,history,268,230,123972,123743,123972,src_ah_2024_score_segments
2024,AH,history,267,237,124209,123973,124209,src_ah_2024_score_segments
2024,AH,history,266,248,124457,124210,124457,src_ah_2024_score_segments
2024,AH,history,265,243,124700,124458,124700,src_ah_2024_score_segments
2024,AH,history,264,245,124945,124701,124945,src_ah_2024_score_segments
2024,AH,history,263,248,125193,124946,125193,src_ah_2024_score_segments
2024,AH,history,262,234,125427,125194,125427,src_ah_2024_score_segments
2024,AH,history,261,245,125672,125428,125672,src_ah_2024_score_segments
2024,AH,history,260,238,125910,125673,125910,src_ah_2024_score_segments
2024,AH,history,259,224,126134,125911,126134,src_ah_2024_score_segments
2024,AH,history,258,231,126365,126135,126365,src_ah_2024_score_segments
2024,AH,history,257,216,126581,126366,126581,src_ah_2024_score_segments
2024,AH,history,256,262,126843,126582,126843,src_ah_2024_score_segments
2024,AH,history,255,223,127066,126844,127066,src_ah_2024_score_segments
2024,AH,history,254,250,127316,127067,127316,src_ah_2024_score_segments
2024,AH,history,253,195,127511,127317,127511,src_ah_2024_score_segments
2024,AH,history,252,205,127716,127512,127716,src_ah_2024_score_segments
2024,AH,history,251,240,127956,127717,127956,src_ah_2024_score_segments
2024,AH,history,250,192,128148,127957,128148,src_ah_2024_score_segments
2024,AH,history,249,213,128361,128149,128361,src_ah_2024_score_segments
2024,AH,history,248,217,128578,128362,128578,src_ah_2024_score_segments
2024,AH,history,247,183,128761,128579,128761,src_ah_2024_score_segments
2024,AH,history,246,237,128998,128762,128998,src_ah_2024_score_segments
2024,AH,history,245,223,129221,128999,129221,src_ah_2024_score_segments
2024,AH,history,244,199,129420,129222,129420,src_ah_2024_score_segments
2024,AH,history,243,208,129628,129421,129628,src_ah_2024_score_segments
2024,AH,history,242,189,129817,129629,129817,src_ah_2024_score_segments
2024,AH,history,241,206,130023,129818,130023,src_ah_2024_score_segments
2024,AH,history,240,175,130198,130024,130198,src_ah_2024_score_segments
2024,AH,history,239,182,130380,130199,130380,src_ah_2024_score_segments
2024,AH,history,238,191,130571,130381,130571,src_ah_2024_score_segments
2024,AH,history,237,174,130745,130572,130745,src_ah_2024_score_segments
2024,AH,history,236,188,130933,130746,130933,src_ah_2024_score_segments
2024,AH,history,235,164,131097,130934,131097,src_ah_2024_score_segments
2024,AH,history,234,178,131275,131098,131275,src_ah_2024_score_segments
2024,AH,history,233,162,131437,131276,131437,src_ah_2024_score_segments
2024,AH,history,232,172,131609,131438,131609,src_ah_2024_score_segments
2024,AH,history,231,149,131758,131610,131758,src_ah_2024_score_segments
2024,AH,history,230,156,131914,131759,131914,src_ah_2024_score_segments
2024,AH,history,229,155,132069,131915,132069,src_ah_2024_score_segments
2024,AH,history,228,147,132216,132070,132216,src_ah_2024_score_segments
2024,AH,history,227,154,132370,132217,132370,src_ah_2024_score_segments
2024,AH,history,226,157,132527,132371,132527,src_ah_2024_score_segments
2024,AH,history,225,153,132680,132528,132680,src_ah_2024_score_segments
2024,AH,history,224,123,132803,132681,132803,src_ah_2024_score_segments
2024,AH,history,223,127,132930,132804,132930,src_ah_2024_score_segments
2024,AH,history,222,118,133048,132931,133048,src_ah_2024_score_segments
2024,AH,history,221,119,133167,133049,133167,src_ah_2024_score_segments
2024,AH,history,220,116,133283,133168,133283,src_ah_2024_score_segments
2024,AH,history,219,136,133419,133284,133419,src_ah_2024_score_segments
2024,AH,history,218,112,133531,133420,133531,src_ah_2024_score_segments
2024,AH,history,217,136,133667,133532,133667,src_ah_2024_score_segments
2024,AH,history,216,118,133785,133668,133785,src_ah_2024_score_segments
2024,AH,history,215,119,133904,133786,133904,src_ah_2024_score_segments
2024,AH,history,214,139,134043,133905,134043,src_ah_2024_score_segments
2024,AH,history,213,108,134151,134044,134151,src_ah_2024_score_segments
2024,AH,history,212,84,134235,134152,134235,src_ah_2024_score_segments
2024,AH,history,211,94,134329,134236,134329,src_ah_2024_score_segments
2024,AH,history,210,86,134415,134330,134415,src_ah_2024_score_segments
2024,AH,history,209,84,134499,134416,134499,src_ah_2024_score_segments
2024,AH,history,208,81,134580,134500,134580,src_ah_2024_score_segments
2024,AH,history,207,84,134664,134581,134664,src_ah_2024_score_segments
2024,AH,history,206,89,134753,134665,134753,src_ah_2024_score_segments
2024,AH,history,205,88,134841,134754,134841,src_ah_2024_score_segments
2024,AH,history,204,79,134920,134842,134920,src_ah_2024_score_segments
2024,AH,history,203,85,135005,134921,135005,src_ah_2024_score_segments
2024,AH,history,202,87,135092,135006,135092,src_ah_2024_score_segments
2024,AH,history,201,76,135168,135093,135168,src_ah_2024_score_segments
2024,AH,history,200,69,135237,135169,135237,src_ah_2024_score_segments
2024,AH,physics,699,36,36,1,36,src_ah_2024_score_segments
2024,AH,physics,698,12,48,37,48,src_ah_2024_score_segments
2024,AH,physics,697,10,58,49,58,src_ah_2024_score_segments
2024,AH,physics,696,12,70,59,70,src_ah_2024_score_segments
2024,AH,physics,695,16,86,71,86,src_ah_2024_score_segments
2024,AH,physics,694,12,98,87,98,src_ah_2024_score_segments
2024,AH,physics,693,20,118,99,118,src_ah_2024_score_segments
2024,AH,physics,692,19,137,119,137,src_ah_2024_score_segments
2024,AH,physics,691,20,157,138,157,src_ah_2024_score_segments
2024,AH,physics,690,29,186,158,186,src_ah_2024_score_segments
2024,AH,physics,689,35,221,187,221,src_ah_2024_score_segments
2024,AH,physics,688,31,252,222,252,src_ah_2024_score_segments
2024,AH,physics,687,36,288,253,288,src_ah_2024_score_segments
2024,AH,physics,686,41,329,289,329,src_ah_2024_score_segments
2024,AH,physics,685,39,368,330,368,src_ah_2024_score_segments
2024,AH,physics,684,41,409,369,409,src_ah_2024_score_segments
2024,AH,physics,683,41,450,410,450,src_ah_2024_score_segments
2024,AH,physics,682,46,496,451,496,src_ah_2024_score_segments
2024,AH,physics,681,44,540,497,540,src_ah_2024_score_segments
2024,AH,physics,680,61,601,541,601,src_ah_2024_score_segments
2024,AH,physics,679,49,650,602,650,src_ah_2024_score_segments
2024,AH,physics,678,75,725,651,725,src_ah_2024_score_segments
2024,AH,physics,677,67,792,726,792,src_ah_2024_score_segments
2024,AH,physics,676,82,874,793,874,src_ah_2024_score_segments
2024,AH,physics,675,94,968,875,968,src_ah_2024_score_segments
2024,AH,physics,674,89,1057,969,1057,src_ah_2024_score_segments
2024,AH,physics,673,95,1152,1058,1152,src_ah_2024_score_segments
2024,AH,physics,672,97,1249,1153,1249,src_ah_2024_score_segments
2024,AH,physics,671,100,1349,1250,1349,src_ah_2024_score_segments
2024,AH,physics,670,105,1454,1350,1454,src_ah_2024_score_segments
2024,AH,physics,669,110,1564,1455,1564,src_ah_2024_score_segments
2024,AH,physics,668,140,1704,1565,1704,src_ah_2024_score_segments
2024,AH,physics,667,117,1821,1705,1821,src_ah_2024_score_segments
2024,AH,physics,666,120,1941,1822,1941,src_ah_2024_score_segments
2024,AH,physics,665,136,2077,1942,2077,src_ah_2024_score_segments
2024,AH,physics,664,139,2216,2078,2216,src_ah_2024_score_segments
2024,AH,physics,663,155,2371,2217,2371,src_ah_2024_score_segments
2024,AH,physics,662,174,2545,2372,2545,src_ah_2024_score_segments
2024,AH,physics,661,183,2728,2546,2728,src_ah_2024_score_segments
2024,AH,physics,660,196,2924,2729,2924,src_ah_2024_score_segments
2024,AH,physics,659,186,3110,2925,3110,src_ah_2024_score_segments
2024,AH,physics,658,183,3293,3111,3293,src_ah_2024_score_segments
2024,AH,physics,657,174,3467,3294,3467,src_ah_2024_score_segments
2024,AH,physics,656,209,3676,3468,3676,src_ah_2024_score_segments
2024,AH,physics,655,187,3863,3677,3863,src_ah_2024_score_segments
2024,AH,physics,654,220,4083,3864,4083,src_ah_2024_score_segments
2024,AH,physics,653,219,4302,4084,4302,src_ah_2024_score_segments
2024,AH,physics,652,230,4532,4303,4532,src_ah_2024_score_segments
2024,AH,physics,651,218,4750,4533,4750,src_ah_2024_score_segments
2024,AH,physics,650,235,4985,4751,4985,src_ah_2024_score_segments
2024,AH,physics,649,235,5220,4986,5220,src_ah_2024_score_segments
2024,AH,physics,648,250,5470,5221,5470,src_ah_2024_score_segments
2024,AH,physics,647,257,5727,5471,5727,src_ah_2024_score_segments
2024,AH,physics,646,258,5985,5728,5985,src_ah_2024_score_segments
2024,AH,physics,645,286,6271,5986,6271,src_ah_2024_score_segments
2024,AH,physics,644,292,6563,6272,6563,src_ah_2024_score_segments
2024,AH,physics,643,287,6850,6564,6850,src_ah_2024_score_segments
2024,AH,physics,642,295,7145,6851,7145,src_ah_2024_score_segments
2024,AH,physics,641,295,7440,7146,7440,src_ah_2024_score_segments
2024,AH,physics,640,337,7777,7441,7777,src_ah_2024_score_segments
2024,AH,physics,639,305,8082,7778,8082,src_ah_2024_score_segments
2024,AH,physics,638,332,8414,8083,8414,src_ah_2024_score_segments
2024,AH,physics,637,346,8760,8415,8760,src_ah_2024_score_segments
2024,AH,physics,636,346,9106,8761,9106,src_ah_2024_score_segments
2024,AH,physics,635,354,9460,9107,9460,src_ah_2024_score_segments
2024,AH,physics,634,370,9830,9461,9830,src_ah_2024_score_segments
2024,AH,physics,633,352,10182,9831,10182,src_ah_2024_score_segments
2024,AH,physics,632,381,10563,10183,10563,src_ah_2024_score_segments
2024,AH,physics,631,377,10940,10564,10940,src_ah_2024_score_segments
2024,AH,physics,630,375,11315,10941,11315,src_ah_2024_score_segments
2024,AH,physics,629,379,11694,11316,11694,src_ah_2024_score_segments
2024,AH,physics,628,411,12105,11695,12105,src_ah_2024_score_segments
2024,AH,physics,627,398,12503,12106,12503,src_ah_2024_score_segments
2024,AH,physics,626,428,12931,12504,12931,src_ah_2024_score_segments
2024,AH,physics,625,430,13361,12932,13361,src_ah_2024_score_segments
2024,AH,physics,624,440,13801,13362,13801,src_ah_2024_score_segments
2024,AH,physics,623,436,14237,13802,14237,src_ah_2024_score_segments
2024,AH,physics,622,397,14634,14238,14634,src_ah_2024_score_segments
2024,AH,physics,621,378,15012,14635,15012,src_ah_2024_score_segments
2024,AH,physics,620,431,15443,15013,15443,src_ah_2024_score_segments
2024,AH,physics,619,443,15886,15444,15886,src_ah_2024_score_segments
2024,AH,physics,618,415,16301,15887,16301,src_ah_2024_score_segments
2024,AH,physics,617,468,16769,16302,16769,src_ah_2024_score_segments
2024,AH,physics,616,473,17242,16770,17242,src_ah_2024_score_segments
2024,AH,physics,615,440,17682,17243,17682,src_ah_2024_score_segments
2024,AH,physics,614,500,18182,17683,18182,src_ah_2024_score_segments
2024,AH,physics,613,494,18676,18183,18676,src_ah_2024_score_segments
2024,AH,physics,612,520,19196,18677,19196,src_ah_2024_score_segments
2024,AH,physics,611,513,19709,19197,19709,src_ah_2024_score_segments
2024,AH,physics,610,487,20196,19710,20196,src_ah_2024_score_segments
2024,AH,physics,609,553,20749,20197,20749,src_ah_2024_score_segments
2024,AH,physics,608,528,21277,20750,21277,src_ah_2024_score_segments
2024,AH,physics,607,535,21812,21278,21812,src_ah_2024_score_segments
2024,AH,physics,606,575,22387,21813,22387,src_ah_2024_score_segments
2024,AH,physics,605,579,22966,22388,22966,src_ah_2024_score_segments
2024,AH,physics,604,584,23550,22967,23550,src_ah_2024_score_segments
2024,AH,physics,603,613,24163,23551,24163,src_ah_2024_score_segments
2024,AH,physics,602,554,24717,24164,24717,src_ah_2024_score_segments
2024,AH,physics,601,542,25259,24718,25259,src_ah_2024_score_segments
2024,AH,physics,600,559,25818,25260,25818,src_ah_2024_score_segments
2024,AH,physics,599,562,26380,25819,26380,src_ah_2024_score_segments
2024,AH,physics,598,603,26983,26381,26983,src_ah_2024_score_segments
2024,AH,physics,597,594,27577,26984,27577,src_ah_2024_score_segments
2024,AH,physics,596,610,28187,27578,28187,src_ah_2024_score_segments
2024,AH,physics,595,606,28793,28188,28793,src_ah_2024_score_segments
2024,AH,physics,594,607,29400,28794,29400,src_ah_2024_score_segments
2024,AH,physics,593,632,30032,29401,30032,src_ah_2024_score_segments
2024,AH,physics,592,658,30690,30033,30690,src_ah_2024_score_segments
2024,AH,physics,591,669,31359,30691,31359,src_ah_2024_score_segments
2024,AH,physics,590,651,32010,31360,32010,src_ah_2024_score_segments
2024,AH,physics,589,671,32681,32011,32681,src_ah_2024_score_segments
2024,AH,physics,588,668,33349,32682,33349,src_ah_2024_score_segments
2024,AH,physics,587,685,34034,33350,34034,src_ah_2024_score_segments
2024,AH,physics,586,662,34696,34035,34696,src_ah_2024_score_segments
2024,AH,physics,585,679,35375,34697,35375,src_ah_2024_score_segments
2024,AH,physics,584,666,36041,35376,36041,src_ah_2024_score_segments
2024,AH,physics,583,694,36735,36042,36735,src_ah_2024_score_segments
2024,AH,physics,582,685,37420,36736,37420,src_ah_2024_score_segments
2024,AH,physics,581,741,38161,37421,38161,src_ah_2024_score_segments
2024,AH,physics,580,697,38858,38162,38858,src_ah_2024_score_segments
2024,AH,physics,579,758,39616,38859,39616,src_ah_2024_score_segments
2024,AH,physics,578,722,40338,39617,40338,src_ah_2024_score_segments
2024,AH,physics,577,755,41093,40339,41093,src_ah_2024_score_segments
2024,AH,physics,576,708,41801,41094,41801,src_ah_2024_score_segments
2024,AH,physics,575,724,42525,41802,42525,src_ah_2024_score_segments
2024,AH,physics,574,777,43302,42526,43302,src_ah_2024_score_segments
2024,AH,physics,573,798,44100,43303,44100,src_ah_2024_score_segments
2024,AH,physics,572,786,44886,44101,44886,src_ah_2024_score_segments
2024,AH,physics,571,798,45684,44887,45684,src_ah_2024_score_segments
2024,AH,physics,570,851,46535,45685,46535,src_ah_2024_score_segments
2024,AH,physics,569,788,47323,46536,47323,src_ah_2024_score_segments
2024,AH,physics,568,860,48183,47324,48183,src_ah_2024_score_segments
2024,AH,physics,567,882,49065,48184,49065,src_ah_2024_score_segments
2024,AH,physics,566,845,49910,49066,49910,src_ah_2024_score_segments
2024,AH,physics,565,900,50810,49911,50810,src_ah_2024_score_segments
2024,AH,physics,564,834,51644,50811,51644,src_ah_2024_score_segments
2024,AH,physics,563,862,52506,51645,52506,src_ah_2024_score_segments
2024,AH,physics,562,864,53370,52507,53370,src_ah_2024_score_segments
2024,AH,physics,561,944,54314,53371,54314,src_ah_2024_score_segments
2024,AH,physics,560,913,55227,54315,55227,src_ah_2024_score_segments
2024,AH,physics,559,890,56117,55228,56117,src_ah_2024_score_segments
2024,AH,physics,558,903,57020,56118,57020,src_ah_2024_score_segments
2024,AH,physics,557,938,57958,57021,57958,src_ah_2024_score_segments
2024,AH,physics,556,964,58922,57959,58922,src_ah_2024_score_segments
2024,AH,physics,555,931,59853,58923,59853,src_ah_2024_score_segments
2024,AH,physics,554,1037,60890,59854,60890,src_ah_2024_score_segments
2024,AH,physics,553,992,61882,60891,61882,src_ah_2024_score_segments
2024,AH,physics,552,960,62842,61883,62842,src_ah_2024_score_segments
2024,AH,physics,551,984,63826,62843,63826,src_ah_2024_score_segments
2024,AH,physics,550,992,64818,63827,64818,src_ah_2024_score_segments
2024,AH,physics,549,1045,65863,64819,65863,src_ah_2024_score_segments
2024,AH,physics,548,1060,66923,65864,66923,src_ah_2024_score_segments
2024,AH,physics,547,975,67898,66924,67898,src_ah_2024_score_segments
2024,AH,physics,546,1040,68938,67899,68938,src_ah_2024_score_segments
2024,AH,physics,545,1044,69982,68939,69982,src_ah_2024_score_segments
2024,AH,physics,544,1103,71085,69983,71085,src_ah_2024_score_segments
2024,AH,physics,543,1109,72194,71086,72194,src_ah_2024_score_segments
2024,AH,physics,542,1104,73298,72195,73298,src_ah_2024_score_segments
2024,AH,physics,541,1092,74390,73299,74390,src_ah_2024_score_segments
2024,AH,physics,540,1108,75498,74391,75498,src_ah_2024_score_segments
2024,AH,physics,539,1099,76597,75499,76597,src_ah_2024_score_segments
2024,AH,physics,538,1117,77714,76598,77714,src_ah_2024_score_segments
2024,AH,physics,537,1113,78827,77715,78827,src_ah_2024_score_segments
2024,AH,physics,536,1097,79924,78828,79924,src_ah_2024_score_segments
2024,AH,physics,535,1177,81101,79925,81101,src_ah_2024_score_segments
2024,AH,physics,534,1160,82261,81102,82261,src_ah_2024_score_segments
2024,AH,physics,533,1176,83437,82262,83437,src_ah_2024_score_segments
2024,AH,physics,532,1159,84596,83438,84596,src_ah_2024_score_segments
2024,AH,physics,531,1143,85739,84597,85739,src_ah_2024_score_segments
2024,AH,physics,530,1234,86973,85740,86973,src_ah_2024_score_segments
2024,AH,physics,529,1194,88167,86974,88167,src_ah_2024_score_segments
2024,AH,physics,528,1258,89425,88168,89425,src_ah_2024_score_segments
2024,AH,physics,527,1231,90656,89426,90656,src_ah_2024_score_segments
2024,AH,physics,526,1260,91916,90657,91916,src_ah_2024_score_segments
2024,AH,physics,525,1239,93155,91917,93155,src_ah_2024_score_segments
2024,AH,physics,524,1256,94411,93156,94411,src_ah_2024_score_segments
2024,AH,physics,523,1248,95659,94412,95659,src_ah_2024_score_segments
2024,AH,physics,522,1278,96937,95660,96937,src_ah_2024_score_segments
2024,AH,physics,521,1250,98187,96938,98187,src_ah_2024_score_segments
2024,AH,physics,520,1335,99522,98188,99522,src_ah_2024_score_segments
2024,AH,physics,519,1303,100825,99523,100825,src_ah_2024_score_segments
2024,AH,physics,518,1305,102130,100826,102130,src_ah_2024_score_segments
2024,AH,physics,517,1393,103523,102131,103523,src_ah_2024_score_segments
2024,AH,physics,516,1331,104854,103524,104854,src_ah_2024_score_segments
2024,AH,physics,515,1253,106107,104855,106107,src_ah_2024_score_segments
2024,AH,physics,514,1350,107457,106108,107457,src_ah_2024_score_segments
2024,AH,physics,513,1361,108818,107458,108818,src_ah_2024_score_segments
2024,AH,physics,512,1375,110193,108819,110193,src_ah_2024_score_segments
2024,AH,physics,511,1297,111490,110194,111490,src_ah_2024_score_segments
2024,AH,physics,510,1386,112876,111491,112876,src_ah_2024_score_segments
2024,AH,physics,509,1339,114215,112877,114215,src_ah_2024_score_segments
2024,AH,physics,508,1369,115584,114216,115584,src_ah_2024_score_segments
2024,AH,physics,507,1357,116941,115585,116941,src_ah_2024_score_segments
2024,AH,physics,506,1343,118284,116942,118284,src_ah_2024_score_segments
2024,AH,physics,505,1457,119741,118285,119741,src_ah_2024_score_segments
2024,AH,physics,504,1383,121124,119742,121124,src_ah_2024_score_segments
2024,AH,physics,503,1428,122552,121125,122552,src_ah_2024_score_segments
2024,AH,physics,502,1409,123961,122553,123961,src_ah_2024_score_segments
2024,AH,physics,501,1356,125317,123962,125317,src_ah_2024_score_segments
2024,AH,physics,500,1417,126734,125318,126734,src_ah_2024_score_segments
2024,AH,physics,499,1464,128198,126735,128198,src_ah_2024_score_segments
2024,AH,physics,498,1412,129610,128199,129610,src_ah_2024_score_segments
2024,AH,physics,497,1412,131022,129611,131022,src_ah_2024_score_segments
2024,AH,physics,496,1447,132469,131023,132469,src_ah_2024_score_segments
2024,AH,physics,495,1456,133925,132470,133925,src_ah_2024_score_segments
2024,AH,physics,494,1417,135342,133926,135342,src_ah_2024_score_segments
2024,AH,physics,493,1428,136770,135343,136770,src_ah_2024_score_segments
2024,AH,physics,492,1428,138198,136771,138198,src_ah_2024_score_segments
2024,AH,physics,491,1367,139565,138199,139565,src_ah_2024_score_segments
2024,AH,physics,490,1485,141050,139566,141050,src_ah_2024_score_segments
2024,AH,physics,489,1440,142490,141051,142490,src_ah_2024_score_segments
2024,AH,physics,488,1443,143933,142491,143933,src_ah_2024_score_segments
2024,AH,physics,487,1397,145330,143934,145330,src_ah_2024_score_segments
2024,AH,physics,486,1459,146789,145331,146789,src_ah_2024_score_segments
2024,AH,physics,485,1393,148182,146790,148182,src_ah_2024_score_segments
2024,AH,physics,484,1431,149613,148183,149613,src_ah_2024_score_segments
2024,AH,physics,483,1387,151000,149614,151000,src_ah_2024_score_segments
2024,AH,physics,482,1465,152465,151001,152465,src_ah_2024_score_segments
2024,AH,physics,481,1479,153944,152466,153944,src_ah_2024_score_segments
2024,AH,physics,480,1366,155310,153945,155310,src_ah_2024_score_segments
2024,AH,physics,479,1439,156749,155311,156749,src_ah_2024_score_segments
2024,AH,physics,478,1400,158149,156750,158149,src_ah_2024_score_segments
2024,AH,physics,477,1468,159617,158150,159617,src_ah_2024_score_segments
2024,AH,physics,476,1351,160968,159618,160968,src_ah_2024_score_segments
2024,AH,physics,475,1410,162378,160969,162378,src_ah_2024_score_segments
2024,AH,physics,474,1415,163793,162379,163793,src_ah_2024_score_segments
2024,AH,physics,473,1391,165184,163794,165184,src_ah_2024_score_segments
2024,AH,physics,472,1413,166597,165185,166597,src_ah_2024_score_segments
2024,AH,physics,471,1336,167933,166598,167933,src_ah_2024_score_segments
2024,AH,physics,470,1434,169367,167934,169367,src_ah_2024_score_segments
2024,AH,physics,469,1355,170722,169368,170722,src_ah_2024_score_segments
2024,AH,physics,468,1305,172027,170723,172027,src_ah_2024_score_segments
2024,AH,physics,467,1394,173421,172028,173421,src_ah_2024_score_segments
2024,AH,physics,466,1363,174784,173422,174784,src_ah_2024_score_segments
2024,AH,physics,465,1373,176157,174785,176157,src_ah_2024_score_segments
2024,AH,physics,464,1249,177406,176158,177406,src_ah_2024_score_segments
2024,AH,physics,463,1305,178711,177407,178711,src_ah_2024_score_segments
2024,AH,physics,462,1319,180030,178712,180030,src_ah_2024_score_segments
2024,AH,physics,461,1297,181327,180031,181327,src_ah_2024_score_segments
2024,AH,physics,460,1312,182639,181328,182639,src_ah_2024_score_segments
2024,AH,physics,459,1306,183945,182640,183945,src_ah_2024_score_segments
2024,AH,physics,458,1306,185251,183946,185251,src_ah_2024_score_segments
2024,AH,physics,457,1220,186471,185252,186471,src_ah_2024_score_segments
2024,AH,physics,456,1283,187754,186472,187754,src_ah_2024_score_segments
2024,AH,physics,455,1221,188975,187755,188975,src_ah_2024_score_segments
2024,AH,physics,454,1232,190207,188976,190207,src_ah_2024_score_segments
2024,AH,physics,453,1266,191473,190208,191473,src_ah_2024_score_segments
2024,AH,physics,452,1211,192684,191474,192684,src_ah_2024_score_segments
2024,AH,physics,451,1179,193863,192685,193863,src_ah_2024_score_segments
2024,AH,physics,450,1194,195057,193864,195057,src_ah_2024_score_segments
2024,AH,physics,449,1189,196246,195058,196246,src_ah_2024_score_segments
2024,AH,physics,448,1188,197434,196247,197434,src_ah_2024_score_segments
2024,AH,physics,447,1194,198628,197435,198628,src_ah_2024_score_segments
2024,AH,physics,446,1202,199830,198629,199830,src_ah_2024_score_segments
2024,AH,physics,445,1195,201025,199831,201025,src_ah_2024_score_segments
2024,AH,physics,444,1174,202199,201026,202199,src_ah_2024_score_segments
2024,AH,physics,443,1181,203380,202200,203380,src_ah_2024_score_segments
2024,AH,physics,442,1122,204502,203381,204502,src_ah_2024_score_segments
2024,AH,physics,441,1173,205675,204503,205675,src_ah_2024_score_segments
2024,AH,physics,440,1242,206917,205676,206917,src_ah_2024_score_segments
2024,AH,physics,439,1131,208048,206918,208048,src_ah_2024_score_segments
2024,AH,physics,438,1132,209180,208049,209180,src_ah_2024_score_segments
2024,AH,physics,437,1158,210338,209181,210338,src_ah_2024_score_segments
2024,AH,physics,436,1098,211436,210339,211436,src_ah_2024_score_segments
2024,AH,physics,435,1180,212616,211437,212616,src_ah_2024_score_segments
2024,AH,physics,434,1097,213713,212617,213713,src_ah_2024_score_segments
2024,AH,physics,433,1060,214773,213714,214773,src_ah_2024_score_segments
2024,AH,physics,432,1118,215891,214774,215891,src_ah_2024_score_segments
2024,AH,physics,431,1106,216997,215892,216997,src_ah_2024_score_segments
2024,AH,physics,430,1075,218072,216998,218072,src_ah_2024_score_segments
2024,AH,physics,429,1022,219094,218073,219094,src_ah_2024_score_segments
2024,AH,physics,428,1035,220129,219095,220129,src_ah_2024_score_segments
2024,AH,physics,427,1046,221175,220130,221175,src_ah_2024_score_segments
2024,AH,physics,426,1035,222210,221176,222210,src_ah_2024_score_segments
2024,AH,physics,425,965,223175,222211,223175,src_ah_2024_score_segments
2024,AH,physics,424,1023,224198,223176,224198,src_ah_2024_score_segments
2024,AH,physics,423,1043,225241,224199,225241,src_ah_2024_score_segments
2024,AH,physics,422,982,226223,225242,226223,src_ah_2024_score_segments
2024,AH,physics,421,1038,227261,226224,227261,src_ah_2024_score_segments
2024,AH,physics,420,1000,228261,227262,228261,src_ah_2024_score_segments
2024,AH,physics,419,964,229225,228262,229225,src_ah_2024_score_segments
2024,AH,physics,418,989,230214,229226,230214,src_ah_2024_score_segments
2024,AH,physics,417,1043,231257,230215,231257,src_ah_2024_score_segments
2024,AH,physics,416,959,232216,231258,232216,src_ah_2024_score_segments
2024,AH,physics,415,934,233150,232217,233150,src_ah_2024_score_segments
2024,AH,physics,414,952,234102,233151,234102,src_ah_2024_score_segments
2024,AH,physics,413,895,234997,234103,234997,src_ah_2024_score_segments
2024,AH,physics,412,954,235951,234998,235951,src_ah_2024_score_segments
2024,AH,physics,411,922,236873,235952,236873,src_ah_2024_score_segments
2024,AH,physics,410,858,237731,236874,237731,src_ah_2024_score_segments
2024,AH,physics,409,901,238632,237732,238632,src_ah_2024_score_segments
2024,AH,physics,408,895,239527,238633,239527,src_ah_2024_score_segments
2024,AH,physics,407,881,240408,239528,240408,src_ah_2024_score_segments
2024,AH,physics,406,901,241309,240409,241309,src_ah_2024_score_segments
2024,AH,physics,405,878,242187,241310,242187,src_ah_2024_score_segments
2024,AH,physics,404,852,243039,242188,243039,src_ah_2024_score_segments
2024,AH,physics,403,893,243932,243040,243932,src_ah_2024_score_segments
2024,AH,physics,402,815,244747,243933,244747,src_ah_2024_score_segments
2024,AH,physics,401,836,245583,244748,245583,src_ah_2024_score_segments
2024,AH,physics,400,892,246475,245584,246475,src_ah_2024_score_segments
2024,AH,physics,399,831,247306,246476,247306,src_ah_2024_score_segments
2024,AH,physics,398,801,248107,247307,248107,src_ah_2024_score_segments
2024,AH,physics,397,781,248888,248108,248888,src_ah_2024_score_segments
2024,AH,physics,396,773,249661,248889,249661,src_ah_2024_score_segments
2024,AH,physics,395,788,250449,249662,250449,src_ah_2024_score_segments
2024,AH,physics,394,784,251233,250450,251233,src_ah_2024_score_segments
2024,AH,physics,393,760,251993,251234,251993,src_ah_2024_score_segments
2024,AH,physics,392,714,252707,251994,252707,src_ah_2024_score_segments
2024,AH,physics,391,744,253451,252708,253451,src_ah_2024_score_segments
2024,AH,physics,390,758,254209,253452,254209,src_ah_2024_score_segments
2024,AH,physics,389,751,254960,254210,254960,src_ah_2024_score_segments
2024,AH,physics,388,729,255689,254961,255689,src_ah_2024_score_segments
2024,AH,physics,387,723,256412,255690,256412,src_ah_2024_score_segments
2024,AH,physics,386,776,257188,256413,257188,src_ah_2024_score_segments
2024,AH,physics,385,729,257917,257189,257917,src_ah_2024_score_segments
2024,AH,physics,384,710,258627,257918,258627,src_ah_2024_score_segments
2024,AH,physics,383,719,259346,258628,259346,src_ah_2024_score_segments
2024,AH,physics,382,673,260019,259347,260019,src_ah_2024_score_segments
2024,AH,physics,381,778,260797,260020,260797,src_ah_2024_score_segments
2024,AH,physics,380,710,261507,260798,261507,src_ah_2024_score_segments
2024,AH,physics,379,690,262197,261508,262197,src_ah_2024_score_segments
2024,AH,physics,378,700,262897,262198,262897,src_ah_2024_score_segments
2024,AH,physics,377,697,263594,262898,263594,src_ah_2024_score_segments
2024,AH,physics,376,651,264245,263595,264245,src_ah_2024_score_segments
2024,AH,physics,375,666,264911,264246,264911,src_ah_2024_score_segments
2024,AH,physics,374,637,265548,264912,265548,src_ah_2024_score_segments
2024,AH,physics,373,679,266227,265549,266227,src_ah_2024_score_segments
2024,AH,physics,372,699,266926,266228,266926,src_ah_2024_score_segments
2024,AH,physics,371,621,267547,266927,267547,src_ah_2024_score_segments
2024,AH,physics,370,626,268173,267548,268173,src_ah_2024_score_segments
2024,AH,physics,369,612,268785,268174,268785,src_ah_2024_score_segments
2024,AH,physics,368,612,269397,268786,269397,src_ah_2024_score_segments
2024,AH,physics,367,598,269995,269398,269995,src_ah_2024_score_segments
2024,AH,physics,366,576,270571,269996,270571,src_ah_2024_score_segments
2024,AH,physics,365,611,271182,270572,271182,src_ah_2024_score_segments
2024,AH,physics,364,591,271773,271183,271773,src_ah_2024_score_segments
2024,AH,physics,363,561,272334,271774,272334,src_ah_2024_score_segments
2024,AH,physics,362,586,272920,272335,272920,src_ah_2024_score_segments
2024,AH,physics,361,558,273478,272921,273478,src_ah_2024_score_segments
2024,AH,physics,360,590,274068,273479,274068,src_ah_2024_score_segments
2024,AH,physics,359,569,274637,274069,274637,src_ah_2024_score_segments
2024,AH,physics,358,565,275202,274638,275202,src_ah_2024_score_segments
2024,AH,physics,357,544,275746,275203,275746,src_ah_2024_score_segments
2024,AH,physics,356,558,276304,275747,276304,src_ah_2024_score_segments
2024,AH,physics,355,512,276816,276305,276816,src_ah_2024_score_segments
2024,AH,physics,354,534,277350,276817,277350,src_ah_2024_score_segments
2024,AH,physics,353,480,277830,277351,277830,src_ah_2024_score_segments
2024,AH,physics,352,562,278392,277831,278392,src_ah_2024_score_segments
2024,AH,physics,351,470,278862,278393,278862,src_ah_2024_score_segments
2024,AH,physics,350,531,279393,278863,279393,src_ah_2024_score_segments
2024,AH,physics,349,458,279851,279394,279851,src_ah_2024_score_segments
2024,AH,physics,348,507,280358,279852,280358,src_ah_2024_score_segments
2024,AH,physics,347,486,280844,280359,280844,src_ah_2024_score_segments
2024,AH,physics,346,487,281331,280845,281331,src_ah_2024_score_segments
2024,AH,physics,345,507,281838,281332,281838,src_ah_2024_score_segments
2024,AH,physics,344,443,282281,281839,282281,src_ah_2024_score_segments
2024,AH,physics,343,497,282778,282282,282778,src_ah_2024_score_segments
2024,AH,physics,342,459,283237,282779,283237,src_ah_2024_score_segments
2024,AH,physics,341,448,283685,283238,283685,src_ah_2024_score_segments
2024,AH,physics,340,475,284160,283686,284160,src_ah_2024_score_segments
2024,AH,physics,339,455,284615,284161,284615,src_ah_2024_score_segments
2024,AH,physics,338,396,285011,284616,285011,src_ah_2024_score_segments
2024,AH,physics,337,436,285447,285012,285447,src_ah_2024_score_segments
2024,AH,physics,336,450,285897,285448,285897,src_ah_2024_score_segments
2024,AH,physics,335,435,286332,285898,286332,src_ah_2024_score_segments
2024,AH,physics,334,433,286765,286333,286765,src_ah_2024_score_segments
2024,AH,physics,333,408,287173,286766,287173,src_ah_2024_score_segments
2024,AH,physics,332,384,287557,287174,287557,src_ah_2024_score_segments
2024,AH,physics,331,399,287956,287558,287956,src_ah_2024_score_segments
2024,AH,physics,330,427,288383,287957,288383,src_ah_2024_score_segments
2024,AH,physics,329,386,288769,288384,288769,src_ah_2024_score_segments
2024,AH,physics,328,410,289179,288770,289179,src_ah_2024_score_segments
2024,AH,physics,327,346,289525,289180,289525,src_ah_2024_score_segments
2024,AH,physics,326,410,289935,289526,289935,src_ah_2024_score_segments
2024,AH,physics,325,407,290342,289936,290342,src_ah_2024_score_segments
2024,AH,physics,324,405,290747,290343,290747,src_ah_2024_score_segments
2024,AH,physics,323,365,291112,290748,291112,src_ah_2024_score_segments
2024,AH,physics,322,339,291451,291113,291451,src_ah_2024_score_segments
2024,AH,physics,321,348,291799,291452,291799,src_ah_2024_score_segments
2024,AH,physics,320,363,292162,291800,292162,src_ah_2024_score_segments
2024,AH,physics,319,372,292534,292163,292534,src_ah_2024_score_segments
2024,AH,physics,318,352,292886,292535,292886,src_ah_2024_score_segments
2024,AH,physics,317,340,293226,292887,293226,src_ah_2024_score_segments
2024,AH,physics,316,326,293552,293227,293552,src_ah_2024_score_segments
2024,AH,physics,315,359,293911,293553,293911,src_ah_2024_score_segments
2024,AH,physics,314,320,294231,293912,294231,src_ah_2024_score_segments
2024,AH,physics,313,344,294575,294232,294575,src_ah_2024_score_segments
2024,AH,physics,312,337,294912,294576,294912,src_ah_2024_score_segments
2024,AH,physics,311,305,295217,294913,295217,src_ah_2024_score_segments
2024,AH,physics,310,332,295549,295218,295549,src_ah_2024_score_segments
2024,AH,physics,309,291,295840,295550,295840,src_ah_2024_score_segments
2024,AH,physics,308,299,296139,295841,296139,src_ah_2024_score_segments
2024,AH,physics,307,315,296454,296140,296454,src_ah_2024_score_segments
2024,AH,physics,306,340,296794,296455,296794,src_ah_2024_score_segments
2024,AH,physics,305,275,297069,296795,297069,src_ah_2024_score_segments
2024,AH,physics,304,305,297374,297070,297374,src_ah_2024_score_segments
2024,AH,physics,303,277,297651,297375,297651,src_ah_2024_score_segments
2024,AH,physics,302,301,297952,297652,297952,src_ah_2024_score_segments
2024,AH,physics,301,285,298237,297953,298237,src_ah_2024_score_segments
2024,AH,physics,300,276,298513,298238,298513,src_ah_2024_score_segments
2024,AH,physics,299,280,298793,298514,298793,src_ah_2024_score_segments
2024,AH,physics,298,257,299050,298794,299050,src_ah_2024_score_segments
2024,AH,physics,297,290,299340,299051,299340,src_ah_2024_score_segments
2024,AH,physics,296,261,299601,299341,299601,src_ah_2024_score_segments
2024,AH,physics,295,300,299901,299602,299901,src_ah_2024_score_segments
2024,AH,physics,294,245,300146,299902,300146,src_ah_2024_score_segments
2024,AH,physics,293,242,300388,300147,300388,src_ah_2024_score_segments
2024,AH,physics,292,234,300622,300389,300622,src_ah_2024_score_segments
2024,AH,physics,291,291,300913,300623,300913,src_ah_2024_score_segments
2024,AH,physics,290,281,301194,300914,301194,src_ah_2024_score_segments
2024,AH,physics,289,269,301463,301195,301463,src_ah_2024_score_segments
2024,AH,physics,288,264,301727,301464,301727,src_ah_2024_score_segments
2024,AH,physics,287,226,301953,301728,301953,src_ah_2024_score_segments
2024,AH,physics,286,240,302193,301954,302193,src_ah_2024_score_segments
2024,AH,physics,285,238,302431,302194,302431,src_ah_2024_score_segments
2024,AH,physics,284,270,302701,302432,302701,src_ah_2024_score_segments
2024,AH,physics,283,217,302918,302702,302918,src_ah_2024_score_segments
2024,AH,physics,282,225,303143,302919,303143,src_ah_2024_score_segments
2024,AH,physics,281,243,303386,303144,303386,src_ah_2024_score_segments
2024,AH,physics,280,217,303603,303387,303603,src_ah_2024_score_segments
2024,AH,physics,279,182,303785,303604,303785,src_ah_2024_score_segments
2024,AH,physics,278,214,303999,303786,303999,src_ah_2024_score_segments
2024,AH,physics,277,221,304220,304000,304220,src_ah_2024_score_segments
2024,AH,physics,276,209,304429,304221,304429,src_ah_2024_score_segments
2024,AH,physics,275,206,304635,304430,304635,src_ah_2024_score_segments
2024,AH,physics,274,212,304847,304636,304847,src_ah_2024_score_segments
2024,AH,physics,273,182,305029,304848,305029,src_ah_2024_score_segments
2024,AH,physics,272,201,305230,305030,305230,src_ah_2024_score_segments
2024,AH,physics,271,181,305411,305231,305411,src_ah_2024_score_segments
2024,AH,physics,270,176,305587,305412,305587,src_ah_2024_score_segments
2024,AH,physics,269,162,305749,305588,305749,src_ah_2024_score_segments
2024,AH,physics,268,176,305925,305750,305925,src_ah_2024_score_segments
2024,AH,physics,267,183,306108,305926,306108,src_ah_2024_score_segments
2024,AH,physics,266,197,306305,306109,306305,src_ah_2024_score_segments
2024,AH,physics,265,184,306489,306306,306489,src_ah_2024_score_segments
2024,AH,physics,264,196,306685,306490,306685,src_ah_2024_score_segments
2024,AH,physics,263,160,306845,306686,306845,src_ah_2024_score_segments
2024,AH,physics,262,153,306998,306846,306998,src_ah_2024_score_segments
2024,AH,physics,261,163,307161,306999,307161,src_ah_2024_score_segments
2024,AH,physics,260,175,307336,307162,307336,src_ah_2024_score_segments
2024,AH,physics,259,166,307502,307337,307502,src_ah_2024_score_segments
2024,AH,physics,258,181,307683,307503,307683,src_ah_2024_score_segments
2024,AH,physics,257,146,307829,307684,307829,src_ah_2024_score_segments
2024,AH,physics,256,156,307985,307830,307985,src_ah_2024_score_segments
2024,AH,physics,255,169,308154,307986,308154,src_ah_2024_score_segments
2024,AH,physics,254,166,308320,308155,308320,src_ah_2024_score_segments
2024,AH,physics,253,184,308504,308321,308504,src_ah_2024_score_segments
2024,AH,physics,252,157,308661,308505,308661,src_ah_2024_score_segments
2024,AH,physics,251,153,308814,308662,308814,src_ah_2024_score_segments
2024,AH,physics,250,152,308966,308815,308966,src_ah_2024_score_segments
2024,AH,physics,249,148,309114,308967,309114,src_ah_2024_score_segments
2024,AH,physics,248,156,309270,309115,309270,src_ah_2024_score_segments
2024,AH,physics,247,122,309392,309271,309392,src_ah_2024_score_segments
2024,AH,physics,246,163,309555,309393,309555,src_ah_2024_score_segments
2024,AH,physics,245,136,309691,309556,309691,src_ah_2024_score_segments
2024,AH,physics,244,105,309796,309692,309796,src_ah_2024_score_segments
2024,AH,physics,243,129,309925,309797,309925,src_ah_2024_score_segments
2024,AH,physics,242,123,310048,309926,310048,src_ah_2024_score_segments
2024,AH,physics,241,122,310170,310049,310170,src_ah_2024_score_segments
2024,AH,physics,240,136,310306,310171,310306,src_ah_2024_score_segments
2024,AH,physics,239,125,310431,310307,310431,src_ah_2024_score_segments
2024,AH,physics,238,117,310548,310432,310548,src_ah_2024_score_segments
2024,AH,physics,237,123,310671,310549,310671,src_ah_2024_score_segments
2024,AH,physics,236,123,310794,310672,310794,src_ah_2024_score_segments
2024,AH,physics,235,118,310912,310795,310912,src_ah_2024_score_segments
2024,AH,physics,234,104,311016,310913,311016,src_ah_2024_score_segments
2024,AH,physics,233,104,311120,311017,311120,src_ah_2024_score_segments
2024,AH,physics,232,118,311238,311121,311238,src_ah_2024_score_segments
2024,AH,physics,231,101,311339,311239,311339,src_ah_2024_score_segments
2024,AH,physics,230,96,311435,311340,311435,src_ah_2024_score_segments
2024,AH,physics,229,94,311529,311436,311529,src_ah_2024_score_segments
2024,AH,physics,228,84,311613,311530,311613,src_ah_2024_score_segments
2024,AH,physics,227,89,311702,311614,311702,src_ah_2024_score_segments
2024,AH,physics,226,101,311803,311703,311803,src_ah_2024_score_segments
2024,AH,physics,225,108,311911,311804,311911,src_ah_2024_score_segments
2024,AH,physics,224,95,312006,311912,312006,src_ah_2024_score_segments
2024,AH,physics,223,81,312087,312007,312087,src_ah_2024_score_segments
2024,AH,physics,222,70,312157,312088,312157,src_ah_2024_score_segments
2024,AH,physics,221,78,312235,312158,312235,src_ah_2024_score_segments
2024,AH,physics,220,94,312329,312236,312329,src_ah_2024_score_segments
2024,AH,physics,219,64,312393,312330,312393,src_ah_2024_score_segments
2024,AH,physics,218,88,312481,312394,312481,src_ah_2024_score_segments
2024,AH,physics,217,90,312571,312482,312571,src_ah_2024_score_segments
2024,AH,physics,216,69,312640,312572,312640,src_ah_2024_score_segments
2024,AH,physics,215,56,312696,312641,312696,src_ah_2024_score_segments
2024,AH,physics,214,56,312752,312697,312752,src_ah_2024_score_segments
2024,AH,physics,213,58,312810,312753,312810,src_ah_2024_score_segments
2024,AH,physics,212,60,312870,312811,312870,src_ah_2024_score_segments
2024,AH,physics,211,52,312922,312871,312922,src_ah_2024_score_segments
2024,AH,physics,210,48,312970,312923,312970,src_ah_2024_score_segments
2024,AH,physics,209,58,313028,312971,313028,src_ah_2024_score_segments
2024,AH,physics,208,33,313061,313029,313061,src_ah_2024_score_segments
2024,AH,physics,207,56,313117,313062,313117,src_ah_2024_score_segments
2024,AH,physics,206,51,313168,313118,313168,src_ah_2024_score_segments
2024,AH,physics,205,52,313220,313169,313220,src_ah_2024_score_segments
2024,AH,physics,204,48,313268,313221,313268,src_ah_2024_score_segments
2024,AH,physics,203,34,313302,313269,313302,src_ah_2024_score_segments
2024,AH,physics,202,34,313336,313303,313336,src_ah_2024_score_segments
2024,AH,physics,201,41,313377,313337,313377,src_ah_2024_score_segments
2024,AH,physics,200,35,313412,313378,313412,src_ah_2024_score_segments
2025,AH,history,668,23,23,1,23,src_ah_2025_score_segments
2025,AH,history,667,4,27,24,27,src_ah_2025_score_segments
2025,AH,history,666,3,30,28,30,src_ah_2025_score_segments
2025,AH,history,665,3,33,31,33,src_ah_2025_score_segments
2025,AH,history,664,5,38,34,38,src_ah_2025_score_segments
2025,AH,history,663,5,43,39,43,src_ah_2025_score_segments
2025,AH,history,662,5,48,44,48,src_ah_2025_score_segments
2025,AH,history,661,5,53,49,53,src_ah_2025_score_segments
2025,AH,history,660,2,55,54,55,src_ah_2025_score_segments
2025,AH,history,659,10,65,56,65,src_ah_2025_score_segments
2025,AH,history,658,7,72,66,72,src_ah_2025_score_segments
2025,AH,history,657,8,80,73,80,src_ah_2025_score_segments
2025,AH,history,656,5,85,81,85,src_ah_2025_score_segments
2025,AH,history,655,9,94,86,94,src_ah_2025_score_segments
2025,AH,history,654,7,101,95,101,src_ah_2025_score_segments
2025,AH,history,653,11,112,102,112,src_ah_2025_score_segments
2025,AH,history,652,13,125,113,125,src_ah_2025_score_segments
2025,AH,history,651,14,139,126,139,src_ah_2025_score_segments
2025,AH,history,650,17,156,140,156,src_ah_2025_score_segments
2025,AH,history,649,21,177,157,177,src_ah_2025_score_segments
2025,AH,history,648,22,199,178,199,src_ah_2025_score_segments
2025,AH,history,647,17,216,200,216,src_ah_2025_score_segments
2025,AH,history,646,26,242,217,242,src_ah_2025_score_segments
2025,AH,history,645,21,263,243,263,src_ah_2025_score_segments
2025,AH,history,644,26,289,264,289,src_ah_2025_score_segments
2025,AH,history,643,22,311,290,311,src_ah_2025_score_segments
2025,AH,history,642,31,342,312,342,src_ah_2025_score_segments
2025,AH,history,641,21,363,343,363,src_ah_2025_score_segments
2025,AH,history,640,27,390,364,390,src_ah_2025_score_segments
2025,AH,history,639,30,420,391,420,src_ah_2025_score_segments
2025,AH,history,638,27,447,421,447,src_ah_2025_score_segments
2025,AH,history,637,31,478,448,478,src_ah_2025_score_segments
2025,AH,history,636,36,514,479,514,src_ah_2025_score_segments
2025,AH,history,635,41,555,515,555,src_ah_2025_score_segments
2025,AH,history,634,32,587,556,587,src_ah_2025_score_segments
2025,AH,history,633,39,626,588,626,src_ah_2025_score_segments
2025,AH,history,632,37,663,627,663,src_ah_2025_score_segments
2025,AH,history,631,50,713,664,713,src_ah_2025_score_segments
2025,AH,history,630,50,763,714,763,src_ah_2025_score_segments
2025,AH,history,629,56,819,764,819,src_ah_2025_score_segments
2025,AH,history,628,51,870,820,870,src_ah_2025_score_segments
2025,AH,history,627,64,934,871,934,src_ah_2025_score_segments
2025,AH,history,626,38,972,935,972,src_ah_2025_score_segments
2025,AH,history,625,73,1045,973,1045,src_ah_2025_score_segments
2025,AH,history,624,63,1108,1046,1108,src_ah_2025_score_segments
2025,AH,history,623,71,1179,1109,1179,src_ah_2025_score_segments
2025,AH,history,622,59,1238,1180,1238,src_ah_2025_score_segments
2025,AH,history,621,72,1310,1239,1310,src_ah_2025_score_segments
2025,AH,history,620,65,1375,1311,1375,src_ah_2025_score_segments
2025,AH,history,619,83,1458,1376,1458,src_ah_2025_score_segments
2025,AH,history,618,87,1545,1459,1545,src_ah_2025_score_segments
2025,AH,history,617,85,1630,1546,1630,src_ah_2025_score_segments
2025,AH,history,616,100,1730,1631,1730,src_ah_2025_score_segments
2025,AH,history,615,76,1806,1731,1806,src_ah_2025_score_segments
2025,AH,history,614,85,1891,1807,1891,src_ah_2025_score_segments
2025,AH,history,613,89,1980,1892,1980,src_ah_2025_score_segments
2025,AH,history,612,113,2093,1981,2093,src_ah_2025_score_segments
2025,AH,history,611,105,2198,2094,2198,src_ah_2025_score_segments
2025,AH,history,610,100,2298,2199,2298,src_ah_2025_score_segments
2025,AH,history,609,84,2382,2299,2382,src_ah_2025_score_segments
2025,AH,history,608,110,2492,2383,2492,src_ah_2025_score_segments
2025,AH,history,607,108,2600,2493,2600,src_ah_2025_score_segments
2025,AH,history,606,100,2700,2601,2700,src_ah_2025_score_segments
2025,AH,history,605,106,2806,2701,2806,src_ah_2025_score_segments
2025,AH,history,604,111,2917,2807,2917,src_ah_2025_score_segments
2025,AH,history,603,117,3034,2918,3034,src_ah_2025_score_segments
2025,AH,history,602,123,3157,3035,3157,src_ah_2025_score_segments
2025,AH,history,601,128,3285,3158,3285,src_ah_2025_score_segments
2025,AH,history,600,130,3415,3286,3415,src_ah_2025_score_segments
2025,AH,history,599,130,3545,3416,3545,src_ah_2025_score_segments
2025,AH,history,598,135,3680,3546,3680,src_ah_2025_score_segments
2025,AH,history,597,138,3818,3681,3818,src_ah_2025_score_segments
2025,AH,history,596,159,3977,3819,3977,src_ah_2025_score_segments
2025,AH,history,595,130,4107,3978,4107,src_ah_2025_score_segments
2025,AH,history,594,160,4267,4108,4267,src_ah_2025_score_segments
2025,AH,history,593,140,4407,4268,4407,src_ah_2025_score_segments
2025,AH,history,592,157,4564,4408,4564,src_ah_2025_score_segments
2025,AH,history,591,161,4725,4565,4725,src_ah_2025_score_segments
2025,AH,history,590,145,4870,4726,4870,src_ah_2025_score_segments
2025,AH,history,589,160,5030,4871,5030,src_ah_2025_score_segments
2025,AH,history,588,155,5185,5031,5185,src_ah_2025_score_segments
2025,AH,history,587,173,5358,5186,5358,src_ah_2025_score_segments
2025,AH,history,586,172,5530,5359,5530,src_ah_2025_score_segments
2025,AH,history,585,183,5713,5531,5713,src_ah_2025_score_segments
2025,AH,history,584,180,5893,5714,5893,src_ah_2025_score_segments
2025,AH,history,583,187,6080,5894,6080,src_ah_2025_score_segments
2025,AH,history,582,157,6237,6081,6237,src_ah_2025_score_segments
2025,AH,history,581,169,6406,6238,6406,src_ah_2025_score_segments
2025,AH,history,580,197,6603,6407,6603,src_ah_2025_score_segments
2025,AH,history,579,185,6788,6604,6788,src_ah_2025_score_segments
2025,AH,history,578,191,6979,6789,6979,src_ah_2025_score_segments
2025,AH,history,577,213,7192,6980,7192,src_ah_2025_score_segments
2025,AH,history,576,229,7421,7193,7421,src_ah_2025_score_segments
2025,AH,history,575,211,7632,7422,7632,src_ah_2025_score_segments
2025,AH,history,574,212,7844,7633,7844,src_ah_2025_score_segments
2025,AH,history,573,202,8046,7845,8046,src_ah_2025_score_segments
2025,AH,history,572,226,8272,8047,8272,src_ah_2025_score_segments
2025,AH,history,571,228,8500,8273,8500,src_ah_2025_score_segments
2025,AH,history,570,222,8722,8501,8722,src_ah_2025_score_segments
2025,AH,history,569,241,8963,8723,8963,src_ah_2025_score_segments
2025,AH,history,568,261,9224,8964,9224,src_ah_2025_score_segments
2025,AH,history,567,280,9504,9225,9504,src_ah_2025_score_segments
2025,AH,history,566,236,9740,9505,9740,src_ah_2025_score_segments
2025,AH,history,565,236,9976,9741,9976,src_ah_2025_score_segments
2025,AH,history,564,223,10199,9977,10199,src_ah_2025_score_segments
2025,AH,history,563,223,10422,10200,10422,src_ah_2025_score_segments
2025,AH,history,562,242,10664,10423,10664,src_ah_2025_score_segments
2025,AH,history,561,262,10926,10665,10926,src_ah_2025_score_segments
2025,AH,history,560,250,11176,10927,11176,src_ah_2025_score_segments
2025,AH,history,559,303,11479,11177,11479,src_ah_2025_score_segments
2025,AH,history,558,259,11738,11480,11738,src_ah_2025_score_segments
2025,AH,history,557,276,12014,11739,12014,src_ah_2025_score_segments
2025,AH,history,556,288,12302,12015,12302,src_ah_2025_score_segments
2025,AH,history,555,261,12563,12303,12563,src_ah_2025_score_segments
2025,AH,history,554,304,12867,12564,12867,src_ah_2025_score_segments
2025,AH,history,553,319,13186,12868,13186,src_ah_2025_score_segments
2025,AH,history,552,317,13503,13187,13503,src_ah_2025_score_segments
2025,AH,history,551,306,13809,13504,13809,src_ah_2025_score_segments
2025,AH,history,550,300,14109,13810,14109,src_ah_2025_score_segments
2025,AH,history,549,299,14408,14110,14408,src_ah_2025_score_segments
2025,AH,history,548,310,14718,14409,14718,src_ah_2025_score_segments
2025,AH,history,547,294,15012,14719,15012,src_ah_2025_score_segments
2025,AH,history,546,297,15309,15013,15309,src_ah_2025_score_segments
2025,AH,history,545,308,15617,15310,15617,src_ah_2025_score_segments
2025,AH,history,544,316,15933,15618,15933,src_ah_2025_score_segments
2025,AH,history,543,331,16264,15934,16264,src_ah_2025_score_segments
2025,AH,history,542,308,16572,16265,16572,src_ah_2025_score_segments
2025,AH,history,541,304,16876,16573,16876,src_ah_2025_score_segments
2025,AH,history,540,352,17228,16877,17228,src_ah_2025_score_segments
2025,AH,history,539,329,17557,17229,17557,src_ah_2025_score_segments
2025,AH,history,538,340,17897,17558,17897,src_ah_2025_score_segments
2025,AH,history,537,315,18212,17898,18212,src_ah_2025_score_segments
2025,AH,history,536,312,18524,18213,18524,src_ah_2025_score_segments
2025,AH,history,535,333,18857,18525,18857,src_ah_2025_score_segments
2025,AH,history,534,376,19233,18858,19233,src_ah_2025_score_segments
2025,AH,history,533,355,19588,19234,19588,src_ah_2025_score_segments
2025,AH,history,532,387,19975,19589,19975,src_ah_2025_score_segments
2025,AH,history,531,363,20338,19976,20338,src_ah_2025_score_segments
2025,AH,history,530,391,20729,20339,20729,src_ah_2025_score_segments
2025,AH,history,529,375,21104,20730,21104,src_ah_2025_score_segments
2025,AH,history,528,382,21486,21105,21486,src_ah_2025_score_segments
2025,AH,history,527,372,21858,21487,21858,src_ah_2025_score_segments
2025,AH,history,526,412,22270,21859,22270,src_ah_2025_score_segments
2025,AH,history,525,369,22639,22271,22639,src_ah_2025_score_segments
2025,AH,history,524,382,23021,22640,23021,src_ah_2025_score_segments
2025,AH,history,523,377,23398,23022,23398,src_ah_2025_score_segments
2025,AH,history,522,390,23788,23399,23788,src_ah_2025_score_segments
2025,AH,history,521,396,24184,23789,24184,src_ah_2025_score_segments
2025,AH,history,520,380,24564,24185,24564,src_ah_2025_score_segments
2025,AH,history,519,431,24995,24565,24995,src_ah_2025_score_segments
2025,AH,history,518,424,25419,24996,25419,src_ah_2025_score_segments
2025,AH,history,517,433,25852,25420,25852,src_ah_2025_score_segments
2025,AH,history,516,426,26278,25853,26278,src_ah_2025_score_segments
2025,AH,history,515,413,26691,26279,26691,src_ah_2025_score_segments
2025,AH,history,514,405,27096,26692,27096,src_ah_2025_score_segments
2025,AH,history,513,432,27528,27097,27528,src_ah_2025_score_segments
2025,AH,history,512,466,27994,27529,27994,src_ah_2025_score_segments
2025,AH,history,511,440,28434,27995,28434,src_ah_2025_score_segments
2025,AH,history,510,472,28906,28435,28906,src_ah_2025_score_segments
2025,AH,history,509,443,29349,28907,29349,src_ah_2025_score_segments
2025,AH,history,508,456,29805,29350,29805,src_ah_2025_score_segments
2025,AH,history,507,454,30259,29806,30259,src_ah_2025_score_segments
2025,AH,history,506,439,30698,30260,30698,src_ah_2025_score_segments
2025,AH,history,505,424,31122,30699,31122,src_ah_2025_score_segments
2025,AH,history,504,439,31561,31123,31561,src_ah_2025_score_segments
2025,AH,history,503,489,32050,31562,32050,src_ah_2025_score_segments
2025,AH,history,502,471,32521,32051,32521,src_ah_2025_score_segments
2025,AH,history,501,461,32982,32522,32982,src_ah_2025_score_segments
2025,AH,history,500,463,33445,32983,33445,src_ah_2025_score_segments
2025,AH,history,499,469,33914,33446,33914,src_ah_2025_score_segments
2025,AH,history,498,470,34384,33915,34384,src_ah_2025_score_segments
2025,AH,history,497,461,34845,34385,34845,src_ah_2025_score_segments
2025,AH,history,496,494,35339,34846,35339,src_ah_2025_score_segments
2025,AH,history,495,517,35856,35340,35856,src_ah_2025_score_segments
2025,AH,history,494,499,36355,35857,36355,src_ah_2025_score_segments
2025,AH,history,493,478,36833,36356,36833,src_ah_2025_score_segments
2025,AH,history,492,466,37299,36834,37299,src_ah_2025_score_segments
2025,AH,history,491,489,37788,37300,37788,src_ah_2025_score_segments
2025,AH,history,490,463,38251,37789,38251,src_ah_2025_score_segments
2025,AH,history,489,504,38755,38252,38755,src_ah_2025_score_segments
2025,AH,history,488,492,39247,38756,39247,src_ah_2025_score_segments
2025,AH,history,487,514,39761,39248,39761,src_ah_2025_score_segments
2025,AH,history,486,485,40246,39762,40246,src_ah_2025_score_segments
2025,AH,history,485,515,40761,40247,40761,src_ah_2025_score_segments
2025,AH,history,484,497,41258,40762,41258,src_ah_2025_score_segments
2025,AH,history,483,512,41770,41259,41770,src_ah_2025_score_segments
2025,AH,history,482,511,42281,41771,42281,src_ah_2025_score_segments
2025,AH,history,481,494,42775,42282,42775,src_ah_2025_score_segments
2025,AH,history,480,491,43266,42776,43266,src_ah_2025_score_segments
2025,AH,history,479,476,43742,43267,43742,src_ah_2025_score_segments
2025,AH,history,478,519,44261,43743,44261,src_ah_2025_score_segments
2025,AH,history,477,489,44750,44262,44750,src_ah_2025_score_segments
2025,AH,history,476,494,45244,44751,45244,src_ah_2025_score_segments
2025,AH,history,475,508,45752,45245,45752,src_ah_2025_score_segments
2025,AH,history,474,520,46272,45753,46272,src_ah_2025_score_segments
2025,AH,history,473,508,46780,46273,46780,src_ah_2025_score_segments
2025,AH,history,472,485,47265,46781,47265,src_ah_2025_score_segments
2025,AH,history,471,510,47775,47266,47775,src_ah_2025_score_segments
2025,AH,history,470,510,48285,47776,48285,src_ah_2025_score_segments
2025,AH,history,469,512,48797,48286,48797,src_ah_2025_score_segments
2025,AH,history,468,520,49317,48798,49317,src_ah_2025_score_segments
2025,AH,history,467,503,49820,49318,49820,src_ah_2025_score_segments
2025,AH,history,466,512,50332,49821,50332,src_ah_2025_score_segments
2025,AH,history,465,468,50800,50333,50800,src_ah_2025_score_segments
2025,AH,history,464,507,51307,50801,51307,src_ah_2025_score_segments
2025,AH,history,463,529,51836,51308,51836,src_ah_2025_score_segments
2025,AH,history,462,520,52356,51837,52356,src_ah_2025_score_segments
2025,AH,history,461,512,52868,52357,52868,src_ah_2025_score_segments
2025,AH,history,460,517,53385,52869,53385,src_ah_2025_score_segments
2025,AH,history,459,501,53886,53386,53886,src_ah_2025_score_segments
2025,AH,history,458,500,54386,53887,54386,src_ah_2025_score_segments
2025,AH,history,457,531,54917,54387,54917,src_ah_2025_score_segments
2025,AH,history,456,530,55447,54918,55447,src_ah_2025_score_segments
2025,AH,history,455,518,55965,55448,55965,src_ah_2025_score_segments
2025,AH,history,454,541,56506,55966,56506,src_ah_2025_score_segments
2025,AH,history,453,509,57015,56507,57015,src_ah_2025_score_segments
2025,AH,history,452,547,57562,57016,57562,src_ah_2025_score_segments
2025,AH,history,451,538,58100,57563,58100,src_ah_2025_score_segments
2025,AH,history,450,522,58622,58101,58622,src_ah_2025_score_segments
2025,AH,history,449,509,59131,58623,59131,src_ah_2025_score_segments
2025,AH,history,448,520,59651,59132,59651,src_ah_2025_score_segments
2025,AH,history,447,527,60178,59652,60178,src_ah_2025_score_segments
2025,AH,history,446,563,60741,60179,60741,src_ah_2025_score_segments
2025,AH,history,445,501,61242,60742,61242,src_ah_2025_score_segments
2025,AH,history,444,529,61771,61243,61771,src_ah_2025_score_segments
2025,AH,history,443,527,62298,61772,62298,src_ah_2025_score_segments
2025,AH,history,442,499,62797,62299,62797,src_ah_2025_score_segments
2025,AH,history,441,482,63279,62798,63279,src_ah_2025_score_segments
2025,AH,history,440,543,63822,63280,63822,src_ah_2025_score_segments
2025,AH,history,439,521,64343,63823,64343,src_ah_2025_score_segments
2025,AH,history,438,543,64886,64344,64886,src_ah_2025_score_segments
2025,AH,history,437,519,65405,64887,65405,src_ah_2025_score_segments
2025,AH,history,436,547,65952,65406,65952,src_ah_2025_score_segments
2025,AH,history,435,508,66460,65953,66460,src_ah_2025_score_segments
2025,AH,history,434,549,67009,66461,67009,src_ah_2025_score_segments
2025,AH,history,433,511,67520,67010,67520,src_ah_2025_score_segments
2025,AH,history,432,532,68052,67521,68052,src_ah_2025_score_segments
2025,AH,history,431,547,68599,68053,68599,src_ah_2025_score_segments
2025,AH,history,430,520,69119,68600,69119,src_ah_2025_score_segments
2025,AH,history,429,531,69650,69120,69650,src_ah_2025_score_segments
2025,AH,history,428,531,70181,69651,70181,src_ah_2025_score_segments
2025,AH,history,427,533,70714,70182,70714,src_ah_2025_score_segments
2025,AH,history,426,516,71230,70715,71230,src_ah_2025_score_segments
2025,AH,history,425,485,71715,71231,71715,src_ah_2025_score_segments
2025,AH,history,424,535,72250,71716,72250,src_ah_2025_score_segments
2025,AH,history,423,479,72729,72251,72729,src_ah_2025_score_segments
2025,AH,history,422,495,73224,72730,73224,src_ah_2025_score_segments
2025,AH,history,421,529,73753,73225,73753,src_ah_2025_score_segments
2025,AH,history,420,555,74308,73754,74308,src_ah_2025_score_segments
2025,AH,history,419,546,74854,74309,74854,src_ah_2025_score_segments
2025,AH,history,418,533,75387,74855,75387,src_ah_2025_score_segments
2025,AH,history,417,518,75905,75388,75905,src_ah_2025_score_segments
2025,AH,history,416,573,76478,75906,76478,src_ah_2025_score_segments
2025,AH,history,415,506,76984,76479,76984,src_ah_2025_score_segments
2025,AH,history,414,533,77517,76985,77517,src_ah_2025_score_segments
2025,AH,history,413,555,78072,77518,78072,src_ah_2025_score_segments
2025,AH,history,412,539,78611,78073,78611,src_ah_2025_score_segments
2025,AH,history,411,514,79125,78612,79125,src_ah_2025_score_segments
2025,AH,history,410,579,79704,79126,79704,src_ah_2025_score_segments
2025,AH,history,409,521,80225,79705,80225,src_ah_2025_score_segments
2025,AH,history,408,530,80755,80226,80755,src_ah_2025_score_segments
2025,AH,history,407,518,81273,80756,81273,src_ah_2025_score_segments
2025,AH,history,406,548,81821,81274,81821,src_ah_2025_score_segments
2025,AH,history,405,556,82377,81822,82377,src_ah_2025_score_segments
2025,AH,history,404,513,82890,82378,82890,src_ah_2025_score_segments
2025,AH,history,403,513,83403,82891,83403,src_ah_2025_score_segments
2025,AH,history,402,524,83927,83404,83927,src_ah_2025_score_segments
2025,AH,history,401,546,84473,83928,84473,src_ah_2025_score_segments
2025,AH,history,400,537,85010,84474,85010,src_ah_2025_score_segments
2025,AH,history,399,487,85497,85011,85497,src_ah_2025_score_segments
2025,AH,history,398,537,86034,85498,86034,src_ah_2025_score_segments
2025,AH,history,397,500,86534,86035,86534,src_ah_2025_score_segments
2025,AH,history,396,493,87027,86535,87027,src_ah_2025_score_segments
2025,AH,history,395,514,87541,87028,87541,src_ah_2025_score_segments
2025,AH,history,394,524,88065,87542,88065,src_ah_2025_score_segments
2025,AH,history,393,501,88566,88066,88566,src_ah_2025_score_segments
2025,AH,history,392,526,89092,88567,89092,src_ah_2025_score_segments
2025,AH,history,391,518,89610,89093,89610,src_ah_2025_score_segments
2025,AH,history,390,507,90117,89611,90117,src_ah_2025_score_segments
2025,AH,history,389,518,90635,90118,90635,src_ah_2025_score_segments
2025,AH,history,388,508,91143,90636,91143,src_ah_2025_score_segments
2025,AH,history,387,539,91682,91144,91682,src_ah_2025_score_segments
2025,AH,history,386,549,92231,91683,92231,src_ah_2025_score_segments
2025,AH,history,385,546,92777,92232,92777,src_ah_2025_score_segments
2025,AH,history,384,518,93295,92778,93295,src_ah_2025_score_segments
2025,AH,history,383,526,93821,93296,93821,src_ah_2025_score_segments
2025,AH,history,382,531,94352,93822,94352,src_ah_2025_score_segments
2025,AH,history,381,464,94816,94353,94816,src_ah_2025_score_segments
2025,AH,history,380,493,95309,94817,95309,src_ah_2025_score_segments
2025,AH,history,379,526,95835,95310,95835,src_ah_2025_score_segments
2025,AH,history,378,505,96340,95836,96340,src_ah_2025_score_segments
2025,AH,history,377,509,96849,96341,96849,src_ah_2025_score_segments
2025,AH,history,376,496,97345,96850,97345,src_ah_2025_score_segments
2025,AH,history,375,551,97896,97346,97896,src_ah_2025_score_segments
2025,AH,history,374,508,98404,97897,98404,src_ah_2025_score_segments
2025,AH,history,373,465,98869,98405,98869,src_ah_2025_score_segments
2025,AH,history,372,482,99351,98870,99351,src_ah_2025_score_segments
2025,AH,history,371,499,99850,99352,99850,src_ah_2025_score_segments
2025,AH,history,370,509,100359,99851,100359,src_ah_2025_score_segments
2025,AH,history,369,479,100838,100360,100838,src_ah_2025_score_segments
2025,AH,history,368,457,101295,100839,101295,src_ah_2025_score_segments
2025,AH,history,367,515,101810,101296,101810,src_ah_2025_score_segments
2025,AH,history,366,497,102307,101811,102307,src_ah_2025_score_segments
2025,AH,history,365,488,102795,102308,102795,src_ah_2025_score_segments
2025,AH,history,364,505,103300,102796,103300,src_ah_2025_score_segments
2025,AH,history,363,471,103771,103301,103771,src_ah_2025_score_segments
2025,AH,history,362,475,104246,103772,104246,src_ah_2025_score_segments
2025,AH,history,361,469,104715,104247,104715,src_ah_2025_score_segments
2025,AH,history,360,436,105151,104716,105151,src_ah_2025_score_segments
2025,AH,history,359,469,105620,105152,105620,src_ah_2025_score_segments
2025,AH,history,358,437,106057,105621,106057,src_ah_2025_score_segments
2025,AH,history,357,456,106513,106058,106513,src_ah_2025_score_segments
2025,AH,history,356,472,106985,106514,106985,src_ah_2025_score_segments
2025,AH,history,355,455,107440,106986,107440,src_ah_2025_score_segments
2025,AH,history,354,431,107871,107441,107871,src_ah_2025_score_segments
2025,AH,history,353,429,108300,107872,108300,src_ah_2025_score_segments
2025,AH,history,352,426,108726,108301,108726,src_ah_2025_score_segments
2025,AH,history,351,365,109091,108727,109091,src_ah_2025_score_segments
2025,AH,history,350,422,109513,109092,109513,src_ah_2025_score_segments
2025,AH,history,349,445,109958,109514,109958,src_ah_2025_score_segments
2025,AH,history,348,403,110361,109959,110361,src_ah_2025_score_segments
2025,AH,history,347,409,110770,110362,110770,src_ah_2025_score_segments
2025,AH,history,346,391,111161,110771,111161,src_ah_2025_score_segments
2025,AH,history,345,363,111524,111162,111524,src_ah_2025_score_segments
2025,AH,history,344,400,111924,111525,111924,src_ah_2025_score_segments
2025,AH,history,343,384,112308,111925,112308,src_ah_2025_score_segments
2025,AH,history,342,375,112683,112309,112683,src_ah_2025_score_segments
2025,AH,history,341,336,113019,112684,113019,src_ah_2025_score_segments
2025,AH,history,340,397,113416,113020,113416,src_ah_2025_score_segments
2025,AH,history,339,373,113789,113417,113789,src_ah_2025_score_segments
2025,AH,history,338,381,114170,113790,114170,src_ah_2025_score_segments
2025,AH,history,337,384,114554,114171,114554,src_ah_2025_score_segments
2025,AH,history,336,397,114951,114555,114951,src_ah_2025_score_segments
2025,AH,history,335,359,115310,114952,115310,src_ah_2025_score_segments
2025,AH,history,334,361,115671,115311,115671,src_ah_2025_score_segments
2025,AH,history,333,340,116011,115672,116011,src_ah_2025_score_segments
2025,AH,history,332,350,116361,116012,116361,src_ah_2025_score_segments
2025,AH,history,331,358,116719,116362,116719,src_ah_2025_score_segments
2025,AH,history,330,346,117065,116720,117065,src_ah_2025_score_segments
2025,AH,history,329,344,117409,117066,117409,src_ah_2025_score_segments
2025,AH,history,328,340,117749,117410,117749,src_ah_2025_score_segments
2025,AH,history,327,355,118104,117750,118104,src_ah_2025_score_segments
2025,AH,history,326,307,118411,118105,118411,src_ah_2025_score_segments
2025,AH,history,325,295,118706,118412,118706,src_ah_2025_score_segments
2025,AH,history,324,341,119047,118707,119047,src_ah_2025_score_segments
2025,AH,history,323,324,119371,119048,119371,src_ah_2025_score_segments
2025,AH,history,322,331,119702,119372,119702,src_ah_2025_score_segments
2025,AH,history,321,305,120007,119703,120007,src_ah_2025_score_segments
2025,AH,history,320,309,120316,120008,120316,src_ah_2025_score_segments
2025,AH,history,319,288,120604,120317,120604,src_ah_2025_score_segments
2025,AH,history,318,323,120927,120605,120927,src_ah_2025_score_segments
2025,AH,history,317,300,121227,120928,121227,src_ah_2025_score_segments
2025,AH,history,316,290,121517,121228,121517,src_ah_2025_score_segments
2025,AH,history,315,275,121792,121518,121792,src_ah_2025_score_segments
2025,AH,history,314,296,122088,121793,122088,src_ah_2025_score_segments
2025,AH,history,313,244,122332,122089,122332,src_ah_2025_score_segments
2025,AH,history,312,270,122602,122333,122602,src_ah_2025_score_segments
2025,AH,history,311,292,122894,122603,122894,src_ah_2025_score_segments
2025,AH,history,310,296,123190,122895,123190,src_ah_2025_score_segments
2025,AH,history,309,273,123463,123191,123463,src_ah_2025_score_segments
2025,AH,history,308,262,123725,123464,123725,src_ah_2025_score_segments
2025,AH,history,307,260,123985,123726,123985,src_ah_2025_score_segments
2025,AH,history,306,264,124249,123986,124249,src_ah_2025_score_segments
2025,AH,history,305,274,124523,124250,124523,src_ah_2025_score_segments
2025,AH,history,304,258,124781,124524,124781,src_ah_2025_score_segments
2025,AH,history,303,257,125038,124782,125038,src_ah_2025_score_segments
2025,AH,history,302,225,125263,125039,125263,src_ah_2025_score_segments
2025,AH,history,301,227,125490,125264,125490,src_ah_2025_score_segments
2025,AH,history,300,264,125754,125491,125754,src_ah_2025_score_segments
2025,AH,history,299,252,126006,125755,126006,src_ah_2025_score_segments
2025,AH,history,298,237,126243,126007,126243,src_ah_2025_score_segments
2025,AH,history,297,228,126471,126244,126471,src_ah_2025_score_segments
2025,AH,history,296,268,126739,126472,126739,src_ah_2025_score_segments
2025,AH,history,295,231,126970,126740,126970,src_ah_2025_score_segments
2025,AH,history,294,234,127204,126971,127204,src_ah_2025_score_segments
2025,AH,history,293,248,127452,127205,127452,src_ah_2025_score_segments
2025,AH,history,292,217,127669,127453,127669,src_ah_2025_score_segments
2025,AH,history,291,224,127893,127670,127893,src_ah_2025_score_segments
2025,AH,history,290,207,128100,127894,128100,src_ah_2025_score_segments
2025,AH,history,289,219,128319,128101,128319,src_ah_2025_score_segments
2025,AH,history,288,232,128551,128320,128551,src_ah_2025_score_segments
2025,AH,history,287,213,128764,128552,128764,src_ah_2025_score_segments
2025,AH,history,286,207,128971,128765,128971,src_ah_2025_score_segments
2025,AH,history,285,210,129181,128972,129181,src_ah_2025_score_segments
2025,AH,history,284,163,129344,129182,129344,src_ah_2025_score_segments
2025,AH,history,283,205,129549,129345,129549,src_ah_2025_score_segments
2025,AH,history,282,206,129755,129550,129755,src_ah_2025_score_segments
2025,AH,history,281,176,129931,129756,129931,src_ah_2025_score_segments
2025,AH,history,280,196,130127,129932,130127,src_ah_2025_score_segments
2025,AH,history,279,215,130342,130128,130342,src_ah_2025_score_segments
2025,AH,history,278,188,130530,130343,130530,src_ah_2025_score_segments
2025,AH,history,277,193,130723,130531,130723,src_ah_2025_score_segments
2025,AH,history,276,157,130880,130724,130880,src_ah_2025_score_segments
2025,AH,history,275,199,131079,130881,131079,src_ah_2025_score_segments
2025,AH,history,274,210,131289,131080,131289,src_ah_2025_score_segments
2025,AH,history,273,191,131480,131290,131480,src_ah_2025_score_segments
2025,AH,history,272,168,131648,131481,131648,src_ah_2025_score_segments
2025,AH,history,271,186,131834,131649,131834,src_ah_2025_score_segments
2025,AH,history,270,231,132065,131835,132065,src_ah_2025_score_segments
2025,AH,history,269,168,132233,132066,132233,src_ah_2025_score_segments
2025,AH,history,268,175,132408,132234,132408,src_ah_2025_score_segments
2025,AH,history,267,160,132568,132409,132568,src_ah_2025_score_segments
2025,AH,history,266,165,132733,132569,132733,src_ah_2025_score_segments
2025,AH,history,265,169,132902,132734,132902,src_ah_2025_score_segments
2025,AH,history,264,157,133059,132903,133059,src_ah_2025_score_segments
2025,AH,history,263,173,133232,133060,133232,src_ah_2025_score_segments
2025,AH,history,262,179,133411,133233,133411,src_ah_2025_score_segments
2025,AH,history,261,184,133595,133412,133595,src_ah_2025_score_segments
2025,AH,history,260,175,133770,133596,133770,src_ah_2025_score_segments
2025,AH,history,259,164,133934,133771,133934,src_ah_2025_score_segments
2025,AH,history,258,156,134090,133935,134090,src_ah_2025_score_segments
2025,AH,history,257,158,134248,134091,134248,src_ah_2025_score_segments
2025,AH,history,256,168,134416,134249,134416,src_ah_2025_score_segments
2025,AH,history,255,165,134581,134417,134581,src_ah_2025_score_segments
2025,AH,history,254,173,134754,134582,134754,src_ah_2025_score_segments
2025,AH,history,253,166,134920,134755,134920,src_ah_2025_score_segments
2025,AH,history,252,135,135055,134921,135055,src_ah_2025_score_segments
2025,AH,history,251,141,135196,135056,135196,src_ah_2025_score_segments
2025,AH,history,250,145,135341,135197,135341,src_ah_2025_score_segments
2025,AH,history,249,169,135510,135342,135510,src_ah_2025_score_segments
2025,AH,history,248,165,135675,135511,135675,src_ah_2025_score_segments
2025,AH,history,247,156,135831,135676,135831,src_ah_2025_score_segments
2025,AH,history,246,140,135971,135832,135971,src_ah_2025_score_segments
2025,AH,history,245,128,136099,135972,136099,src_ah_2025_score_segments
2025,AH,history,244,160,136259,136100,136259,src_ah_2025_score_segments
2025,AH,history,243,164,136423,136260,136423,src_ah_2025_score_segments
2025,AH,history,242,149,136572,136424,136572,src_ah_2025_score_segments
2025,AH,history,241,144,136716,136573,136716,src_ah_2025_score_segments
2025,AH,history,240,144,136860,136717,136860,src_ah_2025_score_segments
2025,AH,history,239,160,137020,136861,137020,src_ah_2025_score_segments
2025,AH,history,238,122,137142,137021,137142,src_ah_2025_score_segments
2025,AH,history,237,139,137281,137143,137281,src_ah_2025_score_segments
2025,AH,history,236,122,137403,137282,137403,src_ah_2025_score_segments
2025,AH,history,235,143,137546,137404,137546,src_ah_2025_score_segments
2025,AH,history,234,148,137694,137547,137694,src_ah_2025_score_segments
2025,AH,history,233,135,137829,137695,137829,src_ah_2025_score_segments
2025,AH,history,232,152,137981,137830,137981,src_ah_2025_score_segments
2025,AH,history,231,131,138112,137982,138112,src_ah_2025_score_segments
2025,AH,history,230,124,138236,138113,138236,src_ah_2025_score_segments
2025,AH,history,229,124,138360,138237,138360,src_ah_2025_score_segments
2025,AH,history,228,135,138495,138361,138495,src_ah_2025_score_segments
2025,AH,history,227,127,138622,138496,138622,src_ah_2025_score_segments
2025,AH,history,226,131,138753,138623,138753,src_ah_2025_score_segments
2025,AH,history,225,117,138870,138754,138870,src_ah_2025_score_segments
2025,AH,history,224,113,138983,138871,138983,src_ah_2025_score_segments
2025,AH,history,223,136,139119,138984,139119,src_ah_2025_score_segments
2025,AH,history,222,114,139233,139120,139233,src_ah_2025_score_segments
2025,AH,history,221,112,139345,139234,139345,src_ah_2025_score_segments
2025,AH,history,220,110,139455,139346,139455,src_ah_2025_score_segments
2025,AH,history,219,118,139573,139456,139573,src_ah_2025_score_segments
2025,AH,history,218,113,139686,139574,139686,src_ah_2025_score_segments
2025,AH,history,217,106,139792,139687,139792,src_ah_2025_score_segments
2025,AH,history,216,125,139917,139793,139917,src_ah_2025_score_segments
2025,AH,history,215,108,140025,139918,140025,src_ah_2025_score_segments
2025,AH,history,214,116,140141,140026,140141,src_ah_2025_score_segments
2025,AH,history,213,87,140228,140142,140228,src_ah_2025_score_segments
2025,AH,history,212,117,140345,140229,140345,src_ah_2025_score_segments
2025,AH,history,211,87,140432,140346,140432,src_ah_2025_score_segments
2025,AH,history,210,96,140528,140433,140528,src_ah_2025_score_segments
2025,AH,history,209,80,140608,140529,140608,src_ah_2025_score_segments
2025,AH,history,208,111,140719,140609,140719,src_ah_2025_score_segments
2025,AH,history,207,77,140796,140720,140796,src_ah_2025_score_segments
2025,AH,history,206,89,140885,140797,140885,src_ah_2025_score_segments
2025,AH,history,205,82,140967,140886,140967,src_ah_2025_score_segments
2025,AH,history,204,85,141052,140968,141052,src_ah_2025_score_segments
2025,AH,history,203,105,141157,141053,141157,src_ah_2025_score_segments
2025,AH,history,202,92,141249,141158,141249,src_ah_2025_score_segments
2025,AH,history,201,81,141330,141250,141330,src_ah_2025_score_segments
2025,AH,history,200,70,141400,141331,141400,src_ah_2025_score_segments
2025,AH,physics,691,43,43,1,43,src_ah_2025_score_segments
2025,AH,physics,690,14,57,44,57,src_ah_2025_score_segments
2025,AH,physics,689,16,73,58,73,src_ah_2025_score_segments
2025,AH,physics,688,16,89,74,89,src_ah_2025_score_segments
2025,AH,physics,687,19,108,90,108,src_ah_2025_score_segments
2025,AH,physics,686,20,128,109,128,src_ah_2025_score_segments
2025,AH,physics,685,26,154,129,154,src_ah_2025_score_segments
2025,AH,physics,684,15,169,155,169,src_ah_2025_score_segments
2025,AH,physics,683,32,201,170,201,src_ah_2025_score_segments
2025,AH,physics,682,28,229,202,229,src_ah_2025_score_segments
2025,AH,physics,681,36,265,230,265,src_ah_2025_score_segments
2025,AH,physics,680,47,312,266,312,src_ah_2025_score_segments
2025,AH,physics,679,37,349,313,349,src_ah_2025_score_segments
2025,AH,physics,678,41,390,350,390,src_ah_2025_score_segments
2025,AH,physics,677,40,430,391,430,src_ah_2025_score_segments
2025,AH,physics,676,60,490,431,490,src_ah_2025_score_segments
2025,AH,physics,675,57,547,491,547,src_ah_2025_score_segments
2025,AH,physics,674,72,619,548,619,src_ah_2025_score_segments
2025,AH,physics,673,69,688,620,688,src_ah_2025_score_segments
2025,AH,physics,672,61,749,689,749,src_ah_2025_score_segments
2025,AH,physics,671,88,837,750,837,src_ah_2025_score_segments
2025,AH,physics,670,87,924,838,924,src_ah_2025_score_segments
2025,AH,physics,669,96,1020,925,1020,src_ah_2025_score_segments
2025,AH,physics,668,112,1132,1021,1132,src_ah_2025_score_segments
2025,AH,physics,667,94,1226,1133,1226,src_ah_2025_score_segments
2025,AH,physics,666,114,1340,1227,1340,src_ah_2025_score_segments
2025,AH,physics,665,112,1452,1341,1452,src_ah_2025_score_segments
2025,AH,physics,664,106,1558,1453,1558,src_ah_2025_score_segments
2025,AH,physics,663,129,1687,1559,1687,src_ah_2025_score_segments
2025,AH,physics,662,166,1853,1688,1853,src_ah_2025_score_segments
2025,AH,physics,661,145,1998,1854,1998,src_ah_2025_score_segments
2025,AH,physics,660,154,2152,1999,2152,src_ah_2025_score_segments
2025,AH,physics,659,155,2307,2153,2307,src_ah_2025_score_segments
2025,AH,physics,658,194,2501,2308,2501,src_ah_2025_score_segments
2025,AH,physics,657,172,2673,2502,2673,src_ah_2025_score_segments
2025,AH,physics,656,171,2844,2674,2844,src_ah_2025_score_segments
2025,AH,physics,655,205,3049,2845,3049,src_ah_2025_score_segments
2025,AH,physics,654,221,3270,3050,3270,src_ah_2025_score_segments
2025,AH,physics,653,191,3461,3271,3461,src_ah_2025_score_segments
2025,AH,physics,652,211,3672,3462,3672,src_ah_2025_score_segments
2025,AH,physics,651,245,3917,3673,3917,src_ah_2025_score_segments
2025,AH,physics,650,232,4149,3918,4149,src_ah_2025_score_segments
2025,AH,physics,649,246,4395,4150,4395,src_ah_2025_score_segments
2025,AH,physics,648,234,4629,4396,4629,src_ah_2025_score_segments
2025,AH,physics,647,292,4921,4630,4921,src_ah_2025_score_segments
2025,AH,physics,646,284,5205,4922,5205,src_ah_2025_score_segments
2025,AH,physics,645,278,5483,5206,5483,src_ah_2025_score_segments
2025,AH,physics,644,272,5755,5484,5755,src_ah_2025_score_segments
2025,AH,physics,643,318,6073,5756,6073,src_ah_2025_score_segments
2025,AH,physics,642,331,6404,6074,6404,src_ah_2025_score_segments
2025,AH,physics,641,303,6707,6405,6707,src_ah_2025_score_segments
2025,AH,physics,640,320,7027,6708,7027,src_ah_2025_score_segments
2025,AH,physics,639,355,7382,7028,7382,src_ah_2025_score_segments
2025,AH,physics,638,357,7739,7383,7739,src_ah_2025_score_segments
2025,AH,physics,637,367,8106,7740,8106,src_ah_2025_score_segments
2025,AH,physics,636,320,8426,8107,8426,src_ah_2025_score_segments
2025,AH,physics,635,369,8795,8427,8795,src_ah_2025_score_segments
2025,AH,physics,634,376,9171,8796,9171,src_ah_2025_score_segments
2025,AH,physics,633,359,9530,9172,9530,src_ah_2025_score_segments
2025,AH,physics,632,436,9966,9531,9966,src_ah_2025_score_segments
2025,AH,physics,631,408,10374,9967,10374,src_ah_2025_score_segments
2025,AH,physics,630,384,10758,10375,10758,src_ah_2025_score_segments
2025,AH,physics,629,430,11188,10759,11188,src_ah_2025_score_segments
2025,AH,physics,628,406,11594,11189,11594,src_ah_2025_score_segments
2025,AH,physics,627,430,12024,11595,12024,src_ah_2025_score_segments
2025,AH,physics,626,478,12502,12025,12502,src_ah_2025_score_segments
2025,AH,physics,625,420,12922,12503,12922,src_ah_2025_score_segments
2025,AH,physics,624,452,13374,12923,13374,src_ah_2025_score_segments
2025,AH,physics,623,485,13859,13375,13859,src_ah_2025_score_segments
2025,AH,physics,622,482,14341,13860,14341,src_ah_2025_score_segments
2025,AH,physics,621,485,14826,14342,14826,src_ah_2025_score_segments
2025,AH,physics,620,503,15329,14827,15329,src_ah_2025_score_segments
2025,AH,physics,619,515,15844,15330,15844,src_ah_2025_score_segments
2025,AH,physics,618,519,16363,15845,16363,src_ah_2025_score_segments
2025,AH,physics,617,494,16857,16364,16857,src_ah_2025_score_segments
2025,AH,physics,616,524,17381,16858,17381,src_ah_2025_score_segments
2025,AH,physics,615,568,17949,17382,17949,src_ah_2025_score_segments
2025,AH,physics,614,558,18507,17950,18507,src_ah_2025_score_segments
2025,AH,physics,613,558,19065,18508,19065,src_ah_2025_score_segments
2025,AH,physics,612,580,19645,19066,19645,src_ah_2025_score_segments
2025,AH,physics,611,539,20184,19646,20184,src_ah_2025_score_segments
2025,AH,physics,610,609,20793,20185,20793,src_ah_2025_score_segments
2025,AH,physics,609,605,21398,20794,21398,src_ah_2025_score_segments
2025,AH,physics,608,596,21994,21399,21994,src_ah_2025_score_segments
2025,AH,physics,607,643,22637,21995,22637,src_ah_2025_score_segments
2025,AH,physics,606,613,23250,22638,23250,src_ah_2025_score_segments
2025,AH,physics,605,644,23894,23251,23894,src_ah_2025_score_segments
2025,AH,physics,604,609,24503,23895,24503,src_ah_2025_score_segments
2025,AH,physics,603,598,25101,24504,25101,src_ah_2025_score_segments
2025,AH,physics,602,641,25742,25102,25742,src_ah_2025_score_segments
2025,AH,physics,601,651,26393,25743,26393,src_ah_2025_score_segments
2025,AH,physics,600,696,27089,26394,27089,src_ah_2025_score_segments
2025,AH,physics,599,737,27826,27090,27826,src_ah_2025_score_segments
2025,AH,physics,598,614,28440,27827,28440,src_ah_2025_score_segments
2025,AH,physics,597,704,29144,28441,29144,src_ah_2025_score_segments
2025,AH,physics,596,675,29819,29145,29819,src_ah_2025_score_segments
2025,AH,physics,595,724,30543,29820,30543,src_ah_2025_score_segments
2025,AH,physics,594,718,31261,30544,31261,src_ah_2025_score_segments
2025,AH,physics,593,709,31970,31262,31970,src_ah_2025_score_segments
2025,AH,physics,592,704,32674,31971,32674,src_ah_2025_score_segments
2025,AH,physics,591,712,33386,32675,33386,src_ah_2025_score_segments
2025,AH,physics,590,701,34087,33387,34087,src_ah_2025_score_segments
2025,AH,physics,589,700,34787,34088,34787,src_ah_2025_score_segments
2025,AH,physics,588,745,35532,34788,35532,src_ah_2025_score_segments
2025,AH,physics,587,766,36298,35533,36298,src_ah_2025_score_segments
2025,AH,physics,586,748,37046,36299,37046,src_ah_2025_score_segments
2025,AH,physics,585,793,37839,37047,37839,src_ah_2025_score_segments
2025,AH,physics,584,773,38612,37840,38612,src_ah_2025_score_segments
2025,AH,physics,583,836,39448,38613,39448,src_ah_2025_score_segments
2025,AH,physics,582,783,40231,39449,40231,src_ah_2025_score_segments
2025,AH,physics,581,831,41062,40232,41062,src_ah_2025_score_segments
2025,AH,physics,580,797,41859,41063,41859,src_ah_2025_score_segments
2025,AH,physics,579,872,42731,41860,42731,src_ah_2025_score_segments
2025,AH,physics,578,890,43621,42732,43621,src_ah_2025_score_segments
2025,AH,physics,577,822,44443,43622,44443,src_ah_2025_score_segments
2025,AH,physics,576,860,45303,44444,45303,src_ah_2025_score_segments
2025,AH,physics,575,931,46234,45304,46234,src_ah_2025_score_segments
2025,AH,physics,574,848,47082,46235,47082,src_ah_2025_score_segments
2025,AH,physics,573,857,47939,47083,47939,src_ah_2025_score_segments
2025,AH,physics,572,840,48779,47940,48779,src_ah_2025_score_segments
2025,AH,physics,571,906,49685,48780,49685,src_ah_2025_score_segments
2025,AH,physics,570,968,50653,49686,50653,src_ah_2025_score_segments
2025,AH,physics,569,881,51534,50654,51534,src_ah_2025_score_segments
2025,AH,physics,568,882,52416,51535,52416,src_ah_2025_score_segments
2025,AH,physics,567,914,53330,52417,53330,src_ah_2025_score_segments
2025,AH,physics,566,873,54203,53331,54203,src_ah_2025_score_segments
2025,AH,physics,565,902,55105,54204,55105,src_ah_2025_score_segments
2025,AH,physics,564,922,56027,55106,56027,src_ah_2025_score_segments
2025,AH,physics,563,969,56996,56028,56996,src_ah_2025_score_segments
2025,AH,physics,562,987,57983,56997,57983,src_ah_2025_score_segments
2025,AH,physics,561,1002,58985,57984,58985,src_ah_2025_score_segments
2025,AH,physics,560,1047,60032,58986,60032,src_ah_2025_score_segments
2025,AH,physics,559,1071,61103,60033,61103,src_ah_2025_score_segments
2025,AH,physics,558,1022,62125,61104,62125,src_ah_2025_score_segments
2025,AH,physics,557,1030,63155,62126,63155,src_ah_2025_score_segments
2025,AH,physics,556,1063,64218,63156,64218,src_ah_2025_score_segments
2025,AH,physics,555,1009,65227,64219,65227,src_ah_2025_score_segments
2025,AH,physics,554,1034,66261,65228,66261,src_ah_2025_score_segments
2025,AH,physics,553,1096,67357,66262,67357,src_ah_2025_score_segments
2025,AH,physics,552,1099,68456,67358,68456,src_ah_2025_score_segments
2025,AH,physics,551,1056,69512,68457,69512,src_ah_2025_score_segments
2025,AH,physics,550,1102,70614,69513,70614,src_ah_2025_score_segments
2025,AH,physics,549,1079,71693,70615,71693,src_ah_2025_score_segments
2025,AH,physics,548,1097,72790,71694,72790,src_ah_2025_score_segments
2025,AH,physics,547,1035,73825,72791,73825,src_ah_2025_score_segments
2025,AH,physics,546,1130,74955,73826,74955,src_ah_2025_score_segments
2025,AH,physics,545,1141,76096,74956,76096,src_ah_2025_score_segments
2025,AH,physics,544,1131,77227,76097,77227,src_ah_2025_score_segments
2025,AH,physics,543,1224,78451,77228,78451,src_ah_2025_score_segments
2025,AH,physics,542,1124,79575,78452,79575,src_ah_2025_score_segments
2025,AH,physics,541,1176,80751,79576,80751,src_ah_2025_score_segments
2025,AH,physics,540,1121,81872,80752,81872,src_ah_2025_score_segments
2025,AH,physics,539,1145,83017,81873,83017,src_ah_2025_score_segments
2025,AH,physics,538,1161,84178,83018,84178,src_ah_2025_score_segments
2025,AH,physics,537,1162,85340,84179,85340,src_ah_2025_score_segments
2025,AH,physics,536,1156,86496,85341,86496,src_ah_2025_score_segments
2025,AH,physics,535,1225,87721,86497,87721,src_ah_2025_score_segments
2025,AH,physics,534,1196,88917,87722,88917,src_ah_2025_score_segments
2025,AH,physics,533,1212,90129,88918,90129,src_ah_2025_score_segments
2025,AH,physics,532,1247,91376,90130,91376,src_ah_2025_score_segments
2025,AH,physics,531,1188,92564,91377,92564,src_ah_2025_score_segments
2025,AH,physics,530,1265,93829,92565,93829,src_ah_2025_score_segments
2025,AH,physics,529,1237,95066,93830,95066,src_ah_2025_score_segments
2025,AH,physics,528,1267,96333,95067,96333,src_ah_2025_score_segments
2025,AH,physics,527,1343,97676,96334,97676,src_ah_2025_score_segments
2025,AH,physics,526,1237,98913,97677,98913,src_ah_2025_score_segments
2025,AH,physics,525,1242,100155,98914,100155,src_ah_2025_score_segments
2025,AH,physics,524,1322,101477,100156,101477,src_ah_2025_score_segments
2025,AH,physics,523,1314,102791,101478,102791,src_ah_2025_score_segments
2025,AH,physics,522,1274,104065,102792,104065,src_ah_2025_score_segments
2025,AH,physics,521,1314,105379,104066,105379,src_ah_2025_score_segments
2025,AH,physics,520,1317,106696,105380,106696,src_ah_2025_score_segments
2025,AH,physics,519,1340,108036,106697,108036,src_ah_2025_score_segments
2025,AH,physics,518,1391,109427,108037,109427,src_ah_2025_score_segments
2025,AH,physics,517,1344,110771,109428,110771,src_ah_2025_score_segments
2025,AH,physics,516,1369,112140,110772,112140,src_ah_2025_score_segments
2025,AH,physics,515,1405,113545,112141,113545,src_ah_2025_score_segments
2025,AH,physics,514,1383,114928,113546,114928,src_ah_2025_score_segments
2025,AH,physics,513,1425,116353,114929,116353,src_ah_2025_score_segments
2025,AH,physics,512,1390,117743,116354,117743,src_ah_2025_score_segments
2025,AH,physics,511,1367,119110,117744,119110,src_ah_2025_score_segments
2025,AH,physics,510,1365,120475,119111,120475,src_ah_2025_score_segments
2025,AH,physics,509,1363,121838,120476,121838,src_ah_2025_score_segments
2025,AH,physics,508,1499,123337,121839,123337,src_ah_2025_score_segments
2025,AH,physics,507,1492,124829,123338,124829,src_ah_2025_score_segments
2025,AH,physics,506,1473,126302,124830,126302,src_ah_2025_score_segments
2025,AH,physics,505,1450,127752,126303,127752,src_ah_2025_score_segments
2025,AH,physics,504,1430,129182,127753,129182,src_ah_2025_score_segments
2025,AH,physics,503,1450,130632,129183,130632,src_ah_2025_score_segments
2025,AH,physics,502,1487,132119,130633,132119,src_ah_2025_score_segments
2025,AH,physics,501,1456,133575,132120,133575,src_ah_2025_score_segments
2025,AH,physics,500,1475,135050,133576,135050,src_ah_2025_score_segments
2025,AH,physics,499,1456,136506,135051,136506,src_ah_2025_score_segments
2025,AH,physics,498,1392,137898,136507,137898,src_ah_2025_score_segments
2025,AH,physics,497,1571,139469,137899,139469,src_ah_2025_score_segments
2025,AH,physics,496,1516,140985,139470,140985,src_ah_2025_score_segments
2025,AH,physics,495,1441,142426,140986,142426,src_ah_2025_score_segments
2025,AH,physics,494,1511,143937,142427,143937,src_ah_2025_score_segments
2025,AH,physics,493,1489,145426,143938,145426,src_ah_2025_score_segments
2025,AH,physics,492,1477,146903,145427,146903,src_ah_2025_score_segments
2025,AH,physics,491,1452,148355,146904,148355,src_ah_2025_score_segments
2025,AH,physics,490,1461,149816,148356,149816,src_ah_2025_score_segments
2025,AH,physics,489,1542,151358,149817,151358,src_ah_2025_score_segments
2025,AH,physics,488,1488,152846,151359,152846,src_ah_2025_score_segments
2025,AH,physics,487,1423,154269,152847,154269,src_ah_2025_score_segments
2025,AH,physics,486,1538,155807,154270,155807,src_ah_2025_score_segments
2025,AH,physics,485,1469,157276,155808,157276,src_ah_2025_score_segments
2025,AH,physics,484,1522,158798,157277,158798,src_ah_2025_score_segments
2025,AH,physics,483,1474,160272,158799,160272,src_ah_2025_score_segments
2025,AH,physics,482,1461,161733,160273,161733,src_ah_2025_score_segments
2025,AH,physics,481,1468,163201,161734,163201,src_ah_2025_score_segments
2025,AH,physics,480,1446,164647,163202,164647,src_ah_2025_score_segments
2025,AH,physics,479,1405,166052,164648,166052,src_ah_2025_score_segments
2025,AH,physics,478,1414,167466,166053,167466,src_ah_2025_score_segments
2025,AH,physics,477,1405,168871,167467,168871,src_ah_2025_score_segments
2025,AH,physics,476,1429,170300,168872,170300,src_ah_2025_score_segments
2025,AH,physics,475,1478,171778,170301,171778,src_ah_2025_score_segments
2025,AH,physics,474,1477,173255,171779,173255,src_ah_2025_score_segments
2025,AH,physics,473,1411,174666,173256,174666,src_ah_2025_score_segments
2025,AH,physics,472,1516,176182,174667,176182,src_ah_2025_score_segments
2025,AH,physics,471,1415,177597,176183,177597,src_ah_2025_score_segments
2025,AH,physics,470,1435,179032,177598,179032,src_ah_2025_score_segments
2025,AH,physics,469,1410,180442,179033,180442,src_ah_2025_score_segments
2025,AH,physics,468,1354,181796,180443,181796,src_ah_2025_score_segments
2025,AH,physics,467,1411,183207,181797,183207,src_ah_2025_score_segments
2025,AH,physics,466,1409,184616,183208,184616,src_ah_2025_score_segments
2025,AH,physics,465,1361,185977,184617,185977,src_ah_2025_score_segments
2025,AH,physics,464,1348,187325,185978,187325,src_ah_2025_score_segments
2025,AH,physics,463,1333,188658,187326,188658,src_ah_2025_score_segments
2025,AH,physics,462,1319,189977,188659,189977,src_ah_2025_score_segments
2025,AH,physics,461,1439,191416,189978,191416,src_ah_2025_score_segments
2025,AH,physics,460,1350,192766,191417,192766,src_ah_2025_score_segments
2025,AH,physics,459,1362,194128,192767,194128,src_ah_2025_score_segments
2025,AH,physics,458,1368,195496,194129,195496,src_ah_2025_score_segments
2025,AH,physics,457,1245,196741,195497,196741,src_ah_2025_score_segments
2025,AH,physics,456,1249,197990,196742,197990,src_ah_2025_score_segments
2025,AH,physics,455,1331,199321,197991,199321,src_ah_2025_score_segments
2025,AH,physics,454,1330,200651,199322,200651,src_ah_2025_score_segments
2025,AH,physics,453,1286,201937,200652,201937,src_ah_2025_score_segments
2025,AH,physics,452,1256,203193,201938,203193,src_ah_2025_score_segments
2025,AH,physics,451,1257,204450,203194,204450,src_ah_2025_score_segments
2025,AH,physics,450,1254,205704,204451,205704,src_ah_2025_score_segments
2025,AH,physics,449,1325,207029,205705,207029,src_ah_2025_score_segments
2025,AH,physics,448,1262,208291,207030,208291,src_ah_2025_score_segments
2025,AH,physics,447,1196,209487,208292,209487,src_ah_2025_score_segments
2025,AH,physics,446,1242,210729,209488,210729,src_ah_2025_score_segments
2025,AH,physics,445,1243,211972,210730,211972,src_ah_2025_score_segments
2025,AH,physics,444,1250,213222,211973,213222,src_ah_2025_score_segments
2025,AH,physics,443,1173,214395,213223,214395,src_ah_2025_score_segments
2025,AH,physics,442,1191,215586,214396,215586,src_ah_2025_score_segments
2025,AH,physics,441,1223,216809,215587,216809,src_ah_2025_score_segments
2025,AH,physics,440,1095,217904,216810,217904,src_ah_2025_score_segments
2025,AH,physics,439,1204,219108,217905,219108,src_ah_2025_score_segments
2025,AH,physics,438,1171,220279,219109,220279,src_ah_2025_score_segments
2025,AH,physics,437,1106,221385,220280,221385,src_ah_2025_score_segments
2025,AH,physics,436,1123,222508,221386,222508,src_ah_2025_score_segments
2025,AH,physics,435,1113,223621,222509,223621,src_ah_2025_score_segments
2025,AH,physics,434,1136,224757,223622,224757,src_ah_2025_score_segments
2025,AH,physics,433,1111,225868,224758,225868,src_ah_2025_score_segments
2025,AH,physics,432,1080,226948,225869,226948,src_ah_2025_score_segments
2025,AH,physics,431,1100,228048,226949,228048,src_ah_2025_score_segments
2025,AH,physics,430,1076,229124,228049,229124,src_ah_2025_score_segments
2025,AH,physics,429,1115,230239,229125,230239,src_ah_2025_score_segments
2025,AH,physics,428,1089,231328,230240,231328,src_ah_2025_score_segments
2025,AH,physics,427,1079,232407,231329,232407,src_ah_2025_score_segments
2025,AH,physics,426,1051,233458,232408,233458,src_ah_2025_score_segments
2025,AH,physics,425,1054,234512,233459,234512,src_ah_2025_score_segments
2025,AH,physics,424,1058,235570,234513,235570,src_ah_2025_score_segments
2025,AH,physics,423,1041,236611,235571,236611,src_ah_2025_score_segments
2025,AH,physics,422,998,237609,236612,237609,src_ah_2025_score_segments
2025,AH,physics,421,999,238608,237610,238608,src_ah_2025_score_segments
2025,AH,physics,420,950,239558,238609,239558,src_ah_2025_score_segments
2025,AH,physics,419,947,240505,239559,240505,src_ah_2025_score_segments
2025,AH,physics,418,961,241466,240506,241466,src_ah_2025_score_segments
2025,AH,physics,417,984,242450,241467,242450,src_ah_2025_score_segments
2025,AH,physics,416,966,243416,242451,243416,src_ah_2025_score_segments
2025,AH,physics,415,935,244351,243417,244351,src_ah_2025_score_segments
2025,AH,physics,414,915,245266,244352,245266,src_ah_2025_score_segments
2025,AH,physics,413,920,246186,245267,246186,src_ah_2025_score_segments
2025,AH,physics,412,955,247141,246187,247141,src_ah_2025_score_segments
2025,AH,physics,411,868,248009,247142,248009,src_ah_2025_score_segments
2025,AH,physics,410,907,248916,248010,248916,src_ah_2025_score_segments
2025,AH,physics,409,883,249799,248917,249799,src_ah_2025_score_segments
2025,AH,physics,408,878,250677,249800,250677,src_ah_2025_score_segments
2025,AH,physics,407,916,251593,250678,251593,src_ah_2025_score_segments
2025,AH,physics,406,867,252460,251594,252460,src_ah_2025_score_segments
2025,AH,physics,405,890,253350,252461,253350,src_ah_2025_score_segments
2025,AH,physics,404,863,254213,253351,254213,src_ah_2025_score_segments
2025,AH,physics,403,837,255050,254214,255050,src_ah_2025_score_segments
2025,AH,physics,402,828,255878,255051,255878,src_ah_2025_score_segments
2025,AH,physics,401,823,256701,255879,256701,src_ah_2025_score_segments
2025,AH,physics,400,847,257548,256702,257548,src_ah_2025_score_segments
2025,AH,physics,399,779,258327,257549,258327,src_ah_2025_score_segments
2025,AH,physics,398,828,259155,258328,259155,src_ah_2025_score_segments
2025,AH,physics,397,817,259972,259156,259972,src_ah_2025_score_segments
2025,AH,physics,396,859,260831,259973,260831,src_ah_2025_score_segments
2025,AH,physics,395,808,261639,260832,261639,src_ah_2025_score_segments
2025,AH,physics,394,759,262398,261640,262398,src_ah_2025_score_segments
2025,AH,physics,393,757,263155,262399,263155,src_ah_2025_score_segments
2025,AH,physics,392,764,263919,263156,263919,src_ah_2025_score_segments
2025,AH,physics,391,767,264686,263920,264686,src_ah_2025_score_segments
2025,AH,physics,390,715,265401,264687,265401,src_ah_2025_score_segments
2025,AH,physics,389,762,266163,265402,266163,src_ah_2025_score_segments
2025,AH,physics,388,705,266868,266164,266868,src_ah_2025_score_segments
2025,AH,physics,387,695,267563,266869,267563,src_ah_2025_score_segments
2025,AH,physics,386,728,268291,267564,268291,src_ah_2025_score_segments
2025,AH,physics,385,721,269012,268292,269012,src_ah_2025_score_segments
2025,AH,physics,384,712,269724,269013,269724,src_ah_2025_score_segments
2025,AH,physics,383,677,270401,269725,270401,src_ah_2025_score_segments
2025,AH,physics,382,690,271091,270402,271091,src_ah_2025_score_segments
2025,AH,physics,381,700,271791,271092,271791,src_ah_2025_score_segments
2025,AH,physics,380,654,272445,271792,272445,src_ah_2025_score_segments
2025,AH,physics,379,688,273133,272446,273133,src_ah_2025_score_segments
2025,AH,physics,378,701,273834,273134,273834,src_ah_2025_score_segments
2025,AH,physics,377,672,274506,273835,274506,src_ah_2025_score_segments
2025,AH,physics,376,635,275141,274507,275141,src_ah_2025_score_segments
2025,AH,physics,375,694,275835,275142,275835,src_ah_2025_score_segments
2025,AH,physics,374,647,276482,275836,276482,src_ah_2025_score_segments
2025,AH,physics,373,659,277141,276483,277141,src_ah_2025_score_segments
2025,AH,physics,372,655,277796,277142,277796,src_ah_2025_score_segments
2025,AH,physics,371,623,278419,277797,278419,src_ah_2025_score_segments
2025,AH,physics,370,661,279080,278420,279080,src_ah_2025_score_segments
2025,AH,physics,369,647,279727,279081,279727,src_ah_2025_score_segments
2025,AH,physics,368,657,280384,279728,280384,src_ah_2025_score_segments
2025,AH,physics,367,629,281013,280385,281013,src_ah_2025_score_segments
2025,AH,physics,366,564,281577,281014,281577,src_ah_2025_score_segments
2025,AH,physics,365,623,282200,281578,282200,src_ah_2025_score_segments
2025,AH,physics,364,600,282800,282201,282800,src_ah_2025_score_segments
2025,AH,physics,363,551,283351,282801,283351,src_ah_2025_score_segments
2025,AH,physics,362,599,283950,283352,283950,src_ah_2025_score_segments
2025,AH,physics,361,564,284514,283951,284514,src_ah_2025_score_segments
2025,AH,physics,360,577,285091,284515,285091,src_ah_2025_score_segments
2025,AH,physics,359,556,285647,285092,285647,src_ah_2025_score_segments
2025,AH,physics,358,494,286141,285648,286141,src_ah_2025_score_segments
2025,AH,physics,357,573,286714,286142,286714,src_ah_2025_score_segments
2025,AH,physics,356,579,287293,286715,287293,src_ah_2025_score_segments
2025,AH,physics,355,523,287816,287294,287816,src_ah_2025_score_segments
2025,AH,physics,354,509,288325,287817,288325,src_ah_2025_score_segments
2025,AH,physics,353,518,288843,288326,288843,src_ah_2025_score_segments
2025,AH,physics,352,515,289358,288844,289358,src_ah_2025_score_segments
2025,AH,physics,351,481,289839,289359,289839,src_ah_2025_score_segments
2025,AH,physics,350,454,290293,289840,290293,src_ah_2025_score_segments
2025,AH,physics,349,460,290753,290294,290753,src_ah_2025_score_segments
2025,AH,physics,348,475,291228,290754,291228,src_ah_2025_score_segments
2025,AH,physics,347,476,291704,291229,291704,src_ah_2025_score_segments
2025,AH,physics,346,451,292155,291705,292155,src_ah_2025_score_segments
2025,AH,physics,345,503,292658,292156,292658,src_ah_2025_score_segments
2025,AH,physics,344,439,293097,292659,293097,src_ah_2025_score_segments
2025,AH,physics,343,448,293545,293098,293545,src_ah_2025_score_segments
2025,AH,physics,342,453,293998,293546,293998,src_ah_2025_score_segments
2025,AH,physics,341,469,294467,293999,294467,src_ah_2025_score_segments
2025,AH,physics,340,456,294923,294468,294923,src_ah_2025_score_segments
2025,AH,physics,339,426,295349,294924,295349,src_ah_2025_score_segments
2025,AH,physics,338,398,295747,295350,295747,src_ah_2025_score_segments
2025,AH,physics,337,425,296172,295748,296172,src_ah_2025_score_segments
2025,AH,physics,336,384,296556,296173,296556,src_ah_2025_score_segments
2025,AH,physics,335,412,296968,296557,296968,src_ah_2025_score_segments
2025,AH,physics,334,404,297372,296969,297372,src_ah_2025_score_segments
2025,AH,physics,333,423,297795,297373,297795,src_ah_2025_score_segments
2025,AH,physics,332,381,298176,297796,298176,src_ah_2025_score_segments
2025,AH,physics,331,371,298547,298177,298547,src_ah_2025_score_segments
2025,AH,physics,330,393,298940,298548,298940,src_ah_2025_score_segments
2025,AH,physics,329,401,299341,298941,299341,src_ah_2025_score_segments
2025,AH,physics,328,392,299733,299342,299733,src_ah_2025_score_segments
2025,AH,physics,327,363,300096,299734,300096,src_ah_2025_score_segments
2025,AH,physics,326,354,300450,300097,300450,src_ah_2025_score_segments
2025,AH,physics,325,372,300822,300451,300822,src_ah_2025_score_segments
2025,AH,physics,324,391,301213,300823,301213,src_ah_2025_score_segments
2025,AH,physics,323,345,301558,301214,301558,src_ah_2025_score_segments
2025,AH,physics,322,358,301916,301559,301916,src_ah_2025_score_segments
2025,AH,physics,321,327,302243,301917,302243,src_ah_2025_score_segments
2025,AH,physics,320,327,302570,302244,302570,src_ah_2025_score_segments
2025,AH,physics,319,342,302912,302571,302912,src_ah_2025_score_segments
2025,AH,physics,318,334,303246,302913,303246,src_ah_2025_score_segments
2025,AH,physics,317,312,303558,303247,303558,src_ah_2025_score_segments
2025,AH,physics,316,336,303894,303559,303894,src_ah_2025_score_segments
2025,AH,physics,315,299,304193,303895,304193,src_ah_2025_score_segments
2025,AH,physics,314,351,304544,304194,304544,src_ah_2025_score_segments
2025,AH,physics,313,324,304868,304545,304868,src_ah_2025_score_segments
2025,AH,physics,312,328,305196,304869,305196,src_ah_2025_score_segments
2025,AH,physics,311,276,305472,305197,305472,src_ah_2025_score_segments
2025,AH,physics,310,314,305786,305473,305786,src_ah_2025_score_segments
2025,AH,physics,309,289,306075,305787,306075,src_ah_2025_score_segments
2025,AH,physics,308,293,306368,306076,306368,src_ah_2025_score_segments
2025,AH,physics,307,294,306662,306369,306662,src_ah_2025_score_segments
2025,AH,physics,306,252,306914,306663,306914,src_ah_2025_score_segments
2025,AH,physics,305,276,307190,306915,307190,src_ah_2025_score_segments
2025,AH,physics,304,302,307492,307191,307492,src_ah_2025_score_segments
2025,AH,physics,303,257,307749,307493,307749,src_ah_2025_score_segments
2025,AH,physics,302,283,308032,307750,308032,src_ah_2025_score_segments
2025,AH,physics,301,261,308293,308033,308293,src_ah_2025_score_segments
2025,AH,physics,300,257,308550,308294,308550,src_ah_2025_score_segments
2025,AH,physics,299,276,308826,308551,308826,src_ah_2025_score_segments
2025,AH,physics,298,304,309130,308827,309130,src_ah_2025_score_segments
2025,AH,physics,297,234,309364,309131,309364,src_ah_2025_score_segments
2025,AH,physics,296,223,309587,309365,309587,src_ah_2025_score_segments
2025,AH,physics,295,245,309832,309588,309832,src_ah_2025_score_segments
2025,AH,physics,294,227,310059,309833,310059,src_ah_2025_score_segments
2025,AH,physics,293,241,310300,310060,310300,src_ah_2025_score_segments
2025,AH,physics,292,249,310549,310301,310549,src_ah_2025_score_segments
2025,AH,physics,291,232,310781,310550,310781,src_ah_2025_score_segments
2025,AH,physics,290,250,311031,310782,311031,src_ah_2025_score_segments
2025,AH,physics,289,234,311265,311032,311265,src_ah_2025_score_segments
2025,AH,physics,288,224,311489,311266,311489,src_ah_2025_score_segments
2025,AH,physics,287,199,311688,311490,311688,src_ah_2025_score_segments
2025,AH,physics,286,221,311909,311689,311909,src_ah_2025_score_segments
2025,AH,physics,285,219,312128,311910,312128,src_ah_2025_score_segments
2025,AH,physics,284,196,312324,312129,312324,src_ah_2025_score_segments
2025,AH,physics,283,197,312521,312325,312521,src_ah_2025_score_segments
2025,AH,physics,282,216,312737,312522,312737,src_ah_2025_score_segments
2025,AH,physics,281,213,312950,312738,312950,src_ah_2025_score_segments
2025,AH,physics,280,222,313172,312951,313172,src_ah_2025_score_segments
2025,AH,physics,279,209,313381,313173,313381,src_ah_2025_score_segments
2025,AH,physics,278,191,313572,313382,313572,src_ah_2025_score_segments
2025,AH,physics,277,173,313745,313573,313745,src_ah_2025_score_segments
2025,AH,physics,276,188,313933,313746,313933,src_ah_2025_score_segments
2025,AH,physics,275,177,314110,313934,314110,src_ah_2025_score_segments
2025,AH,physics,274,194,314304,314111,314304,src_ah_2025_score_segments
2025,AH,physics,273,154,314458,314305,314458,src_ah_2025_score_segments
2025,AH,physics,272,169,314627,314459,314627,src_ah_2025_score_segments
2025,AH,physics,271,150,314777,314628,314777,src_ah_2025_score_segments
2025,AH,physics,270,145,314922,314778,314922,src_ah_2025_score_segments
2025,AH,physics,269,156,315078,314923,315078,src_ah_2025_score_segments
2025,AH,physics,268,158,315236,315079,315236,src_ah_2025_score_segments
2025,AH,physics,267,172,315408,315237,315408,src_ah_2025_score_segments
2025,AH,physics,266,156,315564,315409,315564,src_ah_2025_score_segments
2025,AH,physics,265,155,315719,315565,315719,src_ah_2025_score_segments
2025,AH,physics,264,132,315851,315720,315851,src_ah_2025_score_segments
2025,AH,physics,263,155,316006,315852,316006,src_ah_2025_score_segments
2025,AH,physics,262,144,316150,316007,316150,src_ah_2025_score_segments
2025,AH,physics,261,150,316300,316151,316300,src_ah_2025_score_segments
2025,AH,physics,260,130,316430,316301,316430,src_ah_2025_score_segments
2025,AH,physics,259,128,316558,316431,316558,src_ah_2025_score_segments
2025,AH,physics,258,119,316677,316559,316677,src_ah_2025_score_segments
2025,AH,physics,257,151,316828,316678,316828,src_ah_2025_score_segments
2025,AH,physics,256,145,316973,316829,316973,src_ah_2025_score_segments
2025,AH,physics,255,121,317094,316974,317094,src_ah_2025_score_segments
2025,AH,physics,254,121,317215,317095,317215,src_ah_2025_score_segments
2025,AH,physics,253,124,317339,317216,317339,src_ah_2025_score_segments
2025,AH,physics,252,99,317438,317340,317438,src_ah_2025_score_segments
2025,AH,physics,251,119,317557,317439,317557,src_ah_2025_score_segments
2025,AH,physics,250,121,317678,317558,317678,src_ah_2025_score_segments
2025,AH,physics,249,103,317781,317679,317781,src_ah_2025_score_segments
2025,AH,physics,248,102,317883,317782,317883,src_ah_2025_score_segments
2025,AH,physics,247,112,317995,317884,317995,src_ah_2025_score_segments
2025,AH,physics,246,96,318091,317996,318091,src_ah_2025_score_segments
2025,AH,physics,245,95,318186,318092,318186,src_ah_2025_score_segments
2025,AH,physics,244,85,318271,318187,318271,src_ah_2025_score_segments
2025,AH,physics,243,92,318363,318272,318363,src_ah_2025_score_segments
2025,AH,physics,242,93,318456,318364,318456,src_ah_2025_score_segments
2025,AH,physics,241,89,318545,318457,318545,src_ah_2025_score_segments
2025,AH,physics,240,100,318645,318546,318645,src_ah_2025_score_segments
2025,AH,physics,239,90,318735,318646,318735,src_ah_2025_score_segments
2025,AH,physics,238,88,318823,318736,318823,src_ah_2025_score_segments
2025,AH,physics,237,76,318899,318824,318899,src_ah_2025_score_segments
2025,AH,physics,236,66,318965,318900,318965,src_ah_2025_score_segments
2025,AH,physics,235,76,319041,318966,319041,src_ah_2025_score_segments
2025,AH,physics,234,68,319109,319042,319109,src_ah_2025_score_segments
2025,AH,physics,233,68,319177,319110,319177,src_ah_2025_score_segments
2025,AH,physics,232,75,319252,319178,319252,src_ah_2025_score_segments
2025,AH,physics,231,65,319317,319253,319317,src_ah_2025_score_segments
2025,AH,physics,230,72,319389,319318,319389,src_ah_2025_score_segments
2025,AH,physics,229,66,319455,319390,319455,src_ah_2025_score_segments
2025,AH,physics,228,54,319509,319456,319509,src_ah_2025_score_segments
2025,AH,physics,227,84,319593,319510,319593,src_ah_2025_score_segments
2025,AH,physics,226,76,319669,319594,319669,src_ah_2025_score_segments
2025,AH,physics,225,65,319734,319670,319734,src_ah_2025_score_segments
2025,AH,physics,224,62,319796,319735,319796,src_ah_2025_score_segments
2025,AH,physics,223,58,319854,319797,319854,src_ah_2025_score_segments
2025,AH,physics,222,56,319910,319855,319910,src_ah_2025_score_segments
2025,AH,physics,221,41,319951,319911,319951,src_ah_2025_score_segments
2025,AH,physics,220,59,320010,319952,320010,src_ah_2025_score_segments
2025,AH,physics,219,56,320066,320011,320066,src_ah_2025_score_segments
2025,AH,physics,218,54,320120,320067,320120,src_ah_2025_score_segments
2025,AH,physics,217,49,320169,320121,320169,src_ah_2025_score_segments
2025,AH,physics,216,47,320216,320170,320216,src_ah_2025_score_segments
2025,AH,physics,215,42,320258,320217,320258,src_ah_2025_score_segments
2025,AH,physics,214,35,320293,320259,320293,src_ah_2025_score_segments
2025,AH,physics,213,46,320339,320294,320339,src_ah_2025_score_segments
2025,AH,physics,212,48,320387,320340,320387,src_ah_2025_score_segments
2025,AH,physics,211,42,320429,320388,320429,src_ah_2025_score_segments
2025,AH,physics,210,33,320462,320430,320462,src_ah_2025_score_segments
2025,AH,physics,209,46,320508,320463,320508,src_ah_2025_score_segments
2025,AH,physics,208,27,320535,320509,320535,src_ah_2025_score_segments
2025,AH,physics,207,38,320573,320536,320573,src_ah_2025_score_segments
2025,AH,physics,206,26,320599,320574,320599,src_ah_2025_score_segments
2025,AH,physics,205,40,320639,320600,320639,src_ah_2025_score_segments
2025,AH,physics,204,30,320669,320640,320669,src_ah_2025_score_segments
2025,AH,physics,203,32,320701,320670,320701,src_ah_2025_score_segments
2025,AH,physics,202,25,320726,320702,320726,src_ah_2025_score_segments
2025,AH,physics,201,24,320750,320727,320750,src_ah_2025_score_segments
2025,AH,physics,200,29,320779,320751,320779,src_ah_2025_score_segments
